activity_id,account_id,contact_id,company_name,first_name,last_name,activity_type,channel,direction,activity_date,owner,related_deal_id,related_signal_id,related_campaign_id,outcome,summary
act_0001,acc_037,con_0407,Redwoodline Digital,Sophia,Smith,email_sent,email,outbound,2026-05-08,samira.lee,,,,no_response,
act_0002,acc_012,con_0125,Deltaforge Commerce,Arthur,Goossens,email_sent,email,outbound,2026-05-16,oliver.bennett,,,,no_response,
act_0003,acc_037,con_0407,Redwoodline Digital,Sophia,Smith,email_sent,email,outbound,2026-05-17,samira.lee,,,,no_response,
act_0004,acc_072,con_0797,Solstice Advisory,Eoin,O'Brien,email_sent,email,outbound,2026-05-17,thomas.chen,,,,sent,
act_0005,acc_077,con_0850,Copperleaf Mobility,Carmen,Díaz,email_sent,email,outbound,2026-05-19,samira.lee,,,,no_response,
act_0006,acc_018,con_0196,Meadowcrest Energy,Mateo,Gómez,email_sent,email,outbound,2026-05-21,priya.nair,,,,no_response,
act_0007,acc_058,con_0637,Summitline Labs,Leon,Fischer,email_sent,email,outbound,2026-05-21,thomas.chen,,,,no_response,
act_0008,acc_072,con_0797,Solstice Advisory,Eoin,O'Brien,email_opened,email,outbound,2026-05-21,thomas.chen,,,,no_response,
act_0009,acc_012,con_0125,Deltaforge Commerce,Arthur,Goossens,email_sent,email,outbound,2026-05-22,oliver.bennett,,,,no_response,
act_0010,acc_035,con_0382,Noviant Cloud,Clodagh,Lynch,email_sent,email,outbound,2026-05-22,oliver.bennett,,,,no_response,
act_0011,acc_045,con_0496,Deltaforge Mobility,Ryan,Lim,email_sent,email,outbound,2026-05-25,alex.morgan,,,,no_response,
act_0012,acc_028,con_0302,Willowgate Commerce,Tobias,Wallner,email_sent,email,outbound,2026-05-26,oliver.bennett,,,,no_response,
act_0013,acc_043,con_0479,Bluehaven Collective,Jan,Piotrowski,email_sent,email,outbound,2026-05-27,samira.lee,,,,no_response,
act_0014,acc_012,con_0124,Deltaforge Commerce,Camille,Dupont,email_sent,email,outbound,2026-05-28,alex.morgan,,,,no_response,
act_0015,acc_035,con_0382,Noviant Cloud,Clodagh,Lynch,email_sent,email,outbound,2026-05-28,oliver.bennett,,,,no_response,
act_0016,acc_077,con_0850,Copperleaf Mobility,Carmen,Díaz,email_sent,email,outbound,2026-05-28,samira.lee,,,,no_response,
act_0017,acc_003,con_0037,Morrow Mobility,Sophie,Wolf,email_sent,email,outbound,2026-05-29,samira.lee,,,,no_response,
act_0018,acc_010,con_0107,Bluehaven Labs,Hannah,Hoffmann,email_sent,email,outbound,2026-05-30,thomas.chen,,,,no_response,
act_0019,acc_018,con_0196,Meadowcrest Energy,Mateo,Gómez,email_sent,email,outbound,2026-05-30,priya.nair,,,,no_response,
act_0020,acc_058,con_0637,Summitline Labs,Leon,Fischer,email_sent,email,outbound,2026-05-30,thomas.chen,,,,no_response,
act_0021,acc_006,con_0063,Meadowbridge Health,Lars,Bos,email_sent,email,outbound,2026-05-31,priya.nair,,,,no_response,
act_0022,acc_069,con_0763,Oakridge Digital,Lukas,Müller,email_sent,email,outbound,2026-05-31,samira.lee,,,,sent,
act_0023,acc_002,con_0027,Harborline Systems,Jack,Edwards,email_sent,email,outbound,2026-06-01,alex.morgan,,,,no_response,
act_0024,acc_048,con_0523,Graniteway Networks,Chiara,Esposito,email_sent,email,outbound,2026-06-01,alex.morgan,,,,sent,
act_0025,acc_087,con_0966,Pinebridge Health,Sofia,Costa,email_sent,email,outbound,2026-06-01,oliver.bennett,,,,no_response,
act_0026,acc_063,con_0700,Brightpath Works,Davide,Romano,email_sent,email,outbound,2026-06-03,thomas.chen,,,,sent,
act_0027,acc_069,con_0763,Oakridge Digital,Lukas,Müller,email_opened,email,outbound,2026-06-03,samira.lee,,,,opened,
act_0028,acc_005,con_0055,Brightforge Manufacturing,Élodie,Robert,email_sent,email,outbound,2026-06-04,thomas.chen,,,,sent,
act_0029,acc_027,con_0292,Vantagefield Collective,Zoé,Jacobs,email_sent,email,outbound,2026-06-04,samira.lee,,,,sent,
act_0030,acc_041,con_0453,Yarrow Analytics,Sofia,Mancini,email_sent,email,outbound,2026-06-04,samira.lee,,,,no_response,
act_0031,acc_048,con_0523,Graniteway Networks,Chiara,Esposito,email_opened,email,outbound,2026-06-04,alex.morgan,,,,opened,
act_0032,acc_056,con_0613,Riverstone Advisory,Mees,Peters,email_sent,email,outbound,2026-06-04,priya.nair,,,,sent,
act_0033,acc_063,con_0699,Brightpath Works,Lorenzo,Conti,email_sent,email,outbound,2026-06-04,oliver.bennett,,,,no_response,
act_0034,acc_064,con_0710,Cedarpoint Networks,Elise,Simon,email_sent,email,outbound,2026-06-04,thomas.chen,,,,no_response,
act_0035,acc_013,con_0135,Emberfield Mobility,Carolina,Oliveira,email_sent,email,outbound,2026-06-05,samira.lee,,,,no_response,
act_0036,acc_074,con_0815,Yarrow Labs,Harper,Davis,email_sent,email,outbound,2026-06-05,priya.nair,,,,no_response,
act_0037,acc_087,con_0958,Pinebridge Health,Carolina,Santos,email_sent,email,outbound,2026-06-05,samira.lee,,,,sent,
act_0038,acc_056,con_0613,Riverstone Advisory,Mees,Peters,email_opened,email,outbound,2026-06-06,priya.nair,,,,opened,
act_0039,acc_069,con_0763,Oakridge Digital,Lukas,Müller,email_replied,email,inbound,2026-06-06,samira.lee,,,,replied_neutral,
act_0040,acc_073,con_0807,Westmere Analytics,Emil,Hansen,email_sent,email,outbound,2026-06-06,priya.nair,,,,no_response,
act_0041,acc_026,con_0284,Terravale Labs,Valentina,Conti,email_sent,email,outbound,2026-06-07,thomas.chen,,,,no_response,
act_0042,acc_048,con_0523,Graniteway Networks,Chiara,Esposito,email_replied,email,inbound,2026-06-07,alex.morgan,,,,replied_neutral,
act_0043,acc_063,con_0700,Brightpath Works,Davide,Romano,email_opened,email,outbound,2026-06-07,thomas.chen,,,,no_response,
act_0044,acc_002,con_0029,Harborline Systems,Oliver,Brown,email_sent,email,outbound,2026-06-08,alex.morgan,,,,sent,
act_0045,acc_005,con_0055,Brightforge Manufacturing,Élodie,Robert,email_opened,email,outbound,2026-06-08,thomas.chen,,,,no_response,
act_0046,acc_016,con_0171,Juniperlane Networks,Chloé,David,email_sent,email,outbound,2026-06-08,alex.morgan,deal_030,,,no_response,
act_0047,acc_027,con_0292,Vantagefield Collective,Zoé,Jacobs,email_opened,email,outbound,2026-06-08,samira.lee,,,,no_response,
act_0048,acc_040,con_0443,Westmere Advisory,Marta,Romero,email_sent,email,outbound,2026-06-08,priya.nair,,,,no_response,
act_0049,acc_057,con_0630,Silvergrove Analytics,Agnes,Johansen,email_sent,email,outbound,2026-06-08,samira.lee,,,,sent,
act_0050,acc_075,con_0825,Asterline Collective,Mathieu,Vincent,email_sent,email,outbound,2026-06-08,oliver.bennett,,,,no_response,
act_0051,acc_006,con_0063,Meadowbridge Health,Lars,Bos,email_sent,email,outbound,2026-06-09,priya.nair,,,,no_response,
act_0052,acc_035,con_0383,Noviant Cloud,Cian,O'Connor,email_sent,email,outbound,2026-06-09,priya.nair,,,,no_response,
act_0053,acc_056,con_0613,Riverstone Advisory,Mees,Peters,email_replied,email,inbound,2026-06-09,priya.nair,,,,replied_neutral,
act_0054,acc_080,con_0887,Fableworks Networks,Szymon,Michalski,email_sent,email,outbound,2026-06-09,thomas.chen,,,,no_response,
act_0055,acc_087,con_0958,Pinebridge Health,Carolina,Santos,email_opened,email,outbound,2026-06-09,samira.lee,,,,no_response,
act_0056,acc_016,con_0171,Juniperlane Networks,Chloé,David,email_sent,email,outbound,2026-06-10,alex.morgan,deal_030,,,no_response,
act_0057,acc_068,con_0752,Noviant Systems,Louis,Simon,email_sent,email,outbound,2026-06-10,samira.lee,,,,no_response,
act_0058,acc_065,con_0719,Harborstone Industries,Lukas,Wimmer,email_sent,email,outbound,2026-06-11,priya.nair,,,,no_response,
act_0059,acc_079,con_0870,Emberfield Works,Ella,Hansson,email_sent,email,outbound,2026-06-11,samira.lee,,,,sent,
act_0060,acc_002,con_0029,Harborline Systems,Oliver,Brown,email_opened,email,outbound,2026-06-12,alex.morgan,,,,no_response,
act_0061,acc_011,con_0118,Copperleaf Collective,Chiara,Costa,email_sent,email,outbound,2026-06-12,thomas.chen,,,,no_response,
act_0062,acc_021,con_0232,Pinebridge Digital,Nico,Fischer,email_sent,email,outbound,2026-06-12,alex.morgan,,,,no_response,
act_0063,acc_057,con_0630,Silvergrove Analytics,Agnes,Johansen,email_opened,email,outbound,2026-06-12,samira.lee,,,,no_response,
act_0064,acc_071,con_0790,Skyward Health,Sem,Peters,email_sent,email,outbound,2026-06-12,samira.lee,,,,no_response,
act_0065,acc_002,con_0028,Harborline Systems,Isla,Johnson,email_sent,email,outbound,2026-06-13,oliver.bennett,,,,no_response,
act_0066,acc_050,con_0550,Latticepoint Energy,Leonor,Carvalho,email_sent,email,outbound,2026-06-13,thomas.chen,,,,no_response,
act_0067,acc_064,con_0710,Cedarpoint Networks,Elise,Simon,email_sent,email,outbound,2026-06-13,thomas.chen,,,,no_response,
act_0068,acc_050,con_0549,Latticepoint Energy,Afonso,Costa,email_sent,email,outbound,2026-06-14,thomas.chen,,,,sent,
act_0069,acc_075,con_0832,Asterline Collective,Baptiste,Moreau,email_sent,email,outbound,2026-06-15,oliver.bennett,,,,no_response,
act_0070,acc_079,con_0870,Emberfield Works,Ella,Hansson,email_opened,email,outbound,2026-06-15,samira.lee,,,,no_response,
act_0071,acc_026,con_0284,Terravale Labs,Valentina,Conti,email_sent,email,outbound,2026-06-16,thomas.chen,,,,no_response,
act_0072,acc_054,con_0595,Pinebridge Platforms,Lily,Walker,email_sent,email,outbound,2026-06-16,thomas.chen,,,,no_response,
act_0073,acc_068,con_0754,Noviant Systems,Amélie,Bertrand,email_sent,email,outbound,2026-06-16,samira.lee,,,,no_response,
act_0074,acc_037,con_0409,Redwoodline Digital,Theodore,Miller,email_sent,email,outbound,2026-06-17,oliver.bennett,,,,no_response,
act_0075,acc_041,con_0445,Yarrow Analytics,Luca,Bruno,email_sent,email,outbound,2026-06-17,alex.morgan,,,,no_response,
act_0076,acc_032,con_0356,Harborstone Networks,Elias,Wagner,email_sent,email,outbound,2026-06-18,samira.lee,,,,sent,
act_0077,acc_035,con_0383,Noviant Cloud,Cian,O'Connor,email_sent,email,outbound,2026-06-18,priya.nair,,,,no_response,
act_0078,acc_039,con_0434,Solstice Health,Grace,Hall,email_sent,email,outbound,2026-06-18,samira.lee,,,,no_response,
act_0079,acc_040,con_0435,Westmere Advisory,Paula,Díaz,email_sent,email,outbound,2026-06-18,priya.nair,,,,no_response,
act_0080,acc_050,con_0549,Latticepoint Energy,Afonso,Costa,email_opened,email,outbound,2026-06-18,thomas.chen,,,,no_response,
act_0081,acc_026,con_0285,Terravale Labs,Luca,Romano,email_sent,email,outbound,2026-06-20,alex.morgan,,,,no_response,
act_0082,acc_051,con_0561,Meadowcrest Cloud,Sofia,Korhonen,email_sent,email,outbound,2026-06-20,samira.lee,,,,sent,
act_0083,acc_052,con_0577,Northstar Systems,Mia,Wilson,email_sent,email,outbound,2026-06-20,alex.morgan,,,,no_response,
act_0084,acc_058,con_0639,Summitline Labs,Alina,Wyss,email_sent,email,outbound,2026-06-20,oliver.bennett,,,,no_response,
act_0085,acc_065,con_0720,Harborstone Industries,Tobias,Steiner,email_sent,email,outbound,2026-06-20,samira.lee,,,,no_response,
act_0086,acc_067,con_0744,Mapleworks Cloud,Henry,Garcia,email_sent,email,outbound,2026-06-20,thomas.chen,,,,no_response,
act_0087,acc_004,con_0047,Cedar & Finch Advisory,Alice,Vermeulen,email_sent,email,outbound,2026-06-21,thomas.chen,,,,no_response,
act_0088,acc_011,con_0118,Copperleaf Collective,Chiara,Costa,email_sent,email,outbound,2026-06-21,thomas.chen,,,,no_response,
act_0089,acc_012,con_0126,Deltaforge Commerce,Simon,Peeters,email_sent,email,outbound,2026-06-21,thomas.chen,,,,no_response,
act_0090,acc_023,con_0248,Riverstone Health,Ava,Lee,email_sent,email,outbound,2026-06-21,oliver.bennett,,,,no_response,
act_0091,acc_046,con_0507,Emberfield Services,Louis,Durand,email_sent,email,outbound,2026-06-21,thomas.chen,,,,no_response,
act_0092,acc_057,con_0632,Silvergrove Analytics,Clara,Pedersen,email_sent,email,outbound,2026-06-21,samira.lee,,,,no_response,
act_0093,acc_082,con_0905,Juniperlane Energy,Chloe,Seah,email_sent,email,outbound,2026-06-21,priya.nair,,,,no_response,
act_0094,acc_024,con_0259,Silvergrove Advisory,Maya,Brown,email_sent,email,outbound,2026-06-22,alex.morgan,,,,sent,
act_0095,acc_032,con_0356,Harborstone Networks,Elias,Wagner,email_opened,email,outbound,2026-06-22,samira.lee,,,,no_response,
act_0096,acc_073,con_0809,Westmere Analytics,Maja,Nilsen,email_sent,email,outbound,2026-06-22,thomas.chen,,,,no_response,
act_0097,acc_021,con_0223,Pinebridge Digital,Laura,Gerber,email_sent,email,outbound,2026-06-23,oliver.bennett,,,,no_response,
act_0098,acc_047,con_0516,Fableworks Works,Felix,Meyer,email_sent,email,outbound,2026-06-23,priya.nair,,,,no_response,
act_0099,acc_052,con_0569,Northstar Systems,Benjamin,Martinez,email_sent,email,outbound,2026-06-23,priya.nair,,,,no_response,
act_0100,acc_061,con_0675,Willowgate Mobility,Arthur,Johnson,email_sent,email,outbound,2026-06-23,alex.morgan,,,,sent,
act_0101,acc_064,con_0701,Cedarpoint Networks,Noah,Dubois,email_sent,email,outbound,2026-06-23,oliver.bennett,,,,no_response,
act_0102,acc_007,con_0072,Atelier Nova,Aurora,Costa,email_sent,email,outbound,2026-06-24,priya.nair,deal_052,,,no_response,
act_0103,acc_018,con_0195,Meadowcrest Energy,Paula,Muñoz,email_sent,email,outbound,2026-06-24,priya.nair,,,,no_response,
act_0104,acc_019,con_0207,Northstar Cloud,Daan,de Groot,email_sent,email,outbound,2026-06-24,alex.morgan,,,,no_response,
act_0105,acc_039,con_0427,Solstice Health,Freya,Thomas,email_sent,email,outbound,2026-06-24,oliver.bennett,,,,no_response,
act_0106,acc_051,con_0561,Meadowcrest Cloud,Sofia,Korhonen,email_opened,email,outbound,2026-06-24,samira.lee,,,,no_response,
act_0107,acc_052,con_0568,Northstar Systems,Liam,Taylor,email_sent,email,outbound,2026-06-24,oliver.bennett,deal_054,,,no_response,
act_0108,acc_024,con_0259,Silvergrove Advisory,Maya,Brown,email_opened,email,outbound,2026-06-25,alex.morgan,,,,opened,
act_0109,acc_045,con_0498,Deltaforge Mobility,Amelia,Ho,email_sent,email,outbound,2026-06-25,priya.nair,,,,no_response,
act_0110,acc_056,con_0622,Riverstone Advisory,Lucas,de Groot,email_sent,email,outbound,2026-06-25,alex.morgan,,,,sent,
act_0111,acc_062,con_0683,Wintermere Services,Paul,Schmidt,email_sent,email,outbound,2026-06-25,alex.morgan,,,,sent,
act_0112,acc_065,con_0718,Harborstone Industries,Lena,Bauer,email_sent,email,outbound,2026-06-25,priya.nair,,,,no_response,
act_0113,acc_090,con_0994,Silvergrove Labs,Hugo,Bernard,email_sent,email,outbound,2026-06-25,samira.lee,,,,no_response,
act_0114,acc_014,con_0145,Fableworks Services,Emil,Tuominen,email_sent,email,outbound,2026-06-26,thomas.chen,,,,no_response,
act_0115,acc_041,con_0445,Yarrow Analytics,Luca,Bruno,email_sent,email,outbound,2026-06-26,alex.morgan,,,,no_response,
act_0116,acc_061,con_0675,Willowgate Mobility,Arthur,Johnson,email_opened,email,outbound,2026-06-26,alex.morgan,,,,opened,
act_0117,acc_007,con_0074,Atelier Nova,Alessandro,Russo,email_sent,email,outbound,2026-06-27,oliver.bennett,,,,no_response,
act_0118,acc_010,con_0108,Bluehaven Labs,Finn,Schneider,email_sent,email,outbound,2026-06-27,priya.nair,,,,no_response,
act_0119,acc_030,con_0331,Brightpath Services,Oliver,Wilson,email_sent,email,outbound,2026-06-27,oliver.bennett,,,,sent,
act_0120,acc_040,con_0435,Westmere Advisory,Paula,Díaz,email_sent,email,outbound,2026-06-27,priya.nair,,,,no_response,
act_0121,acc_051,con_0567,Meadowcrest Cloud,Iida,Karjalainen,email_sent,email,outbound,2026-06-27,thomas.chen,,,,no_response,
act_0122,acc_063,con_0690,Brightpath Works,Davide,Costa,email_sent,email,outbound,2026-06-27,priya.nair,,,,sent,
act_0123,acc_017,con_0180,Latticepoint Industries,George,Edwards,email_sent,email,outbound,2026-06-28,oliver.bennett,,,,no_response,
act_0124,acc_023,con_0251,Riverstone Health,Matilda,Harris,email_sent,email,outbound,2026-06-28,oliver.bennett,,,,no_response,
act_0125,acc_024,con_0259,Silvergrove Advisory,Maya,Brown,email_replied,email,inbound,2026-06-28,alex.morgan,,,,replied_neutral,
act_0126,acc_028,con_0304,Willowgate Commerce,David,Wagner,email_sent,email,outbound,2026-06-28,oliver.bennett,,,,no_response,
act_0127,acc_053,con_0579,Orbitwell Digital,Hugo,Dubois,email_sent,email,outbound,2026-06-28,oliver.bennett,,,,no_response,
act_0128,acc_057,con_0632,Silvergrove Analytics,Clara,Pedersen,email_sent,email,outbound,2026-06-28,samira.lee,,,,no_response,
act_0129,acc_077,con_0851,Copperleaf Mobility,Daniel,Sánchez,email_sent,email,outbound,2026-06-28,oliver.bennett,,,,sent,
act_0130,acc_001,con_0021,Northstar Ledger,Arthur,Lefebvre,email_sent,email,outbound,2026-06-29,oliver.bennett,,,,no_response,
act_0131,acc_026,con_0285,Terravale Labs,Luca,Romano,email_sent,email,outbound,2026-06-29,alex.morgan,,,,no_response,
act_0132,acc_056,con_0622,Riverstone Advisory,Lucas,de Groot,email_opened,email,outbound,2026-06-29,alex.morgan,,,,no_response,
act_0133,acc_061,con_0675,Willowgate Mobility,Arthur,Johnson,email_replied,email,inbound,2026-06-29,alex.morgan,,,,replied_neutral,
act_0134,acc_062,con_0683,Wintermere Services,Paul,Schmidt,email_opened,email,outbound,2026-06-29,alex.morgan,,,,no_response,
act_0135,acc_001,con_0019,Northstar Ledger,Antoine,Petit,email_sent,email,outbound,2026-06-30,alex.morgan,,,,no_response,
act_0136,acc_073,con_0809,Westmere Analytics,Maja,Nilsen,email_sent,email,outbound,2026-06-30,thomas.chen,,,,no_response,
act_0137,acc_090,con_0993,Silvergrove Labs,Inès,Durand,email_sent,email,outbound,2026-06-30,samira.lee,,,,sent,
act_0138,acc_030,con_0331,Brightpath Services,Oliver,Wilson,email_opened,email,outbound,2026-07-01,oliver.bennett,,,,no_response,
act_0139,acc_055,con_0602,Quartzline Health,Adrián,Martín,email_sent,email,outbound,2026-07-01,oliver.bennett,,,,no_response,
act_0140,acc_063,con_0690,Brightpath Works,Davide,Costa,email_opened,email,outbound,2026-07-01,priya.nair,,,,no_response,
act_0141,acc_075,con_0833,Asterline Collective,Inès,Dubois,email_sent,email,outbound,2026-07-01,alex.morgan,,,,no_response,
act_0142,acc_021,con_0223,Pinebridge Digital,Laura,Gerber,email_sent,email,outbound,2026-07-02,oliver.bennett,,,,no_response,
act_0143,acc_038,con_0417,Skyward Platforms,Antoine,David,email_sent,email,outbound,2026-07-02,thomas.chen,,,,no_response,
act_0144,acc_038,con_0420,Skyward Platforms,Camille,Garcia,email_sent,email,outbound,2026-07-02,alex.morgan,,,,no_response,
act_0145,acc_046,con_0509,Emberfield Services,Amélie,Michel,email_sent,email,outbound,2026-07-02,alex.morgan,,,,no_response,
act_0146,acc_053,con_0587,Orbitwell Digital,Baptiste,Petit,email_sent,email,outbound,2026-07-02,alex.morgan,,,,no_response,
act_0147,acc_064,con_0701,Cedarpoint Networks,Noah,Dubois,email_sent,email,outbound,2026-07-02,oliver.bennett,,,,no_response,
act_0148,acc_077,con_0851,Copperleaf Mobility,Daniel,Sánchez,email_opened,email,outbound,2026-07-02,oliver.bennett,,,,no_response,
act_0149,acc_021,con_0231,Pinebridge Digital,Alina,Zimmermann,email_sent,email,outbound,2026-07-03,samira.lee,,,,no_response,
act_0150,acc_039,con_0427,Solstice Health,Freya,Thomas,email_sent,email,outbound,2026-07-03,oliver.bennett,,,,no_response,
act_0151,acc_042,con_0456,Asterline Labs,Oscar,Jakobsson,linkedin_connection_sent,linkedin,outbound,2026-07-03,samira.lee,deal_027,,,sent,
act_0152,acc_045,con_0490,Deltaforge Mobility,Maya,Ng,email_sent,email,outbound,2026-07-03,samira.lee,,,,no_response,
act_0153,acc_074,con_0823,Yarrow Labs,Noah,Lopez,email_sent,email,outbound,2026-07-03,priya.nair,,,,sent,
act_0154,acc_079,con_0878,Emberfield Works,Nora,Magnusson,email_sent,email,outbound,2026-07-03,priya.nair,,,,no_response,
act_0155,acc_090,con_0993,Silvergrove Labs,Inès,Durand,email_opened,email,outbound,2026-07-03,samira.lee,,,,opened,
act_0156,acc_042,con_0456,Asterline Labs,Oscar,Jakobsson,email_sent,email,outbound,2026-07-04,samira.lee,deal_027,,,sent,
act_0157,acc_051,con_0558,Meadowcrest Cloud,Emil,Virtanen,email_sent,email,outbound,2026-07-04,priya.nair,,,,no_response,
act_0158,acc_056,con_0620,Riverstone Advisory,Finn,Janssen,email_sent,email,outbound,2026-07-04,samira.lee,,,,no_response,
act_0159,acc_076,con_0836,Bluehaven Commerce,Amelia,Thomas,email_sent,email,outbound,2026-07-04,thomas.chen,,,,no_response,
act_0160,acc_054,con_0593,Pinebridge Platforms,Harry,Wilson,email_sent,email,outbound,2026-07-05,alex.morgan,,,,sent,
act_0161,acc_055,con_0603,Quartzline Health,Marta,González,email_sent,email,outbound,2026-07-05,oliver.bennett,,,,sent,
act_0162,acc_020,con_0217,Orbitwell Systems,Alma,Jørgensen,email_sent,email,outbound,2026-07-06,alex.morgan,,,,no_response,
act_0163,acc_032,con_0350,Harborstone Networks,Marie,Schulz,email_sent,email,outbound,2026-07-06,priya.nair,,,,sent,
act_0164,acc_042,con_0456,Asterline Labs,Oscar,Jakobsson,email_opened,email,outbound,2026-07-06,samira.lee,deal_027,,,opened,
act_0165,acc_090,con_0993,Silvergrove Labs,Inès,Durand,email_replied,email,inbound,2026-07-06,samira.lee,,,,replied_neutral,
act_0166,acc_023,con_0251,Riverstone Health,Matilda,Harris,email_sent,email,outbound,2026-07-07,oliver.bennett,,,,no_response,
act_0167,acc_028,con_0304,Willowgate Commerce,David,Wagner,email_sent,email,outbound,2026-07-07,oliver.bennett,,,,no_response,
act_0168,acc_031,con_0340,Cedarpoint Works,Julien,David,email_sent,email,outbound,2026-07-07,samira.lee,,,,sent,
act_0169,acc_041,con_0452,Yarrow Analytics,Francesco,Russo,email_sent,email,outbound,2026-07-07,alex.morgan,,,,no_response,
act_0170,acc_062,con_0686,Wintermere Services,Felix,Müller,email_sent,email,outbound,2026-07-07,priya.nair,,,,sent,
act_0171,acc_074,con_0823,Yarrow Labs,Noah,Lopez,email_opened,email,outbound,2026-07-07,priya.nair,,,,no_response,
act_0172,acc_001,con_0021,Northstar Ledger,Arthur,Lefebvre,email_sent,email,outbound,2026-07-08,oliver.bennett,,,,no_response,
act_0173,acc_016,con_0170,Juniperlane Networks,Mathieu,Dubois,email_sent,email,outbound,2026-07-08,alex.morgan,,,,sent,
act_0174,acc_038,con_0421,Skyward Platforms,Nina,Durand,email_sent,email,outbound,2026-07-08,priya.nair,,,,no_response,
act_0175,acc_054,con_0593,Pinebridge Platforms,Harry,Wilson,email_opened,email,outbound,2026-07-08,alex.morgan,,,,opened,
act_0176,acc_055,con_0603,Quartzline Health,Marta,González,email_opened,email,outbound,2026-07-08,oliver.bennett,,,,opened,
act_0177,acc_071,con_0789,Skyward Health,Lotte,de Vries,email_sent,email,outbound,2026-07-08,thomas.chen,,,,no_response,
act_0178,acc_074,con_0817,Yarrow Labs,Sophia,Wilson,email_sent,email,outbound,2026-07-08,thomas.chen,,,,no_response,
act_0179,acc_088,con_0976,Quartzline Advisory,Sofia,Karjalainen,email_sent,email,outbound,2026-07-08,thomas.chen,,,,no_response,
act_0180,acc_084,con_0933,Meadowcrest Systems,Leon,Bauer,email_sent,email,outbound,2026-07-09,thomas.chen,,,,no_response,
act_0181,acc_089,con_0985,Riverstone Analytics,Isabella,Taylor,email_sent,email,outbound,2026-07-09,thomas.chen,,,,sent,
act_0182,acc_016,con_0173,Juniperlane Networks,Inès,Martin,email_sent,email,outbound,2026-07-10,alex.morgan,,,,no_response,
act_0183,acc_032,con_0350,Harborstone Networks,Marie,Schulz,email_opened,email,outbound,2026-07-10,priya.nair,,,,no_response,
act_0184,acc_046,con_0509,Emberfield Services,Amélie,Michel,email_sent,email,outbound,2026-07-10,alex.morgan,,,,no_response,
act_0185,acc_016,con_0170,Juniperlane Networks,Mathieu,Dubois,email_opened,email,outbound,2026-07-11,alex.morgan,,,,opened,
act_0186,acc_031,con_0340,Cedarpoint Works,Julien,David,email_opened,email,outbound,2026-07-11,samira.lee,,,,no_response,
act_0187,acc_038,con_0420,Skyward Platforms,Camille,Garcia,email_sent,email,outbound,2026-07-11,alex.morgan,,,,no_response,
act_0188,acc_049,con_0541,Juniperlane Industries,Louise,Peeters,email_sent,email,outbound,2026-07-11,samira.lee,,,,no_response,
act_0189,acc_054,con_0593,Pinebridge Platforms,Harry,Wilson,email_replied,email,inbound,2026-07-11,alex.morgan,,,,replied_neutral,
act_0190,acc_055,con_0603,Quartzline Health,Marta,González,email_replied,email,inbound,2026-07-11,oliver.bennett,,,,replied_neutral,
act_0191,acc_061,con_0676,Willowgate Mobility,Amelia,Brown,email_sent,email,outbound,2026-07-11,priya.nair,,,,no_response,
act_0192,acc_062,con_0686,Wintermere Services,Felix,Müller,email_opened,email,outbound,2026-07-11,priya.nair,,,,no_response,
act_0193,acc_069,con_0762,Oakridge Digital,Clara,Becker,email_sent,email,outbound,2026-07-11,oliver.bennett,,,,no_response,
act_0194,acc_084,con_0924,Meadowcrest Systems,Moritz,Wolf,email_sent,email,outbound,2026-07-11,oliver.bennett,,,,sent,
act_0195,acc_010,con_0110,Bluehaven Labs,Sophie,Schulz,email_sent,email,outbound,2026-07-12,oliver.bennett,,,,no_response,
act_0196,acc_045,con_0491,Deltaforge Mobility,Ryan,Loh,email_sent,email,outbound,2026-07-12,alex.morgan,,,,sent,
act_0197,acc_048,con_0524,Graniteway Networks,Leonardo,Giordano,email_sent,email,outbound,2026-07-12,oliver.bennett,,,,sent,
act_0198,acc_055,con_0605,Quartzline Health,Paula,Gómez,email_sent,email,outbound,2026-07-12,priya.nair,,,,no_response,
act_0199,acc_018,con_0197,Meadowcrest Energy,Adrián,Fernández,email_sent,email,outbound,2026-07-13,thomas.chen,,,,sent,
act_0200,acc_051,con_0558,Meadowcrest Cloud,Emil,Virtanen,email_sent,email,outbound,2026-07-13,priya.nair,,,,no_response,
act_0201,acc_075,con_0827,Asterline Collective,Baptiste,Robert,email_sent,email,outbound,2026-07-13,samira.lee,,,,no_response,
act_0202,acc_076,con_0836,Bluehaven Commerce,Amelia,Thomas,email_sent,email,outbound,2026-07-13,thomas.chen,,,,no_response,
act_0203,acc_080,con_0886,Fableworks Networks,Alicja,Lewandowski,email_sent,email,outbound,2026-07-13,alex.morgan,,,,sent,
act_0204,acc_089,con_0985,Riverstone Analytics,Isabella,Taylor,email_opened,email,outbound,2026-07-13,thomas.chen,,,,no_response,
act_0205,acc_010,con_0102,Bluehaven Labs,Hannah,Weber,email_sent,email,outbound,2026-07-14,thomas.chen,,,,no_response,
act_0206,acc_016,con_0170,Juniperlane Networks,Mathieu,Dubois,email_replied,email,inbound,2026-07-14,alex.morgan,,,,replied_neutral,
act_0207,acc_038,con_0421,Skyward Platforms,Nina,Durand,email_sent,email,outbound,2026-07-14,priya.nair,,,,no_response,
act_0208,acc_067,con_0739,Mapleworks Cloud,Henry,Smith,email_sent,email,outbound,2026-07-14,alex.morgan,,,,no_response,
act_0209,acc_080,con_0880,Fableworks Networks,Michał,Zieliński,email_sent,email,outbound,2026-07-14,thomas.chen,,,,sent,
act_0210,acc_081,con_0894,Graniteway Industries,Emma,Thompson,email_sent,email,outbound,2026-07-14,samira.lee,,,,sent,
act_0211,acc_081,con_0895,Graniteway Industries,Oliver,Lee,email_sent,email,outbound,2026-07-14,alex.morgan,,,,no_response,
act_0212,acc_005,con_0056,Brightforge Manufacturing,Clara,Roux,email_sent,email,outbound,2026-07-15,thomas.chen,,,,no_response,
act_0213,acc_024,con_0261,Silvergrove Advisory,Isla,Roberts,email_sent,email,outbound,2026-07-15,oliver.bennett,,,,no_response,
act_0214,acc_030,con_0328,Brightpath Services,Evelyn,Anderson,email_sent,email,outbound,2026-07-15,samira.lee,,,,sent,
act_0215,acc_040,con_0436,Westmere Advisory,Mateo,Sánchez,email_sent,email,outbound,2026-07-15,samira.lee,,,,no_response,
act_0216,acc_048,con_0524,Graniteway Networks,Leonardo,Giordano,email_opened,email,outbound,2026-07-15,oliver.bennett,,,,opened,
act_0217,acc_076,con_0843,Bluehaven Commerce,Henry,Hall,email_sent,email,outbound,2026-07-15,alex.morgan,,,,no_response,
act_0218,acc_084,con_0924,Meadowcrest Systems,Moritz,Wolf,email_opened,email,outbound,2026-07-15,oliver.bennett,,,,no_response,
act_0219,acc_088,con_0970,Quartzline Advisory,Oliver,Korhonen,email_sent,email,outbound,2026-07-15,thomas.chen,,,,no_response,
act_0220,acc_088,con_0975,Quartzline Advisory,Oliver,Hämäläinen,email_sent,email,outbound,2026-07-15,alex.morgan,,,,no_response,
act_0221,acc_035,con_0381,Noviant Cloud,Seán,O'Sullivan,email_sent,email,outbound,2026-07-16,thomas.chen,,,,sent,
act_0222,acc_042,con_0460,Asterline Labs,Nora,Svensson,email_sent,email,outbound,2026-07-16,thomas.chen,,,,no_response,
act_0223,acc_045,con_0491,Deltaforge Mobility,Ryan,Loh,email_opened,email,outbound,2026-07-16,alex.morgan,,,,no_response,
act_0224,acc_056,con_0621,Riverstone Advisory,Anna,Brouwer,email_sent,email,outbound,2026-07-16,oliver.bennett,,,,no_response,
act_0225,acc_072,con_0801,Solstice Advisory,Cian,Quinn,email_sent,email,outbound,2026-07-16,alex.morgan,,,,no_response,
act_0226,acc_074,con_0816,Yarrow Labs,William,Smith,email_sent,email,outbound,2026-07-16,priya.nair,,,,no_response,
act_0227,acc_004,con_0050,Cedar & Finch Advisory,Marie,De Vos,email_sent,email,outbound,2026-07-17,thomas.chen,,,,sent,
act_0228,acc_015,con_0155,Graniteway Works,Evelyn,Rodriguez,email_sent,email,outbound,2026-07-17,samira.lee,,,,no_response,
act_0229,acc_015,con_0161,Graniteway Works,Henry,Miller,email_sent,email,outbound,2026-07-17,oliver.bennett,,,,sent,
act_0230,acc_016,con_0174,Juniperlane Networks,Hugo,Garcia,email_sent,email,outbound,2026-07-17,alex.morgan,,,,no_response,
act_0231,acc_018,con_0197,Meadowcrest Energy,Adrián,Fernández,email_opened,email,outbound,2026-07-17,thomas.chen,,,,no_response,
act_0232,acc_027,con_0289,Vantagefield Collective,Camille,Mertens,linkedin_connection_sent,linkedin,outbound,2026-07-17,samira.lee,deal_029,,,sent,
act_0233,acc_067,con_0738,Mapleworks Cloud,Evelyn,Davis,email_sent,email,outbound,2026-07-17,priya.nair,,,,no_response,
act_0234,acc_074,con_0817,Yarrow Labs,Sophia,Wilson,email_sent,email,outbound,2026-07-17,thomas.chen,,,,no_response,
act_0235,acc_080,con_0880,Fableworks Networks,Michał,Zieliński,email_opened,email,outbound,2026-07-17,thomas.chen,,,,opened,
act_0236,acc_080,con_0886,Fableworks Networks,Alicja,Lewandowski,email_opened,email,outbound,2026-07-17,alex.morgan,,,,no_response,
act_0237,acc_087,con_0965,Pinebridge Health,Matilde,Gomes,email_sent,email,outbound,2026-07-17,alex.morgan,,,,sent,
act_0238,acc_088,con_0976,Quartzline Advisory,Sofia,Karjalainen,email_sent,email,outbound,2026-07-17,thomas.chen,,,,no_response,
act_0239,acc_005,con_0058,Brightforge Manufacturing,Sophie,Thomas,email_sent,email,outbound,2026-07-18,samira.lee,,,,no_response,
act_0240,acc_011,con_0117,Copperleaf Collective,Marco,Ferrari,email_sent,email,outbound,2026-07-18,alex.morgan,,,,sent,
act_0241,acc_027,con_0289,Vantagefield Collective,Camille,Mertens,email_sent,email,outbound,2026-07-18,samira.lee,deal_029,,,sent,
act_0242,acc_030,con_0328,Brightpath Services,Evelyn,Anderson,email_opened,email,outbound,2026-07-18,samira.lee,,,,opened,
act_0243,acc_043,con_0473,Bluehaven Collective,Hanna,Pawłowski,email_sent,email,outbound,2026-07-18,oliver.bennett,,,,sent,
act_0244,acc_044,con_0487,Copperleaf Commerce,Chloe,Clark,email_sent,email,outbound,2026-07-18,oliver.bennett,,,,no_response,
act_0245,acc_048,con_0524,Graniteway Networks,Leonardo,Giordano,email_replied,email,inbound,2026-07-18,oliver.bennett,,,,replied_neutral,
act_0246,acc_081,con_0894,Graniteway Industries,Emma,Thompson,email_opened,email,outbound,2026-07-18,samira.lee,,,,no_response,
act_0247,acc_084,con_0933,Meadowcrest Systems,Leon,Bauer,email_sent,email,outbound,2026-07-18,thomas.chen,,,,no_response,
act_0248,acc_027,con_0289,Vantagefield Collective,Camille,Mertens,email_opened,email,outbound,2026-07-19,samira.lee,deal_029,,,opened,
act_0249,acc_035,con_0377,Noviant Cloud,Clodagh,Doyle,email_sent,email,outbound,2026-07-19,thomas.chen,,,,no_response,
act_0250,acc_066,con_0730,Ironvale Energy,Matěj,Novák,email_sent,email,outbound,2026-07-19,samira.lee,,,,sent,
act_0251,acc_068,con_0749,Noviant Systems,Amélie,Laurent,email_sent,email,outbound,2026-07-19,alex.morgan,,,,no_response,
act_0252,acc_073,con_0808,Westmere Analytics,Aksel,Berg,email_sent,email,outbound,2026-07-19,alex.morgan,,,,no_response,
act_0253,acc_076,con_0841,Bluehaven Commerce,Amelia,Thompson,email_sent,email,outbound,2026-07-19,samira.lee,,,,no_response,
act_0254,acc_087,con_0961,Pinebridge Health,Sofia,Silva,email_sent,email,outbound,2026-07-19,samira.lee,,,,no_response,
act_0255,acc_090,con_0992,Silvergrove Labs,Baptiste,Garcia,email_sent,email,outbound,2026-07-19,thomas.chen,,,,no_response,
act_0256,acc_009,con_0099,Asterline Analytics,Amélie,Bernard,email_sent,email,outbound,2026-07-20,alex.morgan,,,,no_response,
act_0257,acc_015,con_0161,Graniteway Works,Henry,Miller,email_opened,email,outbound,2026-07-20,oliver.bennett,,,,opened,
act_0258,acc_035,con_0381,Noviant Cloud,Seán,O'Sullivan,email_opened,email,outbound,2026-07-20,thomas.chen,,,,no_response,
act_0259,acc_044,con_0488,Copperleaf Commerce,Ethan,Anderson,email_sent,email,outbound,2026-07-20,thomas.chen,,,,sent,
act_0260,acc_061,con_0676,Willowgate Mobility,Amelia,Brown,email_sent,email,outbound,2026-07-20,priya.nair,,,,no_response,
act_0261,acc_069,con_0762,Oakridge Digital,Clara,Becker,email_sent,email,outbound,2026-07-20,oliver.bennett,,,,no_response,
act_0262,acc_080,con_0880,Fableworks Networks,Michał,Zieliński,email_replied,email,inbound,2026-07-20,thomas.chen,,,,replied_neutral,
act_0263,acc_088,con_0970,Quartzline Advisory,Oliver,Korhonen,email_sent,email,outbound,2026-07-20,thomas.chen,,,,no_response,
act_0264,acc_004,con_0050,Cedar & Finch Advisory,Marie,De Vos,email_opened,email,outbound,2026-07-21,thomas.chen,,,,no_response,
act_0265,acc_030,con_0328,Brightpath Services,Evelyn,Anderson,email_replied,email,inbound,2026-07-21,samira.lee,,,,replied_neutral,
act_0266,acc_041,con_0448,Yarrow Analytics,Sofia,Greco,email_sent,email,outbound,2026-07-21,thomas.chen,,,,no_response,
act_0267,acc_061,con_0674,Willowgate Mobility,Grace,Edwards,email_sent,email,outbound,2026-07-21,alex.morgan,,,,sent,
act_0268,acc_087,con_0965,Pinebridge Health,Matilde,Gomes,email_opened,email,outbound,2026-07-21,alex.morgan,,,,no_response,
act_0269,acc_006,con_0065,Meadowbridge Health,Milan,Brouwer,email_sent,email,outbound,2026-07-22,oliver.bennett,,,,sent,
act_0270,acc_011,con_0117,Copperleaf Collective,Marco,Ferrari,email_opened,email,outbound,2026-07-22,alex.morgan,,,,no_response,
act_0271,acc_017,con_0187,Latticepoint Industries,Ella,Thomas,email_sent,email,outbound,2026-07-22,alex.morgan,,,,no_response,
act_0272,acc_021,con_0226,Pinebridge Digital,Alina,Baumann,email_sent,email,outbound,2026-07-22,oliver.bennett,,,,sent,
act_0273,acc_029,con_0315,Wintermere Mobility,Filip,Kučera,email_sent,email,outbound,2026-07-22,oliver.bennett,,,,sent,
act_0274,acc_043,con_0471,Bluehaven Collective,Wiktoria,Jankowski,email_sent,email,outbound,2026-07-22,alex.morgan,,,,sent,
act_0275,acc_043,con_0473,Bluehaven Collective,Hanna,Pawłowski,email_opened,email,outbound,2026-07-22,oliver.bennett,,,,no_response,
act_0276,acc_079,con_0871,Emberfield Works,Noah,Olsson,email_sent,email,outbound,2026-07-22,oliver.bennett,,,,no_response,
act_0277,acc_002,con_0031,Harborline Systems,Maya,Roberts,email_sent,email,outbound,2026-07-23,priya.nair,,,,no_response,
act_0278,acc_011,con_0121,Copperleaf Collective,Elisa,Mancini,email_sent,email,outbound,2026-07-23,thomas.chen,,,,no_response,
act_0279,acc_015,con_0161,Graniteway Works,Henry,Miller,email_replied,email,inbound,2026-07-23,oliver.bennett,,,,replied_neutral,
act_0280,acc_019,con_0201,Northstar Cloud,Julia,Vos,linkedin_connection_sent,linkedin,outbound,2026-07-23,priya.nair,deal_031,,,sent,
act_0281,acc_051,con_0563,Meadowcrest Cloud,Emil,Laine,email_sent,email,outbound,2026-07-23,thomas.chen,,,,no_response,
act_0282,acc_064,con_0708,Cedarpoint Networks,Lucas,De Vos,email_sent,email,outbound,2026-07-23,alex.morgan,,,,no_response,
act_0283,acc_066,con_0730,Ironvale Energy,Matěj,Novák,email_opened,email,outbound,2026-07-23,samira.lee,,,,no_response,
act_0284,acc_067,con_0739,Mapleworks Cloud,Henry,Smith,email_sent,email,outbound,2026-07-23,alex.morgan,,,,no_response,
act_0285,acc_081,con_0899,Graniteway Industries,Emma,White,email_sent,email,outbound,2026-07-23,thomas.chen,,,,no_response,
act_0286,acc_090,con_0997,Silvergrove Labs,Baptiste,Fournier,email_sent,email,outbound,2026-07-23,oliver.bennett,,,,sent,
act_0287,acc_019,con_0201,Northstar Cloud,Julia,Vos,email_sent,email,outbound,2026-07-24,priya.nair,deal_031,,,sent,
act_0288,acc_037,con_0403,Redwoodline Digital,Noah,Rodriguez,linkedin_connection_sent,linkedin,outbound,2026-07-24,samira.lee,,,,sent,
act_0289,acc_044,con_0488,Copperleaf Commerce,Ethan,Anderson,email_opened,email,outbound,2026-07-24,thomas.chen,,,,no_response,
act_0290,acc_049,con_0540,Juniperlane Industries,Victor,Goossens,email_sent,email,outbound,2026-07-24,oliver.bennett,,,,no_response,
act_0291,acc_062,con_0687,Wintermere Services,Mia,Klein,email_sent,email,outbound,2026-07-24,alex.morgan,,,,sent,
act_0292,acc_073,con_0805,Westmere Analytics,William,Haugen,email_sent,email,outbound,2026-07-24,alex.morgan,,,,no_response,
act_0293,acc_073,con_0806,Westmere Analytics,Ella,Kristiansen,email_sent,email,outbound,2026-07-24,oliver.bennett,,,,no_response,
act_0294,acc_076,con_0843,Bluehaven Commerce,Henry,Hall,email_sent,email,outbound,2026-07-24,alex.morgan,,,,no_response,
act_0295,acc_019,con_0201,Northstar Cloud,Julia,Vos,email_opened,email,outbound,2026-07-25,priya.nair,deal_031,,,opened,
act_0296,acc_020,con_0216,Orbitwell Systems,Oliver,Poulsen,email_sent,email,outbound,2026-07-25,alex.morgan,,,,sent,
act_0297,acc_029,con_0315,Wintermere Mobility,Filip,Kučera,email_opened,email,outbound,2026-07-25,oliver.bennett,,,,opened,
act_0298,acc_042,con_0460,Asterline Labs,Nora,Svensson,email_sent,email,outbound,2026-07-25,thomas.chen,,,,no_response,
act_0299,acc_047,con_0519,Fableworks Works,Ben,Weber,email_sent,email,outbound,2026-07-25,thomas.chen,,,,no_response,
act_0300,acc_061,con_0674,Willowgate Mobility,Grace,Edwards,email_opened,email,outbound,2026-07-25,alex.morgan,,,,no_response,
act_0301,acc_072,con_0800,Solstice Advisory,Clodagh,Smith,email_sent,email,outbound,2026-07-25,thomas.chen,,,,sent,
act_0302,acc_072,con_0801,Solstice Advisory,Cian,Quinn,email_sent,email,outbound,2026-07-25,alex.morgan,,,,no_response,
act_0303,acc_074,con_0816,Yarrow Labs,William,Smith,email_sent,email,outbound,2026-07-25,priya.nair,,,,no_response,
act_0304,acc_005,con_0059,Brightforge Manufacturing,Thomas,Bertrand,email_sent,email,outbound,2026-07-26,thomas.chen,,,,no_response,
act_0305,acc_006,con_0065,Meadowbridge Health,Milan,Brouwer,email_opened,email,outbound,2026-07-26,oliver.bennett,,,,no_response,
act_0306,acc_004,con_007,Cedar & Finch Advisory,Nadia,Rossi,email_sent,email,outbound,2026-07-26,thomas.chen,,sig_006,,no_response,
act_0307,acc_010,con_0103,Bluehaven Labs,Finn,Schwarz,email_sent,email,outbound,2026-07-26,oliver.bennett,,,,sent,
act_0308,acc_015,con_0155,Graniteway Works,Evelyn,Rodriguez,email_sent,email,outbound,2026-07-26,samira.lee,,,,no_response,
act_0309,acc_016,con_0174,Juniperlane Networks,Hugo,Garcia,email_sent,email,outbound,2026-07-26,alex.morgan,,,,no_response,
act_0310,acc_019,con_0208,Northstar Cloud,Lars,Bakker,email_sent,email,outbound,2026-07-26,alex.morgan,,,,no_response,
act_0311,acc_021,con_0226,Pinebridge Digital,Alina,Baumann,email_opened,email,outbound,2026-07-26,oliver.bennett,,,,no_response,
act_0312,acc_031,con_0341,Cedarpoint Works,Sophie,Leroy,email_sent,email,outbound,2026-07-26,oliver.bennett,,,,sent,
act_0313,acc_037,con_0402,Redwoodline Digital,Sophia,Thomas,email_sent,email,outbound,2026-07-26,samira.lee,deal_011,,,sent,
act_0314,acc_043,con_0471,Bluehaven Collective,Wiktoria,Jankowski,email_opened,email,outbound,2026-07-26,alex.morgan,,,,no_response,
act_0315,acc_056,con_0612,Riverstone Advisory,Lucas,de Vries,email_sent,email,outbound,2026-07-26,alex.morgan,,,,no_response,
act_0316,acc_061,con_0669,Willowgate Mobility,Grace,Wright,email_sent,email,outbound,2026-07-26,thomas.chen,deal_056,,,no_response,
act_0317,acc_073,con_0802,Westmere Analytics,Emil,Hagen,email_sent,email,outbound,2026-07-26,thomas.chen,deal_020,,,sent,
act_0318,acc_074,con_0819,Yarrow Labs,Theodore,Martin,email_sent,email,outbound,2026-07-26,thomas.chen,,,,sent,
act_0319,acc_076,con_0835,Bluehaven Commerce,Arthur,White,email_sent,email,outbound,2026-07-26,alex.morgan,deal_050,,,sent,
act_0320,acc_077,con_0847,Copperleaf Mobility,Lucía,Moreno,email_sent,email,outbound,2026-07-26,thomas.chen,,,,no_response,
act_0321,acc_088,con_0979,Quartzline Advisory,Venla,Tuominen,email_sent,email,outbound,2026-07-26,samira.lee,,,,no_response,
act_0322,acc_003,con_0040,Morrow Mobility,Finn,Klein,email_sent,email,outbound,2026-07-27,alex.morgan,,,,no_response,
act_0323,acc_005,con_0057,Brightforge Manufacturing,Julien,Simon,email_sent,email,outbound,2026-07-27,samira.lee,,,,sent,
act_0324,acc_022,con_0242,Quartzline Platforms,Ava,White,email_sent,email,outbound,2026-07-27,samira.lee,,,,no_response,
act_0325,acc_030,con_0332,Brightpath Services,Ava,Miller,email_sent,email,outbound,2026-07-27,oliver.bennett,,,,no_response,
act_0326,acc_037,con_0403,Redwoodline Digital,Noah,Rodriguez,email_sent,email,outbound,2026-07-27,samira.lee,,,,sent,
act_0327,acc_044,con_0487,Copperleaf Commerce,Chloe,Clark,email_sent,email,outbound,2026-07-27,oliver.bennett,,,,no_response,
act_0328,acc_062,con_0687,Wintermere Services,Mia,Klein,email_opened,email,outbound,2026-07-27,alex.morgan,,,,opened,
act_0329,acc_065,con_0722,Harborstone Industries,David,Fuchs,email_sent,email,outbound,2026-07-27,priya.nair,,,,sent,
act_0330,acc_070,con_0775,Redwoodline Platforms,Sofía,Navarro,email_sent,email,outbound,2026-07-27,thomas.chen,,,,no_response,
act_0331,acc_072,con_0792,Solstice Advisory,Eoin,Murphy,email_sent,email,outbound,2026-07-27,samira.lee,,,,sent,
act_0332,acc_077,con_0855,Copperleaf Mobility,Carmen,Alonso,email_sent,email,outbound,2026-07-27,thomas.chen,,,,no_response,
act_0333,acc_090,con_0997,Silvergrove Labs,Baptiste,Fournier,email_opened,email,outbound,2026-07-27,oliver.bennett,,,,no_response,
act_0334,acc_001,con_001,Northstar Ledger,Elena,Marin,email_sent,email,outbound,2026-07-28,alex.morgan,deal_001,sig_001,,sent,
act_0335,acc_010,con_0100,Bluehaven Labs,Sophie,Zimmermann,email_sent,email,outbound,2026-07-28,oliver.bennett,deal_003,,,sent,
act_0336,acc_012,con_0128,Deltaforge Commerce,Thomas,Claes,email_sent,email,outbound,2026-07-28,samira.lee,,,,no_response,
act_0337,acc_029,con_0315,Wintermere Mobility,Filip,Kučera,email_replied,email,inbound,2026-07-28,oliver.bennett,,,,replied_neutral,
act_0338,acc_030,con_0333,Brightpath Services,Evelyn,Martin,email_sent,email,outbound,2026-07-28,samira.lee,,,,no_response,
act_0339,acc_038,con_0418,Skyward Platforms,Manon,Leroy,email_sent,email,outbound,2026-07-28,samira.lee,,,,no_response,
act_0340,acc_052,con_0578,Northstar Systems,Liam,Miller,email_sent,email,outbound,2026-07-28,thomas.chen,,,,no_response,
act_0341,acc_068,con_0749,Noviant Systems,Amélie,Laurent,email_sent,email,outbound,2026-07-28,alex.morgan,,,,no_response,
act_0342,acc_073,con_0808,Westmere Analytics,Aksel,Berg,email_sent,email,outbound,2026-07-28,alex.morgan,,,,no_response,
act_0343,acc_076,con_0835,Bluehaven Commerce,Arthur,White,email_opened,email,outbound,2026-07-28,alex.morgan,deal_050,,,opened,
act_0344,acc_002,con_003,Harborline Systems,Amira,Khan,email_sent,email,outbound,2026-07-29,samira.lee,deal_033,sig_003,,sent,
act_0345,acc_010,con_0103,Bluehaven Labs,Finn,Schwarz,email_opened,email,outbound,2026-07-29,oliver.bennett,,,,opened,
act_0346,acc_011,con_0113,Copperleaf Collective,Chiara,Bruno,email_sent,email,outbound,2026-07-29,alex.morgan,deal_032,,,sent,
act_0347,acc_015,con_0163,Graniteway Works,Oliver,Gonzalez,email_sent,email,outbound,2026-07-29,samira.lee,,,,sent,
act_0348,acc_020,con_0216,Orbitwell Systems,Oliver,Poulsen,email_opened,email,outbound,2026-07-29,alex.morgan,,,,no_response,
act_0349,acc_029,con_0311,Wintermere Mobility,Eliška,Král,email_sent,email,outbound,2026-07-29,samira.lee,,,,no_response,
act_0350,acc_031,con_0342,Cedarpoint Works,Thomas,Martin,email_sent,email,outbound,2026-07-29,priya.nair,,,,no_response,
act_0351,acc_032,con_0348,Harborstone Networks,Lukas,Schneider,email_sent,email,outbound,2026-07-29,samira.lee,,,,no_response,
act_0352,acc_037,con_0402,Redwoodline Digital,Sophia,Thomas,email_opened,email,outbound,2026-07-29,samira.lee,deal_011,,,opened,
act_0353,acc_040,con_0438,Westmere Advisory,Marta,Hernández,email_sent,email,outbound,2026-07-29,priya.nair,,,,no_response,
act_0354,acc_052,con_0571,Northstar Systems,Elijah,Thomas,email_sent,email,outbound,2026-07-29,oliver.bennett,,,,sent,
act_0355,acc_054,con_0594,Pinebridge Platforms,Olivia,Green,email_sent,email,outbound,2026-07-29,alex.morgan,,,,no_response,
act_0356,acc_072,con_0800,Solstice Advisory,Clodagh,Smith,email_opened,email,outbound,2026-07-29,thomas.chen,,,,no_response,
act_0357,acc_073,con_0802,Westmere Analytics,Emil,Hagen,email_opened,email,outbound,2026-07-29,thomas.chen,deal_020,,,opened,
act_0358,acc_073,con_0803,Westmere Analytics,Aksel,Jensen,linkedin_connection_sent,linkedin,outbound,2026-07-29,thomas.chen,,,,sent,
act_0359,acc_077,con_0854,Copperleaf Mobility,Diego,Martínez,email_sent,email,outbound,2026-07-29,thomas.chen,,,,sent,
act_0360,acc_011,con_0112,Copperleaf Collective,Marco,Rizzo,email_sent,email,outbound,2026-07-30,alex.morgan,,,,no_response,
act_0361,acc_027,con_0294,Vantagefield Collective,Camille,De Smet,email_sent,email,outbound,2026-07-30,samira.lee,,,,no_response,
act_0362,acc_031,con_0341,Cedarpoint Works,Sophie,Leroy,email_opened,email,outbound,2026-07-30,oliver.bennett,,,,no_response,
act_0363,acc_032,con_0355,Harborstone Networks,Marie,Klein,email_sent,email,outbound,2026-07-30,priya.nair,,,,no_response,
act_0364,acc_057,con_0623,Silvergrove Analytics,William,Larsen,linkedin_connection_sent,linkedin,outbound,2026-07-30,samira.lee,deal_014,,,sent,
act_0365,acc_057,con_0633,Silvergrove Analytics,William,Poulsen,email_sent,email,outbound,2026-07-30,oliver.bennett,,,,no_response,
act_0366,acc_062,con_0687,Wintermere Services,Mia,Klein,email_replied,email,inbound,2026-07-30,alex.morgan,,,,replied_neutral,
act_0367,acc_066,con_0726,Ironvale Energy,Tereza,Horák,linkedin_connection_sent,linkedin,outbound,2026-07-30,alex.morgan,,,,sent,
act_0368,acc_070,con_0770,Redwoodline Platforms,Sofía,Moreno,email_sent,email,outbound,2026-07-30,oliver.bennett,,,,sent,
act_0369,acc_073,con_0803,Westmere Analytics,Aksel,Jensen,email_sent,email,outbound,2026-07-30,thomas.chen,,,,sent,
act_0370,acc_074,con_0819,Yarrow Labs,Theodore,Martin,email_opened,email,outbound,2026-07-30,thomas.chen,,,,no_response,
act_0371,acc_076,con_0835,Bluehaven Commerce,Arthur,White,email_replied,email,inbound,2026-07-30,alex.morgan,deal_050,,,replied_positive,
act_0372,acc_002,con_003,Harborline Systems,Amira,Khan,email_opened,email,outbound,2026-07-31,samira.lee,deal_033,,,opened,
act_0373,acc_002,con_0030,Harborline Systems,Oscar,Hughes,email_sent,email,outbound,2026-07-31,thomas.chen,,,,no_response,
act_0374,acc_005,con_0057,Brightforge Manufacturing,Julien,Simon,email_opened,email,outbound,2026-07-31,samira.lee,,,,no_response,
act_0375,acc_011,con_0113,Copperleaf Collective,Chiara,Bruno,email_opened,email,outbound,2026-07-31,alex.morgan,deal_032,,,opened,
act_0376,acc_022,con_0233,Quartzline Platforms,Leo,Brown,email_sent,email,outbound,2026-07-31,priya.nair,,,,no_response,
act_0377,acc_025,con_0267,Summitline Analytics,Mia,Koch,call_placed,phone,outbound,2026-07-31,oliver.bennett,deal_039,,,no_response,
act_0378,acc_048,con_0527,Graniteway Networks,Marco,Costa,email_sent,email,outbound,2026-07-31,samira.lee,,,,sent,
act_0379,acc_056,con_0611,Riverstone Advisory,Anna,Meijer,email_sent,email,outbound,2026-07-31,alex.morgan,deal_013,,,sent,
act_0380,acc_065,con_0722,Harborstone Industries,David,Fuchs,email_opened,email,outbound,2026-07-31,priya.nair,,,,no_response,
act_0381,acc_072,con_0792,Solstice Advisory,Eoin,Murphy,email_opened,email,outbound,2026-07-31,samira.lee,,,,no_response,
act_0382,acc_078,con_0864,Deltaforge Services,Beatrice,Giordano,email_sent,email,outbound,2026-07-31,priya.nair,,,,no_response,
act_0383,acc_001,con_001,Northstar Ledger,Elena,Marin,email_opened,email,outbound,2026-08-01,alex.morgan,deal_001,,,no_response,
act_0384,acc_002,con_0031,Harborline Systems,Maya,Roberts,email_sent,email,outbound,2026-08-01,priya.nair,,,,no_response,
act_0385,acc_010,con_0100,Bluehaven Labs,Sophie,Zimmermann,email_opened,email,outbound,2026-08-01,oliver.bennett,deal_003,,,no_response,
act_0386,acc_010,con_0103,Bluehaven Labs,Finn,Schwarz,email_replied,email,inbound,2026-08-01,oliver.bennett,,,,replied_neutral,
act_0387,acc_025,con_0267,Summitline Analytics,Mia,Koch,voicemail_left,phone,outbound,2026-08-01,oliver.bennett,deal_039,,,no_response,
act_0388,acc_030,con_0325,Brightpath Services,Isabella,Thomas,email_sent,email,outbound,2026-08-01,samira.lee,,,,no_response,
act_0389,acc_037,con_0402,Redwoodline Digital,Sophia,Thomas,email_replied,email,inbound,2026-08-01,samira.lee,deal_011,,,replied_neutral,
act_0390,acc_037,con_0403,Redwoodline Digital,Noah,Rodriguez,email_opened,email,outbound,2026-08-01,samira.lee,,,,opened,
act_0391,acc_038,con_0414,Skyward Platforms,Arthur,Bertrand,email_sent,email,outbound,2026-08-01,oliver.bennett,,,,no_response,
act_0392,acc_043,con_0467,Bluehaven Collective,Mateusz,Nowak,email_sent,email,outbound,2026-08-01,thomas.chen,deal_044,,,sent,
act_0393,acc_052,con_0570,Northstar Systems,Amelia,Williams,email_sent,email,outbound,2026-08-01,priya.nair,,,,no_response,
act_0394,acc_054,con_0599,Pinebridge Platforms,Olivia,Brown,email_sent,email,outbound,2026-08-01,thomas.chen,,,,no_response,
act_0395,acc_057,con_0624,Silvergrove Analytics,Elias,Mortensen,email_sent,email,outbound,2026-08-01,samira.lee,,,,sent,
act_0396,acc_069,con_0758,Oakridge Digital,Lukas,Schröder,email_sent,email,outbound,2026-08-01,oliver.bennett,,,,no_response,
act_0397,acc_073,con_0802,Westmere Analytics,Emil,Hagen,email_replied,email,inbound,2026-08-01,thomas.chen,deal_020,,,replied_neutral,
act_0398,acc_073,con_0803,Westmere Analytics,Aksel,Jensen,email_opened,email,outbound,2026-08-01,thomas.chen,,,,opened,
act_0399,acc_084,con_0927,Meadowcrest Systems,Lena,Klein,email_sent,email,outbound,2026-08-01,priya.nair,,,,sent,
act_0400,acc_089,con_0983,Riverstone Analytics,Evelyn,Hernandez,email_sent,email,outbound,2026-08-01,priya.nair,deal_051,,,sent,
act_0401,acc_089,con_0989,Riverstone Analytics,Henry,Rodriguez,email_sent,email,outbound,2026-08-01,oliver.bennett,,,,no_response,
act_0402,acc_002,con_003,Harborline Systems,Amira,Khan,email_replied,email,inbound,2026-08-02,samira.lee,deal_033,,,replied_positive,
act_0403,acc_014,con_0154,Fableworks Services,Iida,Niemi,email_sent,email,outbound,2026-08-02,samira.lee,,,,no_response,
act_0404,acc_015,con_0163,Graniteway Works,Oliver,Gonzalez,email_opened,email,outbound,2026-08-02,samira.lee,,,,no_response,
act_0405,acc_023,con_0246,Riverstone Health,Matilda,Anderson,email_sent,email,outbound,2026-08-02,thomas.chen,deal_028,,,sent,
act_0406,acc_028,con_0305,Willowgate Commerce,Lena,Brunner,email_sent,email,outbound,2026-08-02,thomas.chen,,,,no_response,
act_0407,acc_029,con_0319,Wintermere Mobility,Karolína,Fiala,email_sent,email,outbound,2026-08-02,priya.nair,,,,no_response,
act_0408,acc_042,con_0463,Asterline Labs,Noah,Persson,email_sent,email,outbound,2026-08-02,oliver.bennett,,,,no_response,
act_0409,acc_052,con_0571,Northstar Systems,Elijah,Thomas,email_opened,email,outbound,2026-08-02,oliver.bennett,,,,no_response,
act_0410,acc_057,con_0623,Silvergrove Analytics,William,Larsen,email_sent,email,outbound,2026-08-02,samira.lee,deal_014,,,sent,
act_0411,acc_066,con_0726,Ironvale Energy,Tereza,Horák,email_sent,email,outbound,2026-08-02,alex.morgan,,,,sent,
act_0412,acc_067,con_0741,Mapleworks Cloud,Oliver,Miller,email_sent,email,outbound,2026-08-02,oliver.bennett,,,,no_response,
act_0413,acc_068,con_0753,Noviant Systems,Gabriel,Thomas,email_sent,email,outbound,2026-08-02,priya.nair,,,,no_response,
act_0414,acc_070,con_0770,Redwoodline Platforms,Sofía,Moreno,email_opened,email,outbound,2026-08-02,oliver.bennett,,,,opened,
act_0415,acc_076,con_0835,Bluehaven Commerce,Arthur,White,meeting_scheduled,email,outbound,2026-08-02,alex.morgan,deal_050,,,booked,
act_0416,acc_076,con_0837,Bluehaven Commerce,Freya,Jones,email_sent,email,outbound,2026-08-02,alex.morgan,,,,sent,
act_0417,acc_077,con_0854,Copperleaf Mobility,Diego,Martínez,email_opened,email,outbound,2026-08-02,thomas.chen,,,,no_response,
act_0418,acc_081,con_0900,Graniteway Industries,Oliver,Campbell,email_sent,email,outbound,2026-08-02,thomas.chen,,,,no_response,
act_0419,acc_009,con_0094,Asterline Analytics,Amélie,David,email_sent,email,outbound,2026-08-03,priya.nair,deal_036,,,sent,
act_0420,acc_011,con_0113,Copperleaf Collective,Chiara,Bruno,email_replied,email,inbound,2026-08-03,alex.morgan,deal_032,,,replied_neutral,
act_0421,acc_013,con_0133,Emberfield Mobility,Sofia,Carvalho,email_sent,email,outbound,2026-08-03,thomas.chen,,,,sent,
act_0422,acc_018,con_0191,Meadowcrest Energy,Mateo,Rodríguez,email_sent,email,outbound,2026-08-03,alex.morgan,,,,no_response,
act_0423,acc_022,con_0239,Quartzline Platforms,Amelia,Clark,email_sent,email,outbound,2026-08-03,thomas.chen,,,,no_response,
act_0424,acc_032,con_0345,Harborstone Networks,Marie,Fischer,email_sent,email,outbound,2026-08-03,samira.lee,deal_042,,,sent,
act_0425,acc_038,con_0419,Skyward Platforms,Arthur,Martin,email_sent,email,outbound,2026-08-03,alex.morgan,,,,no_response,
act_0426,acc_043,con_0467,Bluehaven Collective,Mateusz,Nowak,email_opened,email,outbound,2026-08-03,thomas.chen,deal_044,,,opened,
act_0427,acc_048,con_0526,Graniteway Networks,Elisa,Ferrari,email_sent,email,outbound,2026-08-03,samira.lee,,,,sent,
act_0428,acc_048,con_0532,Graniteway Networks,Marco,Rossi,email_sent,email,outbound,2026-08-03,thomas.chen,,,,sent,
act_0429,acc_083,con_0912,Latticepoint Cloud,Louis,David,call_placed,phone,outbound,2026-08-03,thomas.chen,deal_023,,,no_response,
act_0430,acc_083,con_0915,Latticepoint Cloud,Maxime,Garcia,email_sent,email,outbound,2026-08-03,thomas.chen,,,,sent,
act_0431,acc_084,con_0926,Meadowcrest Systems,Jonas,Müller,email_sent,email,outbound,2026-08-03,priya.nair,deal_022,,,sent,
act_0432,acc_089,con_0983,Riverstone Analytics,Evelyn,Hernandez,email_opened,email,outbound,2026-08-03,priya.nair,deal_051,,,opened,
act_0433,acc_090,con_0995,Silvergrove Labs,Mathieu,Michel,email_sent,email,outbound,2026-08-03,oliver.bennett,,,,no_response,
act_0434,acc_003,con_005,Morrow Mobility,Sofia,Keller,email_sent,email,outbound,2026-08-04,oliver.bennett,,sig_005,,no_response,
act_0435,acc_005,con_0059,Brightforge Manufacturing,Thomas,Bertrand,email_sent,email,outbound,2026-08-04,thomas.chen,,,,no_response,
act_0436,acc_020,con_0215,Orbitwell Systems,Laura,Pedersen,email_sent,email,outbound,2026-08-04,oliver.bennett,,,,no_response,
act_0437,acc_031,con_0339,Cedarpoint Works,Clara,Dubois,email_sent,email,outbound,2026-08-04,thomas.chen,,,,sent,
act_0438,acc_048,con_0527,Graniteway Networks,Marco,Costa,email_opened,email,outbound,2026-08-04,samira.lee,,,,no_response,
act_0439,acc_049,con_0533,Juniperlane Industries,Jules,Simon,call_placed,phone,outbound,2026-08-04,priya.nair,deal_046,,,no_response,
act_0440,acc_056,con_0611,Riverstone Advisory,Anna,Meijer,email_opened,email,outbound,2026-08-04,alex.morgan,deal_013,,,no_response,
act_0441,acc_056,con_0612,Riverstone Advisory,Lucas,de Vries,email_sent,email,outbound,2026-08-04,alex.morgan,,,,no_response,
act_0442,acc_057,con_0624,Silvergrove Analytics,Elias,Mortensen,email_opened,email,outbound,2026-08-04,samira.lee,,,,opened,
act_0443,acc_062,con_0679,Wintermere Services,Ben,Hoffmann,email_sent,email,outbound,2026-08-04,oliver.bennett,,,,no_response,
act_0444,acc_067,con_0735,Mapleworks Cloud,Isabella,Rodriguez,email_sent,email,outbound,2026-08-04,samira.lee,deal_017,,,sent,
act_0445,acc_067,con_0736,Mapleworks Cloud,Oliver,Johnson,email_sent,email,outbound,2026-08-04,samira.lee,,,,sent,
act_0446,acc_077,con_0847,Copperleaf Mobility,Lucía,Moreno,email_sent,email,outbound,2026-08-04,thomas.chen,,,,no_response,
act_0447,acc_078,con_0868,Deltaforge Services,Alessandro,Marino,email_sent,email,outbound,2026-08-04,priya.nair,,,,no_response,
act_0448,acc_081,con_0897,Graniteway Industries,Chloe,Anderson,email_sent,email,outbound,2026-08-04,alex.morgan,,,,no_response,
act_0449,acc_083,con_0912,Latticepoint Cloud,Louis,David,voicemail_left,phone,outbound,2026-08-04,thomas.chen,deal_023,,,no_response,
act_0450,acc_083,con_0913,Latticepoint Cloud,Gabriel,Leroy,linkedin_connection_sent,linkedin,outbound,2026-08-04,thomas.chen,,,,sent,
act_0451,acc_084,con_0927,Meadowcrest Systems,Lena,Klein,email_opened,email,outbound,2026-08-04,priya.nair,,,,opened,
act_0452,acc_002,con_003,Harborline Systems,Amira,Khan,meeting_scheduled,email,outbound,2026-08-05,samira.lee,deal_033,,,booked,
act_0453,acc_009,con_0094,Asterline Analytics,Amélie,David,email_opened,email,outbound,2026-08-05,priya.nair,deal_036,,,opened,
act_0454,acc_014,con_0144,Fableworks Services,Iida,Mäkelä,linkedin_connection_sent,linkedin,outbound,2026-08-05,priya.nair,,,,sent,
act_0455,acc_020,con_0214,Orbitwell Systems,Freja,Petersen,email_sent,email,outbound,2026-08-05,oliver.bennett,,,,sent,
act_0456,acc_025,con_0267,Summitline Analytics,Mia,Koch,call_placed,phone,outbound,2026-08-05,oliver.bennett,deal_039,,,connected,
act_0457,acc_025,con_0268,Summitline Analytics,Paul,Fischer,email_sent,email,outbound,2026-08-05,oliver.bennett,,,,sent,
act_0458,acc_030,con_0332,Brightpath Services,Ava,Miller,email_sent,email,outbound,2026-08-05,oliver.bennett,,,,no_response,
act_0459,acc_032,con_0345,Harborstone Networks,Marie,Fischer,email_opened,email,outbound,2026-08-05,samira.lee,deal_042,,,opened,
act_0460,acc_039,con_0430,Solstice Health,Arthur,Evans,email_sent,email,outbound,2026-08-05,priya.nair,,,,no_response,
act_0461,acc_043,con_0467,Bluehaven Collective,Mateusz,Nowak,email_replied,email,inbound,2026-08-05,thomas.chen,deal_044,,,replied_positive,
act_0462,acc_049,con_0533,Juniperlane Industries,Jules,Simon,voicemail_left,phone,outbound,2026-08-05,priya.nair,deal_046,,,no_response,
act_0463,acc_049,con_0544,Juniperlane Industries,Jules,Dubois,email_sent,email,outbound,2026-08-05,oliver.bennett,,,,sent,
act_0464,acc_052,con_0572,Northstar Systems,Mia,Rodriguez,email_sent,email,outbound,2026-08-05,samira.lee,,,,no_response,
act_0465,acc_053,con_0584,Orbitwell Digital,Hugo,Durand,email_sent,email,outbound,2026-08-05,thomas.chen,,,,no_response,
act_0466,acc_063,con_0692,Brightpath Works,Andrea,Russo,email_sent,email,outbound,2026-08-05,alex.morgan,,,,no_response,
act_0467,acc_064,con_0711,Cedarpoint Networks,Noah,De Smet,email_sent,email,outbound,2026-08-05,alex.morgan,,,,sent,
act_0468,acc_065,con_0721,Harborstone Industries,Mia,Reiter,email_sent,email,outbound,2026-08-05,priya.nair,,,,no_response,
act_0469,acc_070,con_0770,Redwoodline Platforms,Sofía,Moreno,email_replied,email,inbound,2026-08-05,oliver.bennett,,,,replied_neutral,
act_0470,acc_070,con_0775,Redwoodline Platforms,Sofía,Navarro,email_sent,email,outbound,2026-08-05,thomas.chen,,,,no_response,
act_0471,acc_071,con_0782,Skyward Health,Fleur,Mulder,email_sent,email,outbound,2026-08-05,samira.lee,,,,no_response,
act_0472,acc_082,con_0908,Juniperlane Energy,Sophia,Loh,email_sent,email,outbound,2026-08-05,priya.nair,,,,sent,
act_0473,acc_089,con_0983,Riverstone Analytics,Evelyn,Hernandez,email_replied,email,inbound,2026-08-05,priya.nair,deal_051,,,replied_positive,
act_0474,acc_012,con_0128,Deltaforge Commerce,Thomas,Claes,email_sent,email,outbound,2026-08-06,samira.lee,,,,no_response,
act_0475,acc_014,con_0148,Fableworks Services,Sofia,Rantanen,email_sent,email,outbound,2026-08-06,oliver.bennett,,,,no_response,
act_0476,acc_023,con_0246,Riverstone Health,Matilda,Anderson,email_opened,email,outbound,2026-08-06,thomas.chen,deal_028,,,no_response,
act_0477,acc_025,con_0267,Summitline Analytics,Mia,Koch,call_connected,phone,inbound,2026-08-06,oliver.bennett,deal_039,,,replied_positive,
act_0478,acc_031,con_0334,Cedarpoint Works,Clara,Roux,email_sent,email,outbound,2026-08-06,alex.morgan,deal_009,,,sent,
act_0479,acc_032,con_0346,Harborstone Networks,Elias,Neumann,linkedin_connection_sent,linkedin,outbound,2026-08-06,samira.lee,,,,sent,
act_0480,acc_038,con_0418,Skyward Platforms,Manon,Leroy,email_sent,email,outbound,2026-08-06,samira.lee,,,,no_response,
act_0481,acc_043,con_0472,Bluehaven Collective,Mateusz,Kamiński,email_sent,email,outbound,2026-08-06,thomas.chen,,,,sent,
act_0482,acc_048,con_0532,Graniteway Networks,Marco,Rossi,email_opened,email,outbound,2026-08-06,thomas.chen,,,,opened,
act_0483,acc_076,con_0835,Bluehaven Commerce,Arthur,White,meeting_held,video,outbound,2026-08-06,alex.morgan,deal_050,,,held,
act_0484,acc_076,con_0837,Bluehaven Commerce,Freya,Jones,email_opened,email,outbound,2026-08-06,alex.morgan,,,,no_response,
act_0485,acc_077,con_0856,Copperleaf Mobility,Daniel,Ruiz,email_sent,email,outbound,2026-08-06,priya.nair,,,,no_response,
act_0486,acc_084,con_0930,Meadowcrest Systems,Laura,Richter,email_sent,email,outbound,2026-08-06,thomas.chen,,,,no_response,
act_0487,acc_089,con_0984,Riverstone Analytics,Henry,Brown,email_sent,email,outbound,2026-08-06,priya.nair,,,,sent,
act_0488,acc_003,con_0038,Morrow Mobility,Max,Becker,email_sent,email,outbound,2026-08-07,thomas.chen,,,,no_response,
act_0489,acc_009,con_0094,Asterline Analytics,Amélie,David,email_replied,email,inbound,2026-08-07,priya.nair,deal_036,,,replied_positive,
act_0490,acc_013,con_0133,Emberfield Mobility,Sofia,Carvalho,email_opened,email,outbound,2026-08-07,thomas.chen,,,,no_response,
act_0491,acc_013,con_0139,Emberfield Mobility,Gonçalo,Almeida,email_sent,email,outbound,2026-08-07,alex.morgan,,,,no_response,
act_0492,acc_015,con_0166,Graniteway Works,Henry,Lopez,email_sent,email,outbound,2026-08-07,alex.morgan,,,,no_response,
act_0493,acc_031,con_0339,Cedarpoint Works,Clara,Dubois,email_opened,email,outbound,2026-08-07,thomas.chen,,,,opened,
act_0494,acc_031,con_0342,Cedarpoint Works,Thomas,Martin,email_sent,email,outbound,2026-08-07,priya.nair,,,,no_response,
act_0495,acc_032,con_0345,Harborstone Networks,Marie,Fischer,email_replied,email,inbound,2026-08-07,samira.lee,deal_042,,,replied_positive,
act_0496,acc_032,con_0348,Harborstone Networks,Lukas,Schneider,email_sent,email,outbound,2026-08-07,samira.lee,,,,no_response,
act_0497,acc_041,con_0446,Yarrow Analytics,Alice,Esposito,email_sent,email,outbound,2026-08-07,alex.morgan,deal_024,,,sent,
act_0498,acc_043,con_0476,Bluehaven Collective,Wiktoria,Grabowski,email_sent,email,outbound,2026-08-07,priya.nair,,,,no_response,
act_0499,acc_044,con_0480,Copperleaf Commerce,Oliver,Johnson,email_sent,email,outbound,2026-08-07,alex.morgan,,,,no_response,
act_0500,acc_048,con_0526,Graniteway Networks,Elisa,Ferrari,email_opened,email,outbound,2026-08-07,samira.lee,,,,no_response,
act_0501,acc_049,con_0534,Juniperlane Industries,Jules,De Smet,email_sent,email,outbound,2026-08-07,priya.nair,,,,sent,
act_0502,acc_054,con_0594,Pinebridge Platforms,Olivia,Green,email_sent,email,outbound,2026-08-07,alex.morgan,,,,no_response,
act_0503,acc_055,con_0607,Quartzline Health,Adrián,Moreno,email_sent,email,outbound,2026-08-07,thomas.chen,,,,no_response,
act_0504,acc_057,con_0623,Silvergrove Analytics,William,Larsen,email_opened,email,outbound,2026-08-07,samira.lee,deal_014,,,opened,
act_0505,acc_057,con_0624,Silvergrove Analytics,Elias,Mortensen,email_replied,email,inbound,2026-08-07,samira.lee,,,,replied_neutral,
act_0506,acc_066,con_0726,Ironvale Energy,Tereza,Horák,email_opened,email,outbound,2026-08-07,alex.morgan,,,,opened,
act_0507,acc_067,con_0735,Mapleworks Cloud,Isabella,Rodriguez,email_opened,email,outbound,2026-08-07,samira.lee,deal_017,,,opened,
act_0508,acc_067,con_0736,Mapleworks Cloud,Oliver,Johnson,email_opened,email,outbound,2026-08-07,samira.lee,,,,opened,
act_0509,acc_078,con_0861,Deltaforge Services,Aurora,Rizzo,email_sent,email,outbound,2026-08-07,thomas.chen,,,,no_response,
act_0510,acc_083,con_0913,Latticepoint Cloud,Gabriel,Leroy,email_sent,email,outbound,2026-08-07,thomas.chen,,,,sent,
act_0511,acc_083,con_0915,Latticepoint Cloud,Maxime,Garcia,email_opened,email,outbound,2026-08-07,thomas.chen,,,,no_response,
act_0512,acc_083,con_0917,Latticepoint Cloud,Louis,Bernard,email_sent,email,outbound,2026-08-07,thomas.chen,,,,no_response,
act_0513,acc_084,con_0925,Meadowcrest Systems,Laura,Becker,email_sent,email,outbound,2026-08-07,samira.lee,,,,sent,
act_0514,acc_084,con_0926,Meadowcrest Systems,Jonas,Müller,email_opened,email,outbound,2026-08-07,priya.nair,deal_022,,,no_response,
act_0515,acc_084,con_0927,Meadowcrest Systems,Lena,Klein,email_replied,email,inbound,2026-08-07,priya.nair,,,,replied_neutral,
act_0516,acc_084,con_0932,Meadowcrest Systems,Lena,Zimmermann,email_sent,email,outbound,2026-08-07,alex.morgan,,,,no_response,
act_0517,acc_089,con_0989,Riverstone Analytics,Henry,Rodriguez,email_sent,email,outbound,2026-08-07,oliver.bennett,,,,no_response,
act_0518,acc_003,con_0043,Morrow Mobility,Max,Richter,email_sent,email,outbound,2026-08-08,alex.morgan,,,,no_response,
act_0519,acc_004,con_0046,Cedar & Finch Advisory,Liam,Martin,call_placed,phone,outbound,2026-08-08,priya.nair,deal_034,,,no_response,
act_0520,acc_006,con_012,Meadowbridge Health,Ruben,Visser,email_sent,email,outbound,2026-08-08,thomas.chen,,,,no_response,
act_0521,acc_014,con_0144,Fableworks Services,Iida,Mäkelä,email_sent,email,outbound,2026-08-08,priya.nair,,,,sent,
act_0522,acc_023,con_0250,Riverstone Health,Olivia,Jones,email_sent,email,outbound,2026-08-08,priya.nair,,,,no_response,
act_0523,acc_024,con_0257,Silvergrove Advisory,Oliver,Edwards,linkedin_connection_sent,linkedin,outbound,2026-08-08,priya.nair,deal_007,,,sent,
act_0524,acc_024,con_0258,Silvergrove Advisory,Oscar,Johnson,linkedin_connection_sent,linkedin,outbound,2026-08-08,priya.nair,,,,sent,
act_0525,acc_030,con_0330,Brightpath Services,Isabella,Smith,email_sent,email,outbound,2026-08-08,oliver.bennett,,,,no_response,
act_0526,acc_032,con_0355,Harborstone Networks,Marie,Klein,email_sent,email,outbound,2026-08-08,priya.nair,,,,no_response,
act_0527,acc_043,con_0467,Bluehaven Collective,Mateusz,Nowak,meeting_scheduled,email,outbound,2026-08-08,thomas.chen,deal_044,,,booked,
act_0528,acc_082,con_0908,Juniperlane Energy,Sophia,Loh,email_opened,email,outbound,2026-08-08,priya.nair,,,,opened,
act_0529,acc_083,con_0912,Latticepoint Cloud,Louis,David,call_placed,phone,outbound,2026-08-08,thomas.chen,deal_023,,,connected,
act_0530,acc_087,con_0963,Pinebridge Health,Carolina,Rodrigues,email_sent,email,outbound,2026-08-08,samira.lee,,,,no_response,
act_0531,acc_089,con_0983,Riverstone Analytics,Evelyn,Hernandez,meeting_scheduled,email,outbound,2026-08-08,priya.nair,deal_051,,,booked,
act_0532,acc_090,con_0996,Silvergrove Labs,Chloé,Petit,email_sent,email,outbound,2026-08-08,samira.lee,,,,no_response,
act_0533,acc_002,con_003,Harborline Systems,Amira,Khan,meeting_held,video,outbound,2026-08-09,samira.lee,deal_033,,,held,
act_0534,acc_004,con_0046,Cedar & Finch Advisory,Liam,Martin,voicemail_left,phone,outbound,2026-08-09,priya.nair,deal_034,,,no_response,
act_0535,acc_005,con_0054,Brightforge Manufacturing,Thomas,Laurent,email_sent,email,outbound,2026-08-09,oliver.bennett,,,,sent,
act_0536,acc_010,con_0105,Bluehaven Labs,Sophie,Fischer,email_sent,email,outbound,2026-08-09,priya.nair,,,,no_response,
act_0537,acc_012,con_0131,Deltaforge Commerce,Simon,Willems,email_sent,email,outbound,2026-08-09,alex.morgan,,,,no_response,
act_0538,acc_014,con_0143,Fableworks Services,Sofia,Saarinen,email_sent,email,outbound,2026-08-09,priya.nair,deal_005,,,sent,
act_0539,acc_014,con_0149,Fableworks Services,Iida,Järvinen,email_sent,email,outbound,2026-08-09,alex.morgan,,,,sent,
act_0540,acc_017,con_0184,Latticepoint Industries,Emily,Roberts,email_sent,email,outbound,2026-08-09,alex.morgan,,,,no_response,
act_0541,acc_020,con_0214,Orbitwell Systems,Freja,Petersen,email_opened,email,outbound,2026-08-09,oliver.bennett,,,,no_response,
act_0542,acc_025,con_0267,Summitline Analytics,Mia,Koch,meeting_scheduled,phone,outbound,2026-08-09,oliver.bennett,deal_039,,,booked,
act_0543,acc_025,con_0268,Summitline Analytics,Paul,Fischer,email_opened,email,outbound,2026-08-09,oliver.bennett,,,,no_response,
act_0544,acc_025,con_0277,Summitline Analytics,Mia,Müller,email_sent,email,outbound,2026-08-09,priya.nair,,,,no_response,
act_0545,acc_027,con_0288,Vantagefield Collective,Thomas,Vermeulen,email_sent,email,outbound,2026-08-09,samira.lee,,,,no_response,
act_0546,acc_027,con_0298,Vantagefield Collective,Thomas,Janssens,email_sent,email,outbound,2026-08-09,samira.lee,,,,sent,
act_0547,acc_031,con_0335,Cedarpoint Works,Julien,Simon,email_sent,email,outbound,2026-08-09,alex.morgan,,,,no_response,
act_0548,acc_032,con_0346,Harborstone Networks,Elias,Neumann,email_sent,email,outbound,2026-08-09,samira.lee,,,,sent,
act_0549,acc_037,con_0408,Redwoodline Digital,Noah,Wilson,email_sent,email,outbound,2026-08-09,thomas.chen,,,,sent,
act_0550,acc_041,con_0446,Yarrow Analytics,Alice,Esposito,email_opened,email,outbound,2026-08-09,alex.morgan,deal_024,,,opened,
act_0551,acc_043,con_0472,Bluehaven Collective,Mateusz,Kamiński,email_opened,email,outbound,2026-08-09,thomas.chen,,,,opened,
act_0552,acc_048,con_0532,Graniteway Networks,Marco,Rossi,email_replied,email,inbound,2026-08-09,thomas.chen,,,,replied_neutral,
act_0553,acc_049,con_0533,Juniperlane Industries,Jules,Simon,call_placed,phone,outbound,2026-08-09,priya.nair,deal_046,,,connected,
act_0554,acc_049,con_0544,Juniperlane Industries,Jules,Dubois,email_opened,email,outbound,2026-08-09,oliver.bennett,,,,no_response,
act_0555,acc_051,con_0562,Meadowcrest Cloud,Iida,Heinonen,email_sent,email,outbound,2026-08-09,priya.nair,,,,no_response,
act_0556,acc_057,con_0625,Silvergrove Analytics,Agnes,Kristensen,email_sent,email,outbound,2026-08-09,oliver.bennett,,,,no_response,
act_0557,acc_064,con_0711,Cedarpoint Networks,Noah,De Smet,email_opened,email,outbound,2026-08-09,alex.morgan,,,,no_response,
act_0558,acc_073,con_0811,Westmere Analytics,Ella,Eriksen,email_sent,email,outbound,2026-08-09,thomas.chen,,,,no_response,
act_0559,acc_074,con_0824,Yarrow Labs,Theodore,Jones,email_sent,email,outbound,2026-08-09,priya.nair,,,,no_response,
act_0560,acc_078,con_0862,Deltaforge Services,Matteo,Bruno,email_sent,email,outbound,2026-08-09,samira.lee,,,,sent,
act_0561,acc_078,con_0864,Deltaforge Services,Beatrice,Giordano,email_sent,email,outbound,2026-08-09,priya.nair,,,,no_response,
act_0562,acc_083,con_0912,Latticepoint Cloud,Louis,David,call_connected,phone,inbound,2026-08-09,thomas.chen,deal_023,,,replied_positive,
act_0563,acc_089,con_0984,Riverstone Analytics,Henry,Brown,email_opened,email,outbound,2026-08-09,priya.nair,,,,opened,
act_0564,acc_089,con_0986,Riverstone Analytics,Oliver,Martinez,email_sent,email,outbound,2026-08-09,samira.lee,,,,sent,
act_0565,acc_001,con_0018,Northstar Ledger,Nina,Michel,email_sent,email,outbound,2026-08-10,oliver.bennett,,,,sent,
act_0566,acc_001,con_0025,Northstar Ledger,Manon,Robert,email_sent,email,outbound,2026-08-10,thomas.chen,,,,no_response,
act_0567,acc_005,con_009,Brightforge Manufacturing,Claire,Morel,email_sent,email,outbound,2026-08-10,oliver.bennett,deal_035,sig_007,,sent,
act_0568,acc_009,con_0094,Asterline Analytics,Amélie,David,meeting_scheduled,email,outbound,2026-08-10,priya.nair,deal_036,,,booked,
act_0569,acc_009,con_0095,Asterline Analytics,Maxime,Leroy,email_sent,email,outbound,2026-08-10,priya.nair,,,,sent,
act_0570,acc_020,con_0218,Orbitwell Systems,Oscar,Hansen,email_sent,email,outbound,2026-08-10,oliver.bennett,,,,no_response,
act_0571,acc_022,con_0237,Quartzline Platforms,Ava,Thompson,email_sent,email,outbound,2026-08-10,oliver.bennett,,,,no_response,
act_0572,acc_025,con_0272,Summitline Analytics,Mia,Schröder,email_sent,email,outbound,2026-08-10,priya.nair,,,,sent,
act_0573,acc_030,con_0324,Brightpath Services,Henry,Williams,email_sent,email,outbound,2026-08-10,alex.morgan,deal_053,,,no_response,
act_0574,acc_031,con_0334,Cedarpoint Works,Clara,Roux,email_opened,email,outbound,2026-08-10,alex.morgan,deal_009,,,no_response,
act_0575,acc_031,con_0335,Cedarpoint Works,Julien,Simon,email_sent,email,outbound,2026-08-10,alex.morgan,,,,no_response,
act_0576,acc_031,con_0339,Cedarpoint Works,Clara,Dubois,email_replied,email,inbound,2026-08-10,thomas.chen,,,,replied_neutral,
act_0577,acc_032,con_0345,Harborstone Networks,Marie,Fischer,meeting_scheduled,email,outbound,2026-08-10,samira.lee,deal_042,,,booked,
act_0578,acc_036,con_0393,Oakridge Systems,Emma,Dahl,email_sent,email,outbound,2026-08-10,oliver.bennett,,,,sent,
act_0579,acc_038,con_0414,Skyward Platforms,Arthur,Bertrand,email_sent,email,outbound,2026-08-10,oliver.bennett,,,,no_response,
act_0580,acc_044,con_0483,Copperleaf Commerce,Ethan,Wilson,email_sent,email,outbound,2026-08-10,samira.lee,,,,no_response,
act_0581,acc_048,con_0529,Graniteway Networks,Leonardo,Russo,email_sent,email,outbound,2026-08-10,thomas.chen,,,,sent,
act_0582,acc_049,con_0533,Juniperlane Industries,Jules,Simon,call_connected,phone,inbound,2026-08-10,priya.nair,deal_046,,,replied_positive,
act_0583,acc_049,con_0534,Juniperlane Industries,Jules,De Smet,email_opened,email,outbound,2026-08-10,priya.nair,,,,opened,
act_0584,acc_050,con_0551,Latticepoint Energy,Martim,Gonçalves,email_sent,email,outbound,2026-08-10,alex.morgan,,,,no_response,
act_0585,acc_052,con_0570,Northstar Systems,Amelia,Williams,email_sent,email,outbound,2026-08-10,priya.nair,,,,no_response,
act_0586,acc_052,con_0573,Northstar Systems,Liam,Johnson,email_sent,email,outbound,2026-08-10,priya.nair,,,,sent,
act_0587,acc_054,con_0599,Pinebridge Platforms,Olivia,Brown,email_sent,email,outbound,2026-08-10,thomas.chen,,,,no_response,
act_0588,acc_065,con_0714,Harborstone Industries,Lukas,Berger,email_sent,email,outbound,2026-08-10,samira.lee,,,,sent,
act_0589,acc_067,con_0735,Mapleworks Cloud,Isabella,Rodriguez,email_replied,email,inbound,2026-08-10,samira.lee,deal_017,,,replied_neutral,
act_0590,acc_067,con_0736,Mapleworks Cloud,Oliver,Johnson,email_replied,email,inbound,2026-08-10,samira.lee,,,,replied_neutral,
act_0591,acc_075,con_0830,Asterline Collective,Mathieu,Thomas,email_sent,email,outbound,2026-08-10,oliver.bennett,,,,sent,
act_0592,acc_079,con_0874,Emberfield Works,Oscar,Larsson,email_sent,email,outbound,2026-08-10,thomas.chen,,,,no_response,
act_0593,acc_090,con_0998,Silvergrove Labs,Inès,Lefebvre,email_sent,email,outbound,2026-08-10,priya.nair,,,,no_response,
act_0594,acc_006,con_0069,Meadowbridge Health,Eva,Mulder,email_sent,email,outbound,2026-08-11,thomas.chen,,,,no_response,
act_0595,acc_019,con_0209,Northstar Cloud,Eva,Dekker,email_sent,email,outbound,2026-08-11,alex.morgan,,,,no_response,
act_0596,acc_024,con_0257,Silvergrove Advisory,Oliver,Edwards,email_sent,email,outbound,2026-08-11,priya.nair,deal_007,,,sent,
act_0597,acc_024,con_0258,Silvergrove Advisory,Oscar,Johnson,email_sent,email,outbound,2026-08-11,priya.nair,,,,sent,
act_0598,acc_027,con_0295,Vantagefield Collective,Arthur,Maes,email_sent,email,outbound,2026-08-11,oliver.bennett,,,,no_response,
act_0599,acc_039,con_0423,Solstice Health,Henry,Hughes,email_sent,email,outbound,2026-08-11,samira.lee,,,,no_response,
act_0600,acc_041,con_0446,Yarrow Analytics,Alice,Esposito,email_replied,email,inbound,2026-08-11,alex.morgan,deal_024,,,replied_positive,
act_0601,acc_042,con_0463,Asterline Labs,Noah,Persson,email_sent,email,outbound,2026-08-11,oliver.bennett,,,,no_response,
act_0602,acc_044,con_0481,Copperleaf Commerce,Theo,Brown,email_sent,email,outbound,2026-08-11,alex.morgan,,,,no_response,
act_0603,acc_045,con_0500,Deltaforge Mobility,Maya,Chong,email_sent,email,outbound,2026-08-11,samira.lee,,,,no_response,
act_0604,acc_053,con_0582,Orbitwell Digital,Baptiste,Martin,email_sent,email,outbound,2026-08-11,priya.nair,,,,no_response,
act_0605,acc_065,con_0715,Harborstone Industries,Tobias,Gruber,email_sent,email,outbound,2026-08-11,samira.lee,,,,no_response,
act_0606,acc_070,con_0777,Redwoodline Platforms,Lucas,Martínez,email_sent,email,outbound,2026-08-11,oliver.bennett,,,,no_response,
act_0607,acc_071,con_0785,Skyward Health,Sem,de Boer,email_sent,email,outbound,2026-08-11,priya.nair,,,,no_response,
act_0608,acc_077,con_0853,Copperleaf Mobility,Clara,Hernández,email_sent,email,outbound,2026-08-11,alex.morgan,,,,sent,
act_0609,acc_081,con_0900,Graniteway Industries,Oliver,Campbell,email_sent,email,outbound,2026-08-11,thomas.chen,,,,no_response,
act_0610,acc_082,con_0904,Juniperlane Energy,Daniel,Wong,email_sent,email,outbound,2026-08-11,thomas.chen,,,,no_response,
act_0611,acc_082,con_0908,Juniperlane Energy,Sophia,Loh,email_replied,email,inbound,2026-08-11,priya.nair,,,,replied_neutral,
act_0612,acc_084,con_0925,Meadowcrest Systems,Laura,Becker,email_opened,email,outbound,2026-08-11,samira.lee,,,,no_response,
act_0613,acc_088,con_0972,Quartzline Advisory,Iida,Laine,email_sent,email,outbound,2026-08-11,thomas.chen,deal_026,,,sent,
act_0614,acc_007,con_0076,Atelier Nova,Gabriele,Ricci,email_sent,email,outbound,2026-08-12,alex.morgan,,,,no_response,
act_0615,acc_005,con_009,Brightforge Manufacturing,Claire,Morel,email_opened,email,outbound,2026-08-12,oliver.bennett,deal_035,,,opened,
act_0616,acc_005,con_010,Brightforge Manufacturing,Hugo,Bernard,email_sent,email,outbound,2026-08-12,oliver.bennett,,,,no_response,
act_0617,acc_013,con_0138,Emberfield Mobility,Sofia,Pereira,email_sent,email,outbound,2026-08-12,samira.lee,,,,no_response,
act_0618,acc_022,con_0239,Quartzline Platforms,Amelia,Clark,email_sent,email,outbound,2026-08-12,thomas.chen,,,,no_response,
act_0619,acc_028,con_0299,Willowgate Commerce,David,Schwarz,call_placed,phone,outbound,2026-08-12,thomas.chen,deal_040,,,no_response,
act_0620,acc_035,con_0385,Noviant Cloud,Grace,Kennedy,email_sent,email,outbound,2026-08-12,oliver.bennett,,,,no_response,
act_0621,acc_043,con_0467,Bluehaven Collective,Mateusz,Nowak,meeting_held,video,outbound,2026-08-12,thomas.chen,deal_044,,,held,
act_0622,acc_043,con_0472,Bluehaven Collective,Mateusz,Kamiński,email_replied,email,inbound,2026-08-12,thomas.chen,,,,replied_neutral,
act_0623,acc_049,con_0537,Juniperlane Industries,Charlotte,Wouters,email_sent,email,outbound,2026-08-12,alex.morgan,,,,sent,
act_0624,acc_063,con_0689,Brightpath Works,Lorenzo,Ferrari,email_sent,email,outbound,2026-08-12,thomas.chen,deal_048,,,sent,
act_0625,acc_063,con_0695,Brightpath Works,Davide,Rossi,email_sent,email,outbound,2026-08-12,priya.nair,,,,no_response,
act_0626,acc_064,con_0713,Cedarpoint Networks,Lucas,Leclercq,email_sent,email,outbound,2026-08-12,priya.nair,,,,sent,
act_0627,acc_078,con_0859,Deltaforge Services,Beatrice,Gallo,email_sent,email,outbound,2026-08-12,thomas.chen,deal_021,,,sent,
act_0628,acc_081,con_0901,Graniteway Industries,Theo,Roy,email_sent,email,outbound,2026-08-12,samira.lee,,,,sent,
act_0629,acc_083,con_0912,Latticepoint Cloud,Louis,David,meeting_scheduled,phone,outbound,2026-08-12,thomas.chen,deal_023,,,booked,
act_0630,acc_083,con_0913,Latticepoint Cloud,Gabriel,Leroy,email_opened,email,outbound,2026-08-12,thomas.chen,,,,opened,
act_0631,acc_088,con_0971,Quartzline Advisory,Sofia,Heinonen,email_sent,email,outbound,2026-08-12,oliver.bennett,,,,no_response,
act_0632,acc_089,con_0983,Riverstone Analytics,Evelyn,Hernandez,meeting_held,video,outbound,2026-08-12,priya.nair,deal_051,,,held,
act_0633,acc_089,con_0984,Riverstone Analytics,Henry,Brown,email_replied,email,inbound,2026-08-12,priya.nair,,,,replied_neutral,
act_0634,acc_089,con_0986,Riverstone Analytics,Oliver,Martinez,email_opened,email,outbound,2026-08-12,samira.lee,,,,opened,
act_0635,acc_090,con_0995,Silvergrove Labs,Mathieu,Michel,email_sent,email,outbound,2026-08-12,oliver.bennett,,,,no_response,
act_0636,acc_004,con_0046,Cedar & Finch Advisory,Liam,Martin,call_placed,phone,outbound,2026-08-13,priya.nair,deal_034,,,connected,
act_0637,acc_004,con_0048,Cedar & Finch Advisory,Louis,Mertens,email_sent,email,outbound,2026-08-13,priya.nair,,,,sent,
act_0638,acc_003,con_005,Morrow Mobility,Sofia,Keller,email_sent,email,outbound,2026-08-13,oliver.bennett,,,,no_response,
act_0639,acc_005,con_0054,Brightforge Manufacturing,Thomas,Laurent,email_opened,email,outbound,2026-08-13,oliver.bennett,,,,no_response,
act_0640,acc_006,con_0066,Meadowbridge Health,Julia,de Groot,email_sent,email,outbound,2026-08-13,alex.morgan,,,,sent,
act_0641,acc_006,con_0067,Meadowbridge Health,Daan,Bakker,email_sent,email,outbound,2026-08-13,priya.nair,,,,no_response,
act_0642,acc_007,con_0078,Atelier Nova,Matteo,De Luca,email_sent,email,outbound,2026-08-13,priya.nair,,,,sent,
act_0643,acc_014,con_0143,Fableworks Services,Sofia,Saarinen,email_opened,email,outbound,2026-08-13,priya.nair,deal_005,,,no_response,
act_0644,acc_014,con_0144,Fableworks Services,Iida,Mäkelä,email_opened,email,outbound,2026-08-13,priya.nair,,,,opened,
act_0645,acc_014,con_0149,Fableworks Services,Iida,Järvinen,email_opened,email,outbound,2026-08-13,alex.morgan,,,,no_response,
act_0646,acc_015,con_0160,Graniteway Works,Evelyn,Wilson,email_sent,email,outbound,2026-08-13,alex.morgan,,,,no_response,
act_0647,acc_016,con_0177,Juniperlane Networks,Baptiste,Michel,email_sent,email,outbound,2026-08-13,thomas.chen,,,,sent,
act_0648,acc_025,con_0272,Summitline Analytics,Mia,Schröder,email_opened,email,outbound,2026-08-13,priya.nair,,,,opened,
act_0649,acc_027,con_0298,Vantagefield Collective,Thomas,Janssens,email_opened,email,outbound,2026-08-13,samira.lee,,,,no_response,
act_0650,acc_028,con_0299,Willowgate Commerce,David,Schwarz,voicemail_left,phone,outbound,2026-08-13,thomas.chen,deal_040,,,no_response,
act_0651,acc_037,con_0408,Redwoodline Digital,Noah,Wilson,email_opened,email,outbound,2026-08-13,thomas.chen,,,,no_response,
act_0652,acc_041,con_0449,Yarrow Analytics,Valentina,Ferrari,email_sent,email,outbound,2026-08-13,alex.morgan,,,,no_response,
act_0653,acc_043,con_0468,Bluehaven Collective,Hanna,Mazur,email_sent,email,outbound,2026-08-13,alex.morgan,,,,no_response,
act_0654,acc_046,con_0502,Emberfield Services,Louis,Dubois,email_sent,email,outbound,2026-08-13,alex.morgan,deal_045,,,sent,
act_0655,acc_049,con_0533,Juniperlane Industries,Jules,Simon,meeting_scheduled,phone,outbound,2026-08-13,priya.nair,deal_046,,,booked,
act_0656,acc_049,con_0534,Juniperlane Industries,Jules,De Smet,email_replied,email,inbound,2026-08-13,priya.nair,,,,replied_neutral,
act_0657,acc_056,con_0614,Riverstone Advisory,Nora,Smit,email_sent,email,outbound,2026-08-13,alex.morgan,,,,sent,
act_0658,acc_062,con_0678,Wintermere Services,Paul,Neumann,email_sent,email,outbound,2026-08-13,samira.lee,deal_015,,,no_response,
act_0659,acc_062,con_0685,Wintermere Services,Emma,Becker,email_sent,email,outbound,2026-08-13,oliver.bennett,,,,no_response,
act_0660,acc_064,con_0706,Cedarpoint Networks,Noah,Mertens,email_sent,email,outbound,2026-08-13,oliver.bennett,,,,no_response,
act_0661,acc_065,con_0723,Harborstone Industries,Lena,Pichler,email_sent,email,outbound,2026-08-13,samira.lee,,,,no_response,
act_0662,acc_069,con_0765,Oakridge Digital,Marie,Wagner,email_sent,email,outbound,2026-08-13,thomas.chen,,,,no_response,
act_0663,acc_070,con_0776,Redwoodline Platforms,Nuria,Hernández,email_sent,email,outbound,2026-08-13,thomas.chen,,,,sent,
act_0664,acc_077,con_0846,Copperleaf Mobility,Daniel,Fernández,email_sent,email,outbound,2026-08-13,priya.nair,,,,no_response,
act_0665,acc_078,con_0862,Deltaforge Services,Matteo,Bruno,email_opened,email,outbound,2026-08-13,samira.lee,,,,no_response,
act_0666,acc_080,con_0881,Fableworks Networks,Alicja,Kowalski,email_sent,email,outbound,2026-08-13,oliver.bennett,deal_025,,,sent,
act_0667,acc_084,con_0931,Meadowcrest Systems,Jonas,Meyer,email_sent,email,outbound,2026-08-13,alex.morgan,,,,no_response,
act_0668,acc_088,con_0972,Quartzline Advisory,Iida,Laine,email_opened,email,outbound,2026-08-13,thomas.chen,deal_026,,,opened,
act_0669,acc_001,con_0018,Northstar Ledger,Nina,Michel,email_opened,email,outbound,2026-08-14,oliver.bennett,,,,no_response,
act_0670,acc_002,con_004,Harborline Systems,Theo,Meyer,email_sent,email,outbound,2026-08-14,oliver.bennett,,sig_004,,no_response,
act_0671,acc_003,con_0043,Morrow Mobility,Max,Richter,email_sent,email,outbound,2026-08-14,alex.morgan,,,,no_response,
act_0672,acc_004,con_0046,Cedar & Finch Advisory,Liam,Martin,call_connected,phone,inbound,2026-08-14,priya.nair,deal_034,,,replied_positive,
act_0673,acc_005,con_009,Brightforge Manufacturing,Claire,Morel,email_replied,email,inbound,2026-08-14,oliver.bennett,deal_035,,,replied_positive,
act_0674,acc_009,con_0090,Asterline Analytics,Maxime,Thomas,email_sent,email,outbound,2026-08-14,alex.morgan,,,,sent,
act_0675,acc_009,con_0094,Asterline Analytics,Amélie,David,meeting_held,video,outbound,2026-08-14,priya.nair,deal_036,,,held,
act_0676,acc_009,con_0095,Asterline Analytics,Maxime,Leroy,email_opened,email,outbound,2026-08-14,priya.nair,,,,no_response,
act_0677,acc_010,con_0105,Bluehaven Labs,Sophie,Fischer,email_sent,email,outbound,2026-08-14,priya.nair,,,,no_response,
act_0678,acc_018,con_0200,Meadowcrest Energy,Paula,García,email_sent,email,outbound,2026-08-14,samira.lee,,,,no_response,
act_0679,acc_021,con_0228,Pinebridge Digital,Laura,Roth,email_sent,email,outbound,2026-08-14,thomas.chen,,,,sent,
act_0680,acc_022,con_0245,Quartzline Platforms,William,Miller,email_sent,email,outbound,2026-08-14,samira.lee,,,,no_response,
act_0681,acc_029,con_0312,Wintermere Mobility,Jakub,Veselý,email_sent,email,outbound,2026-08-14,priya.nair,deal_041,,,sent,
act_0682,acc_030,con_0326,Brightpath Services,Oliver,Rodriguez,email_sent,email,outbound,2026-08-14,alex.morgan,,,,no_response,
act_0683,acc_032,con_0345,Harborstone Networks,Marie,Fischer,meeting_held,video,outbound,2026-08-14,samira.lee,deal_042,,,held,
act_0684,acc_032,con_0346,Harborstone Networks,Elias,Neumann,email_opened,email,outbound,2026-08-14,samira.lee,,,,opened,
act_0685,acc_032,con_0351,Harborstone Networks,Elias,Schmidt,email_sent,email,outbound,2026-08-14,priya.nair,,,,no_response,
act_0686,acc_036,con_0393,Oakridge Systems,Emma,Dahl,email_opened,email,outbound,2026-08-14,oliver.bennett,,,,no_response,
act_0687,acc_041,con_0446,Yarrow Analytics,Alice,Esposito,meeting_scheduled,email,outbound,2026-08-14,alex.morgan,deal_024,,,booked,
act_0688,acc_041,con_0447,Yarrow Analytics,Francesco,Giordano,email_sent,email,outbound,2026-08-14,alex.morgan,,,,sent,
act_0689,acc_046,con_0503,Emberfield Services,Gabriel,David,email_sent,email,outbound,2026-08-14,priya.nair,,,,sent,
act_0690,acc_048,con_0529,Graniteway Networks,Leonardo,Russo,email_opened,email,outbound,2026-08-14,thomas.chen,,,,no_response,
act_0691,acc_052,con_0573,Northstar Systems,Liam,Johnson,email_opened,email,outbound,2026-08-14,priya.nair,,,,no_response,
act_0692,acc_053,con_0584,Orbitwell Digital,Hugo,Durand,email_sent,email,outbound,2026-08-14,thomas.chen,,,,no_response,
act_0693,acc_063,con_0689,Brightpath Works,Lorenzo,Ferrari,email_opened,email,outbound,2026-08-14,thomas.chen,deal_048,,,opened,
act_0694,acc_065,con_0714,Harborstone Industries,Lukas,Berger,email_opened,email,outbound,2026-08-14,samira.lee,,,,no_response,
act_0695,acc_066,con_0733,Ironvale Energy,Adam,Sedláček,email_sent,email,outbound,2026-08-14,oliver.bennett,,,,sent,
act_0696,acc_075,con_0830,Asterline Collective,Mathieu,Thomas,email_opened,email,outbound,2026-08-14,oliver.bennett,,,,no_response,
act_0697,acc_079,con_0872,Emberfield Works,Astrid,Lindström,email_sent,email,outbound,2026-08-14,oliver.bennett,,,,no_response,
act_0698,acc_087,con_0968,Pinebridge Health,Carolina,Gonçalves,email_sent,email,outbound,2026-08-14,alex.morgan,,,,sent,
act_0699,acc_001,con_0017,Northstar Ledger,Camille,Bernard,email_sent,email,outbound,2026-08-15,alex.morgan,,,,sent,
act_0700,acc_003,con_0039,Morrow Mobility,Hannah,Müller,email_sent,email,outbound,2026-08-15,samira.lee,,,,sent,
act_0701,acc_003,con_0041,Morrow Mobility,Anna,Wagner,email_sent,email,outbound,2026-08-15,alex.morgan,,,,no_response,
act_0702,acc_013,con_0132,Emberfield Mobility,Matilde,Costa,call_placed,phone,outbound,2026-08-15,thomas.chen,deal_037,,,no_response,
act_0703,acc_015,con_0157,Graniteway Works,Isabella,Anderson,email_sent,email,outbound,2026-08-15,thomas.chen,,,,no_response,
act_0704,acc_022,con_0236,Quartzline Platforms,Jack,Smith,email_sent,email,outbound,2026-08-15,thomas.chen,,,,sent,
act_0705,acc_023,con_0247,Riverstone Health,Theodore,Williams,email_sent,email,outbound,2026-08-15,oliver.bennett,,,,no_response,
act_0706,acc_023,con_0255,Riverstone Health,Olivia,Johnson,email_sent,email,outbound,2026-08-15,alex.morgan,,,,no_response,
act_0707,acc_028,con_0300,Willowgate Commerce,Lena,Leitner,email_sent,email,outbound,2026-08-15,thomas.chen,,,,sent,
act_0708,acc_037,con_0406,Redwoodline Digital,William,Davis,email_sent,email,outbound,2026-08-15,thomas.chen,,,,no_response,
act_0709,acc_046,con_0502,Emberfield Services,Louis,Dubois,email_opened,email,outbound,2026-08-15,alex.morgan,deal_045,,,opened,
act_0710,acc_046,con_0512,Emberfield Services,Louis,Lefebvre,email_sent,email,outbound,2026-08-15,thomas.chen,,,,no_response,
act_0711,acc_047,con_0518,Fableworks Works,Paul,Bauer,email_sent,email,outbound,2026-08-15,samira.lee,,,,no_response,
act_0712,acc_053,con_0580,Orbitwell Digital,Mathieu,David,email_sent,email,outbound,2026-08-15,thomas.chen,,,,no_response,
act_0713,acc_053,con_0590,Orbitwell Digital,Mathieu,Richard,email_sent,email,outbound,2026-08-15,oliver.bennett,,,,no_response,
act_0714,acc_054,con_0592,Pinebridge Platforms,Sophie,Wright,email_sent,email,outbound,2026-08-15,samira.lee,,,,no_response,
act_0715,acc_055,con_0609,Quartzline Health,Álvaro,García,email_sent,email,outbound,2026-08-15,samira.lee,,,,sent,
act_0716,acc_056,con_0617,Riverstone Advisory,Lucas,Visser,email_sent,email,outbound,2026-08-15,priya.nair,,,,no_response,
act_0717,acc_058,con_0640,Summitline Labs,Nico,Brunner,email_sent,email,outbound,2026-08-15,thomas.chen,deal_047,,,sent,
act_0718,acc_063,con_0693,Brightpath Works,Francesca,Mancini,linkedin_connection_sent,linkedin,outbound,2026-08-15,thomas.chen,,,,sent,
act_0719,acc_066,con_0731,Ironvale Energy,Tereza,Hájek,email_sent,email,outbound,2026-08-15,thomas.chen,,,,no_response,
act_0720,acc_069,con_0766,Oakridge Digital,Elias,Braun,email_sent,email,outbound,2026-08-15,alex.morgan,,,,no_response,
act_0721,acc_077,con_0853,Copperleaf Mobility,Clara,Hernández,email_opened,email,outbound,2026-08-15,alex.morgan,,,,no_response,
act_0722,acc_078,con_0865,Deltaforge Services,Gabriele,Greco,email_sent,email,outbound,2026-08-15,thomas.chen,,,,no_response,
act_0723,acc_080,con_0881,Fableworks Networks,Alicja,Kowalski,email_opened,email,outbound,2026-08-15,oliver.bennett,deal_025,,,opened,
act_0724,acc_087,con_0962,Pinebridge Health,Gonçalo,Lopes,email_sent,email,outbound,2026-08-15,priya.nair,,,,no_response,
act_0725,acc_088,con_0972,Quartzline Advisory,Iida,Laine,email_replied,email,inbound,2026-08-15,thomas.chen,deal_026,,,replied_positive,
act_0726,acc_089,con_0986,Riverstone Analytics,Oliver,Martinez,email_replied,email,inbound,2026-08-15,samira.lee,,,,replied_neutral,
act_0727,acc_004,con_0051,Cedar & Finch Advisory,Liam,Jacobs,email_sent,email,outbound,2026-08-16,alex.morgan,,,,no_response,
act_0728,acc_006,con_0070,Meadowbridge Health,Milan,van Dijk,email_sent,email,outbound,2026-08-16,priya.nair,,,,no_response,
act_0729,acc_007,con_0073,Atelier Nova,Matteo,Marino,email_sent,email,outbound,2026-08-16,priya.nair,,,,no_response,
act_0730,acc_007,con_0079,Atelier Nova,Alessandro,Colombo,email_sent,email,outbound,2026-08-16,thomas.chen,,,,no_response,
act_0731,acc_013,con_0132,Emberfield Mobility,Matilde,Costa,voicemail_left,phone,outbound,2026-08-16,thomas.chen,deal_037,,,no_response,
act_0732,acc_015,con_0167,Graniteway Works,Isabella,Jones,email_sent,email,outbound,2026-08-16,oliver.bennett,,,,no_response,
act_0733,acc_016,con_0177,Juniperlane Networks,Baptiste,Michel,email_opened,email,outbound,2026-08-16,thomas.chen,,,,opened,
act_0734,acc_018,con_0189,Meadowcrest Energy,Álvaro,Romero,email_sent,email,outbound,2026-08-16,thomas.chen,deal_038,,,sent,
act_0735,acc_023,con_0252,Riverstone Health,Theodore,White,email_sent,email,outbound,2026-08-16,thomas.chen,,,,no_response,
act_0736,acc_024,con_0257,Silvergrove Advisory,Oliver,Edwards,email_opened,email,outbound,2026-08-16,priya.nair,deal_007,,,opened,
act_0737,acc_024,con_0258,Silvergrove Advisory,Oscar,Johnson,email_opened,email,outbound,2026-08-16,priya.nair,,,,opened,
act_0738,acc_025,con_0272,Summitline Analytics,Mia,Schröder,email_replied,email,inbound,2026-08-16,priya.nair,,,,replied_neutral,
act_0739,acc_027,con_0291,Vantagefield Collective,Simon,De Vos,email_sent,email,outbound,2026-08-16,oliver.bennett,,,,sent,
act_0740,acc_029,con_0312,Wintermere Mobility,Jakub,Veselý,email_opened,email,outbound,2026-08-16,priya.nair,deal_041,,,opened,
act_0741,acc_036,con_0390,Oakridge Systems,Elias,Hansen,email_sent,email,outbound,2026-08-16,alex.morgan,deal_010,,,no_response,
act_0742,acc_043,con_0476,Bluehaven Collective,Wiktoria,Grabowski,email_sent,email,outbound,2026-08-16,priya.nair,,,,no_response,
act_0743,acc_044,con_0480,Copperleaf Commerce,Oliver,Johnson,email_sent,email,outbound,2026-08-16,alex.morgan,,,,no_response,
act_0744,acc_049,con_0537,Juniperlane Industries,Charlotte,Wouters,email_opened,email,outbound,2026-08-16,alex.morgan,,,,no_response,
act_0745,acc_049,con_0539,Juniperlane Industries,Jules,Dupont,email_sent,email,outbound,2026-08-16,priya.nair,,,,no_response,
act_0746,acc_062,con_0680,Wintermere Services,Emma,Schneider,email_sent,email,outbound,2026-08-16,samira.lee,,,,sent,
act_0747,acc_063,con_0689,Brightpath Works,Lorenzo,Ferrari,email_replied,email,inbound,2026-08-16,thomas.chen,deal_048,,,replied_positive,
act_0748,acc_064,con_0713,Cedarpoint Networks,Lucas,Leclercq,email_opened,email,outbound,2026-08-16,priya.nair,,,,no_response,
act_0749,acc_070,con_0769,Redwoodline Platforms,Pablo,Fernández,call_placed,phone,outbound,2026-08-16,oliver.bennett,deal_049,,,no_response,
act_0750,acc_073,con_0812,Westmere Analytics,Emil,Pedersen,email_sent,email,outbound,2026-08-16,samira.lee,,,,sent,
act_0751,acc_078,con_0859,Deltaforge Services,Beatrice,Gallo,email_opened,email,outbound,2026-08-16,thomas.chen,deal_021,,,no_response,
act_0752,acc_078,con_0861,Deltaforge Services,Aurora,Rizzo,email_sent,email,outbound,2026-08-16,thomas.chen,,,,no_response,
act_0753,acc_080,con_0882,Fableworks Networks,Szymon,Kwiatkowski,linkedin_connection_sent,linkedin,outbound,2026-08-16,oliver.bennett,,,,sent,
act_0754,acc_081,con_0898,Graniteway Industries,Ethan,Gagnon,email_sent,email,outbound,2026-08-16,oliver.bennett,,,,no_response,
act_0755,acc_081,con_0901,Graniteway Industries,Theo,Roy,email_opened,email,outbound,2026-08-16,samira.lee,,,,no_response,
act_0756,acc_083,con_0917,Latticepoint Cloud,Louis,Bernard,email_sent,email,outbound,2026-08-16,thomas.chen,,,,no_response,
act_0757,acc_087,con_0967,Pinebridge Health,Gonçalo,Carvalho,email_sent,email,outbound,2026-08-16,samira.lee,,,,no_response,
act_0758,acc_002,con_0026,Harborline Systems,Maya,Williams,email_sent,email,outbound,2026-08-17,samira.lee,,,,sent,
act_0759,acc_004,con_0046,Cedar & Finch Advisory,Liam,Martin,meeting_scheduled,phone,outbound,2026-08-17,priya.nair,deal_034,,,booked,
act_0760,acc_004,con_0048,Cedar & Finch Advisory,Louis,Mertens,email_opened,email,outbound,2026-08-17,priya.nair,,,,no_response,
act_0761,acc_005,con_0061,Brightforge Manufacturing,Clara,Dubois,email_sent,email,outbound,2026-08-17,samira.lee,,,,no_response,
act_0762,acc_006,con_0066,Meadowbridge Health,Julia,de Groot,email_opened,email,outbound,2026-08-17,alex.morgan,,,,no_response,
act_0763,acc_007,con_0078,Atelier Nova,Matteo,De Luca,email_opened,email,outbound,2026-08-17,priya.nair,,,,no_response,
act_0764,acc_005,con_009,Brightforge Manufacturing,Claire,Morel,meeting_scheduled,email,outbound,2026-08-17,oliver.bennett,deal_035,,,booked,
act_0765,acc_006,con_012,Meadowbridge Health,Ruben,Visser,email_sent,email,outbound,2026-08-17,thomas.chen,,,,no_response,
act_0766,acc_013,con_0132,Emberfield Mobility,Matilde,Costa,call_placed,phone,outbound,2026-08-17,thomas.chen,deal_037,,,connected,
act_0767,acc_013,con_0132,Emberfield Mobility,Matilde,Costa,call_connected,phone,inbound,2026-08-17,thomas.chen,deal_037,,,replied_positive,
act_0768,acc_013,con_0132,Emberfield Mobility,Matilde,Costa,meeting_scheduled,phone,outbound,2026-08-17,thomas.chen,deal_037,,,booked,
act_0769,acc_013,con_0140,Emberfield Mobility,Carolina,Sousa,email_sent,email,outbound,2026-08-17,alex.morgan,,,,no_response,
act_0770,acc_014,con_0151,Fableworks Services,Venla,Koskela,email_sent,email,outbound,2026-08-17,oliver.bennett,,,,no_response,
act_0771,acc_026,con_0282,Terravale Labs,Francesco,Colombo,email_sent,email,outbound,2026-08-17,samira.lee,,,,no_response,
act_0772,acc_028,con_0299,Willowgate Commerce,David,Schwarz,call_placed,phone,outbound,2026-08-17,thomas.chen,deal_040,,,connected,
act_0773,acc_035,con_0379,Noviant Cloud,Eoin,Murray,call_placed,phone,outbound,2026-08-17,oliver.bennett,deal_043,,,no_response,
act_0774,acc_036,con_0396,Oakridge Systems,Ida,Solberg,email_sent,email,outbound,2026-08-17,thomas.chen,,,,sent,
act_0775,acc_045,con_0492,Deltaforge Mobility,Adrian,Koh,linkedin_connection_sent,linkedin,outbound,2026-08-17,oliver.bennett,deal_012,,,sent,
act_0776,acc_045,con_0494,Deltaforge Mobility,Benjamin,Ang,linkedin_connection_sent,linkedin,outbound,2026-08-17,oliver.bennett,,,,sent,
act_0777,acc_046,con_0502,Emberfield Services,Louis,Dubois,email_replied,email,inbound,2026-08-17,alex.morgan,deal_045,,,replied_positive,
act_0778,acc_056,con_0614,Riverstone Advisory,Nora,Smit,email_opened,email,outbound,2026-08-17,alex.morgan,,,,no_response,
act_0779,acc_058,con_0640,Summitline Labs,Nico,Brunner,email_opened,email,outbound,2026-08-17,thomas.chen,deal_047,,,opened,
act_0780,acc_066,con_0728,Ironvale Energy,Adam,Král,email_sent,email,outbound,2026-08-17,alex.morgan,,,,sent,
act_0781,acc_066,con_0733,Ironvale Energy,Adam,Sedláček,email_opened,email,outbound,2026-08-17,oliver.bennett,,,,opened,
act_0782,acc_070,con_0769,Redwoodline Platforms,Pablo,Fernández,voicemail_left,phone,outbound,2026-08-17,oliver.bennett,deal_049,,,no_response,
act_0783,acc_070,con_0776,Redwoodline Platforms,Nuria,Hernández,email_opened,email,outbound,2026-08-17,thomas.chen,,,,no_response,
act_0784,acc_072,con_0794,Solstice Advisory,Seán,Byrne,linkedin_connection_sent,linkedin,outbound,2026-08-17,samira.lee,,,,sent,
act_0785,acc_075,con_0831,Asterline Collective,Chloé,Bertrand,email_sent,email,outbound,2026-08-17,samira.lee,,,,no_response,
act_0786,acc_080,con_0881,Fableworks Networks,Alicja,Kowalski,email_replied,email,inbound,2026-08-17,oliver.bennett,deal_025,,,replied_positive,
act_0787,acc_087,con_0963,Pinebridge Health,Carolina,Rodrigues,email_sent,email,outbound,2026-08-17,samira.lee,,,,no_response,
act_0788,acc_002,con_0033,Harborline Systems,Isla,White,email_sent,email,outbound,2026-08-18,thomas.chen,,,,no_response,
act_0789,acc_002,con_0034,Harborline Systems,Oliver,Thomas,email_sent,email,outbound,2026-08-18,priya.nair,,,,no_response,
act_0790,acc_005,con_0052,Brightforge Manufacturing,Julien,Richard,email_sent,email,outbound,2026-08-18,samira.lee,,,,no_response,
act_0791,acc_009,con_0090,Asterline Analytics,Maxime,Thomas,email_opened,email,outbound,2026-08-18,alex.morgan,,,,no_response,
act_0792,acc_012,con_0123,Deltaforge Commerce,Thomas,Janssens,email_sent,email,outbound,2026-08-18,oliver.bennett,,,,no_response,
act_0793,acc_017,con_0186,Latticepoint Industries,James,White,email_sent,email,outbound,2026-08-18,priya.nair,,,,sent,
act_0794,acc_018,con_0189,Meadowcrest Energy,Álvaro,Romero,email_opened,email,outbound,2026-08-18,thomas.chen,deal_038,,,opened,
act_0795,acc_021,con_0228,Pinebridge Digital,Laura,Roth,email_opened,email,outbound,2026-08-18,thomas.chen,,,,no_response,
act_0796,acc_023,con_0254,Riverstone Health,William,Walker,email_sent,email,outbound,2026-08-18,priya.nair,,,,no_response,
act_0797,acc_026,con_0280,Terravale Labs,Luca,Rossi,email_sent,email,outbound,2026-08-18,alex.morgan,,,,no_response,
act_0798,acc_027,con_0288,Vantagefield Collective,Thomas,Vermeulen,email_sent,email,outbound,2026-08-18,samira.lee,,,,no_response,
act_0799,acc_028,con_0299,Willowgate Commerce,David,Schwarz,call_connected,phone,inbound,2026-08-18,thomas.chen,deal_040,,,replied_positive,
act_0800,acc_028,con_0300,Willowgate Commerce,Lena,Leitner,email_opened,email,outbound,2026-08-18,thomas.chen,,,,opened,
act_0801,acc_029,con_0312,Wintermere Mobility,Jakub,Veselý,email_replied,email,inbound,2026-08-18,priya.nair,deal_041,,,replied_positive,
act_0802,acc_035,con_0379,Noviant Cloud,Eoin,Murray,voicemail_left,phone,outbound,2026-08-18,oliver.bennett,deal_043,,,no_response,
act_0803,acc_038,con_0416,Skyward Platforms,Nina,Dubois,email_sent,email,outbound,2026-08-18,oliver.bennett,,,,no_response,
act_0804,acc_039,con_0431,Solstice Health,Amelia,Smith,email_sent,email,outbound,2026-08-18,thomas.chen,,,,no_response,
act_0805,acc_041,con_0446,Yarrow Analytics,Alice,Esposito,meeting_held,video,outbound,2026-08-18,alex.morgan,deal_024,,,held,
act_0806,acc_041,con_0447,Yarrow Analytics,Francesco,Giordano,email_opened,email,outbound,2026-08-18,alex.morgan,,,,no_response,
act_0807,acc_046,con_0503,Emberfield Services,Gabriel,David,email_opened,email,outbound,2026-08-18,priya.nair,,,,no_response,
act_0808,acc_050,con_0548,Latticepoint Energy,Joana,Gomes,email_sent,email,outbound,2026-08-18,alex.morgan,,,,no_response,
act_0809,acc_050,con_0552,Latticepoint Energy,Pedro,Oliveira,email_sent,email,outbound,2026-08-18,oliver.bennett,,,,sent,
act_0810,acc_051,con_0565,Meadowcrest Cloud,Oliver,Salminen,email_sent,email,outbound,2026-08-18,thomas.chen,,,,sent,
act_0811,acc_057,con_0625,Silvergrove Analytics,Agnes,Kristensen,email_sent,email,outbound,2026-08-18,oliver.bennett,,,,no_response,
act_0812,acc_058,con_0641,Summitline Labs,Laura,Kunz,linkedin_connection_sent,linkedin,outbound,2026-08-18,thomas.chen,,,,sent,
act_0813,acc_063,con_0693,Brightpath Works,Francesca,Mancini,email_sent,email,outbound,2026-08-18,thomas.chen,,,,sent,
act_0814,acc_070,con_0769,Redwoodline Platforms,Pablo,Fernández,call_placed,phone,outbound,2026-08-18,oliver.bennett,deal_049,,,connected,
act_0815,acc_070,con_0769,Redwoodline Platforms,Pablo,Fernández,call_connected,phone,inbound,2026-08-18,oliver.bennett,deal_049,,,replied_positive,
act_0816,acc_070,con_0769,Redwoodline Platforms,Pablo,Fernández,meeting_scheduled,phone,outbound,2026-08-18,oliver.bennett,deal_049,,,booked,
act_0817,acc_071,con_0779,Skyward Health,Lotte,de Groot,email_sent,email,outbound,2026-08-18,alex.morgan,deal_018,,,sent,
act_0818,acc_071,con_0781,Skyward Health,Sophie,Dekker,email_sent,email,outbound,2026-08-18,alex.morgan,,,,sent,
act_0819,acc_080,con_0884,Fableworks Networks,Jakub,Nowak,email_sent,email,outbound,2026-08-18,oliver.bennett,,,,sent,
act_0820,acc_087,con_0968,Pinebridge Health,Carolina,Gonçalves,email_opened,email,outbound,2026-08-18,alex.morgan,,,,no_response,
act_0821,acc_088,con_0972,Quartzline Advisory,Iida,Laine,meeting_scheduled,email,outbound,2026-08-18,thomas.chen,deal_026,,,booked,
act_0822,acc_001,con_0017,Northstar Ledger,Camille,Bernard,email_opened,email,outbound,2026-08-19,alex.morgan,,,,no_response,
act_0823,acc_001,con_002,Northstar Ledger,Jonas,Vega,email_sent,email,outbound,2026-08-19,thomas.chen,,sig_002,,no_response,
act_0824,acc_003,con_0039,Morrow Mobility,Hannah,Müller,email_opened,email,outbound,2026-08-19,samira.lee,,,,no_response,
act_0825,acc_013,con_0134,Emberfield Mobility,Gonçalo,Gonçalves,email_sent,email,outbound,2026-08-19,thomas.chen,,,,sent,
act_0826,acc_015,con_0165,Graniteway Works,Evelyn,Jackson,email_sent,email,outbound,2026-08-19,thomas.chen,,,,no_response,
act_0827,acc_016,con_0177,Juniperlane Networks,Baptiste,Michel,email_replied,email,inbound,2026-08-19,thomas.chen,,,,replied_neutral,
act_0828,acc_020,con_0218,Orbitwell Systems,Oscar,Hansen,email_sent,email,outbound,2026-08-19,oliver.bennett,,,,no_response,
act_0829,acc_022,con_0236,Quartzline Platforms,Jack,Smith,email_opened,email,outbound,2026-08-19,thomas.chen,,,,no_response,
act_0830,acc_029,con_0314,Wintermere Mobility,Karolína,Hájek,email_sent,email,outbound,2026-08-19,priya.nair,,,,sent,
act_0831,acc_035,con_0380,Noviant Cloud,Grace,O'Neill,email_sent,email,outbound,2026-08-19,oliver.bennett,,,,no_response,
act_0832,acc_036,con_0391,Oakridge Systems,Ida,Berg,email_sent,email,outbound,2026-08-19,alex.morgan,,,,sent,
act_0833,acc_037,con_0411,Redwoodline Digital,William,Gonzalez,email_sent,email,outbound,2026-08-19,samira.lee,,,,no_response,
act_0834,acc_043,con_0468,Bluehaven Collective,Hanna,Mazur,email_sent,email,outbound,2026-08-19,alex.morgan,,,,no_response,
act_0835,acc_044,con_0483,Copperleaf Commerce,Ethan,Wilson,email_sent,email,outbound,2026-08-19,samira.lee,,,,no_response,
act_0836,acc_046,con_0506,Emberfield Services,Léa,Garcia,email_sent,email,outbound,2026-08-19,oliver.bennett,,,,no_response,
act_0837,acc_054,con_0591,Pinebridge Platforms,Leo,Hall,email_sent,email,outbound,2026-08-19,alex.morgan,deal_055,,,no_response,
act_0838,acc_055,con_0609,Quartzline Health,Álvaro,García,email_opened,email,outbound,2026-08-19,samira.lee,,,,no_response,
act_0839,acc_057,con_0635,Silvergrove Analytics,Agnes,Hansen,email_sent,email,outbound,2026-08-19,priya.nair,,,,no_response,
act_0840,acc_058,con_0636,Summitline Labs,Laura,Zimmermann,email_sent,email,outbound,2026-08-19,alex.morgan,,,,no_response,
act_0841,acc_058,con_0640,Summitline Labs,Nico,Brunner,email_replied,email,inbound,2026-08-19,thomas.chen,deal_047,,,replied_positive,
act_0842,acc_062,con_0680,Wintermere Services,Emma,Schneider,email_opened,email,outbound,2026-08-19,samira.lee,,,,opened,
act_0843,acc_063,con_0689,Brightpath Works,Lorenzo,Ferrari,meeting_scheduled,email,outbound,2026-08-19,thomas.chen,deal_048,,,booked,
act_0844,acc_064,con_0704,Cedarpoint Networks,Emma,Martin,email_sent,email,outbound,2026-08-19,alex.morgan,deal_057,,,no_response,
act_0845,acc_065,con_0716,Harborstone Industries,Mia,Schmid,email_sent,email,outbound,2026-08-19,priya.nair,,,,sent,
act_0846,acc_066,con_0725,Ironvale Energy,Matěj,Jelínek,email_sent,email,outbound,2026-08-19,alex.morgan,deal_016,,,no_response,
act_0847,acc_070,con_0768,Redwoodline Platforms,Alba,Gómez,email_sent,email,outbound,2026-08-19,oliver.bennett,,,,no_response,
act_0848,acc_073,con_0812,Westmere Analytics,Emil,Pedersen,email_opened,email,outbound,2026-08-19,samira.lee,,,,opened,
act_0849,acc_078,con_0857,Deltaforge Services,Matteo,Romano,email_sent,email,outbound,2026-08-19,alex.morgan,,,,no_response,
act_0850,acc_079,con_0874,Emberfield Works,Oscar,Larsson,email_sent,email,outbound,2026-08-19,thomas.chen,,,,no_response,
act_0851,acc_080,con_0882,Fableworks Networks,Szymon,Kwiatkowski,email_sent,email,outbound,2026-08-19,oliver.bennett,,,,sent,
act_0852,acc_002,con_0026,Harborline Systems,Maya,Williams,email_opened,email,outbound,2026-08-20,samira.lee,,,,no_response,
act_0853,acc_005,con_0060,Brightforge Manufacturing,Élodie,Moreau,email_sent,email,outbound,2026-08-20,priya.nair,,,,no_response,
act_0854,acc_006,con_0069,Meadowbridge Health,Eva,Mulder,email_sent,email,outbound,2026-08-20,thomas.chen,,,,no_response,
act_0855,acc_009,con_0093,Asterline Analytics,Gabriel,Dubois,email_sent,email,outbound,2026-08-20,oliver.bennett,,,,no_response,
act_0856,acc_009,con_0097,Asterline Analytics,Louis,Garcia,email_sent,email,outbound,2026-08-20,samira.lee,,,,no_response,
act_0857,acc_012,con_0129,Deltaforge Commerce,Camille,Dubois,email_sent,email,outbound,2026-08-20,priya.nair,,,,no_response,
act_0858,acc_018,con_0189,Meadowcrest Energy,Álvaro,Romero,email_replied,email,inbound,2026-08-20,thomas.chen,deal_038,,,replied_positive,
act_0859,acc_019,con_0209,Northstar Cloud,Eva,Dekker,email_sent,email,outbound,2026-08-20,alex.morgan,,,,no_response,
act_0860,acc_025,con_0269,Summitline Analytics,Ben,Neumann,email_sent,email,outbound,2026-08-20,samira.lee,,,,no_response,
act_0861,acc_027,con_0291,Vantagefield Collective,Simon,De Vos,email_opened,email,outbound,2026-08-20,oliver.bennett,,,,no_response,
act_0862,acc_027,con_0295,Vantagefield Collective,Arthur,Maes,email_sent,email,outbound,2026-08-20,oliver.bennett,,,,no_response,
act_0863,acc_037,con_0405,Redwoodline Digital,Harper,Anderson,email_sent,email,outbound,2026-08-20,oliver.bennett,,,,sent,
act_0864,acc_044,con_0481,Copperleaf Commerce,Theo,Brown,email_sent,email,outbound,2026-08-20,alex.morgan,,,,no_response,
act_0865,acc_045,con_0492,Deltaforge Mobility,Adrian,Koh,email_sent,email,outbound,2026-08-20,oliver.bennett,deal_012,,,sent,
act_0866,acc_045,con_0494,Deltaforge Mobility,Benjamin,Ang,email_sent,email,outbound,2026-08-20,oliver.bennett,,,,sent,
act_0867,acc_045,con_0500,Deltaforge Mobility,Maya,Chong,email_sent,email,outbound,2026-08-20,samira.lee,,,,no_response,
act_0868,acc_046,con_0502,Emberfield Services,Louis,Dubois,meeting_scheduled,email,outbound,2026-08-20,alex.morgan,deal_045,,,booked,
act_0869,acc_050,con_0547,Latticepoint Energy,Pedro,Teixeira,email_sent,email,outbound,2026-08-20,samira.lee,,,,no_response,
act_0870,acc_050,con_0555,Latticepoint Energy,Leonor,Pereira,email_sent,email,outbound,2026-08-20,oliver.bennett,,,,sent,
act_0871,acc_050,con_0557,Latticepoint Energy,Pedro,Sousa,email_sent,email,outbound,2026-08-20,samira.lee,,,,no_response,
act_0872,acc_054,con_0592,Pinebridge Platforms,Sophie,Wright,email_sent,email,outbound,2026-08-20,samira.lee,,,,no_response,
act_0873,acc_066,con_0733,Ironvale Energy,Adam,Sedláček,email_replied,email,inbound,2026-08-20,oliver.bennett,,,,replied_neutral,
act_0874,acc_071,con_0785,Skyward Health,Sem,de Boer,email_sent,email,outbound,2026-08-20,priya.nair,,,,no_response,
act_0875,acc_072,con_0794,Solstice Advisory,Seán,Byrne,email_sent,email,outbound,2026-08-20,samira.lee,,,,sent,
act_0876,acc_080,con_0881,Fableworks Networks,Alicja,Kowalski,meeting_scheduled,email,outbound,2026-08-20,oliver.bennett,deal_025,,,booked,
act_0877,acc_084,con_0928,Meadowcrest Systems,Leon,Wagner,email_sent,email,outbound,2026-08-20,thomas.chen,,,,no_response,
act_0878,acc_007,con_0076,Atelier Nova,Gabriele,Ricci,email_sent,email,outbound,2026-08-21,alex.morgan,,,,no_response,
act_0879,acc_005,con_009,Brightforge Manufacturing,Claire,Morel,meeting_held,video,outbound,2026-08-21,oliver.bennett,deal_035,,,held,
act_0880,acc_005,con_010,Brightforge Manufacturing,Hugo,Bernard,email_sent,email,outbound,2026-08-21,oliver.bennett,,,,no_response,
act_0881,acc_010,con_0104,Bluehaven Labs,Anna,Koch,email_sent,email,outbound,2026-08-21,alex.morgan,,,,no_response,
act_0882,acc_021,con_0227,Pinebridge Digital,Nico,Schmid,email_sent,email,outbound,2026-08-21,alex.morgan,,,,no_response,
act_0883,acc_028,con_0299,Willowgate Commerce,David,Schwarz,meeting_scheduled,phone,outbound,2026-08-21,thomas.chen,deal_040,,,booked,
act_0884,acc_028,con_0300,Willowgate Commerce,Lena,Leitner,email_replied,email,inbound,2026-08-21,thomas.chen,,,,replied_neutral,
act_0885,acc_029,con_0312,Wintermere Mobility,Jakub,Veselý,meeting_scheduled,email,outbound,2026-08-21,priya.nair,deal_041,,,booked,
act_0886,acc_036,con_0396,Oakridge Systems,Ida,Solberg,email_opened,email,outbound,2026-08-21,thomas.chen,,,,no_response,
act_0887,acc_046,con_0504,Emberfield Services,Amélie,Leroy,linkedin_connection_sent,linkedin,outbound,2026-08-21,alex.morgan,,,,sent,
act_0888,acc_057,con_0629,Silvergrove Analytics,Elias,Andersen,email_sent,email,outbound,2026-08-21,samira.lee,,,,no_response,
act_0889,acc_058,con_0641,Summitline Labs,Laura,Kunz,email_sent,email,outbound,2026-08-21,thomas.chen,,,,sent,
act_0890,acc_064,con_0705,Cedarpoint Networks,Elise,Vermeulen,email_sent,email,outbound,2026-08-21,oliver.bennett,,,,sent,
act_0891,acc_066,con_0725,Ironvale Energy,Matěj,Jelínek,email_sent,email,outbound,2026-08-21,alex.morgan,deal_016,,,no_response,
act_0892,acc_066,con_0728,Ironvale Energy,Adam,Král,email_opened,email,outbound,2026-08-21,alex.morgan,,,,no_response,
act_0893,acc_072,con_0793,Solstice Advisory,Grace,Doherty,email_sent,email,outbound,2026-08-21,samira.lee,deal_019,,,sent,
act_0894,acc_075,con_0829,Asterline Collective,Hugo,Simon,email_sent,email,outbound,2026-08-21,priya.nair,,,,no_response,
act_0895,acc_080,con_0884,Fableworks Networks,Jakub,Nowak,email_opened,email,outbound,2026-08-21,oliver.bennett,,,,opened,
act_0896,acc_001,con_0023,Northstar Ledger,Nina,Vincent,email_sent,email,outbound,2026-08-22,oliver.bennett,,,,no_response,
act_0897,acc_013,con_0141,Emberfield Mobility,Miguel,Ferreira,email_sent,email,outbound,2026-08-22,priya.nair,,,,no_response,
act_0898,acc_016,con_0176,Juniperlane Networks,Chloé,Bernard,email_sent,email,outbound,2026-08-22,oliver.bennett,,,,sent,
act_0899,acc_017,con_0186,Latticepoint Industries,James,White,email_opened,email,outbound,2026-08-22,priya.nair,,,,no_response,
act_0900,acc_018,con_0198,Meadowcrest Energy,Marta,Moreno,email_sent,email,outbound,2026-08-22,priya.nair,,,,no_response,
act_0901,acc_021,con_0221,Pinebridge Digital,Alina,Weber,email_sent,email,outbound,2026-08-22,thomas.chen,,,,no_response,
act_0902,acc_029,con_0314,Wintermere Mobility,Karolína,Hájek,email_opened,email,outbound,2026-08-22,priya.nair,,,,opened,
act_0903,acc_029,con_0317,Wintermere Mobility,Jakub,Pokorný,email_sent,email,outbound,2026-08-22,alex.morgan,,,,no_response,
act_0904,acc_029,con_0318,Wintermere Mobility,David,Procházka,email_sent,email,outbound,2026-08-22,priya.nair,,,,sent,
act_0905,acc_035,con_0379,Noviant Cloud,Eoin,Murray,call_placed,phone,outbound,2026-08-22,oliver.bennett,deal_043,,,connected,
act_0906,acc_036,con_0391,Oakridge Systems,Ida,Berg,email_opened,email,outbound,2026-08-22,alex.morgan,,,,opened,
act_0907,acc_044,con_0482,Copperleaf Commerce,Chloe,Bouchard,email_sent,email,outbound,2026-08-22,samira.lee,,,,no_response,
act_0908,acc_046,con_0504,Emberfield Services,Amélie,Leroy,email_sent,email,outbound,2026-08-22,alex.morgan,,,,sent,
act_0909,acc_050,con_0552,Latticepoint Energy,Pedro,Oliveira,email_opened,email,outbound,2026-08-22,oliver.bennett,,,,no_response,
act_0910,acc_051,con_0565,Meadowcrest Cloud,Oliver,Salminen,email_opened,email,outbound,2026-08-22,thomas.chen,,,,no_response,
act_0911,acc_058,con_0640,Summitline Labs,Nico,Brunner,meeting_scheduled,email,outbound,2026-08-22,thomas.chen,deal_047,,,booked,
act_0912,acc_062,con_0678,Wintermere Services,Paul,Neumann,email_sent,email,outbound,2026-08-22,samira.lee,deal_015,,,no_response,
act_0913,acc_062,con_0680,Wintermere Services,Emma,Schneider,email_replied,email,inbound,2026-08-22,samira.lee,,,,replied_neutral,
act_0914,acc_065,con_0723,Harborstone Industries,Lena,Pichler,email_sent,email,outbound,2026-08-22,samira.lee,,,,no_response,
act_0915,acc_068,con_0748,Noviant Systems,Gabriel,Vincent,email_sent,email,outbound,2026-08-22,priya.nair,,,,no_response,
act_0916,acc_071,con_0779,Skyward Health,Lotte,de Groot,email_opened,email,outbound,2026-08-22,alex.morgan,deal_018,,,no_response,
act_0917,acc_071,con_0781,Skyward Health,Sophie,Dekker,email_opened,email,outbound,2026-08-22,alex.morgan,,,,no_response,
act_0918,acc_073,con_0812,Westmere Analytics,Emil,Pedersen,email_replied,email,inbound,2026-08-22,samira.lee,,,,replied_neutral,
act_0919,acc_076,con_0839,Bluehaven Commerce,Grace,Evans,email_sent,email,outbound,2026-08-22,alex.morgan,,,,no_response,
act_0920,acc_082,con_0910,Juniperlane Energy,Chloe,Lee,email_sent,email,outbound,2026-08-22,priya.nair,,,,no_response,
act_0921,acc_084,con_0931,Meadowcrest Systems,Jonas,Meyer,email_sent,email,outbound,2026-08-22,alex.morgan,,,,no_response,
act_0922,acc_088,con_0972,Quartzline Advisory,Iida,Laine,meeting_held,video,outbound,2026-08-22,thomas.chen,deal_026,,,held,
act_0923,acc_090,con_0990,Silvergrove Labs,Mathieu,Leroy,email_sent,email,outbound,2026-08-22,thomas.chen,,,,no_response,
act_0924,acc_005,con_0053,Brightforge Manufacturing,Sophie,Vincent,email_sent,email,outbound,2026-08-23,oliver.bennett,,,,sent,
act_0925,acc_011,con_0119,Copperleaf Collective,Leonardo,Marino,email_sent,email,outbound,2026-08-23,thomas.chen,,,,no_response,
act_0926,acc_013,con_0134,Emberfield Mobility,Gonçalo,Gonçalves,email_opened,email,outbound,2026-08-23,thomas.chen,,,,no_response,
act_0927,acc_015,con_0156,Graniteway Works,Henry,Johnson,email_sent,email,outbound,2026-08-23,thomas.chen,,,,sent,
act_0928,acc_018,con_0189,Meadowcrest Energy,Álvaro,Romero,meeting_scheduled,email,outbound,2026-08-23,thomas.chen,deal_038,,,booked,
act_0929,acc_018,con_0190,Meadowcrest Energy,Paula,Jiménez,email_sent,email,outbound,2026-08-23,thomas.chen,,,,sent,
act_0930,acc_018,con_0200,Meadowcrest Energy,Paula,García,email_sent,email,outbound,2026-08-23,samira.lee,,,,no_response,
act_0931,acc_024,con_0263,Silvergrove Advisory,Oscar,White,email_sent,email,outbound,2026-08-23,priya.nair,,,,no_response,
act_0932,acc_026,con_0287,Terravale Labs,Francesco,Gallo,email_sent,email,outbound,2026-08-23,priya.nair,,,,no_response,
act_0933,acc_028,con_0301,Willowgate Commerce,Lukas,Müller,email_sent,email,outbound,2026-08-23,alex.morgan,,,,no_response,
act_0934,acc_030,con_0326,Brightpath Services,Oliver,Rodriguez,email_sent,email,outbound,2026-08-23,alex.morgan,,,,no_response,
act_0935,acc_032,con_0353,Harborstone Networks,Lukas,Becker,email_sent,email,outbound,2026-08-23,samira.lee,,,,no_response,
act_0936,acc_035,con_0379,Noviant Cloud,Eoin,Murray,call_connected,phone,inbound,2026-08-23,oliver.bennett,deal_043,,,replied_positive,
act_0937,acc_036,con_0389,Oakridge Systems,Leah,Kristiansen,email_sent,email,outbound,2026-08-23,oliver.bennett,,,,sent,
act_0938,acc_039,con_0433,Solstice Health,Henry,Davies,email_sent,email,outbound,2026-08-23,oliver.bennett,,,,sent,
act_0939,acc_049,con_0539,Juniperlane Industries,Jules,Dupont,email_sent,email,outbound,2026-08-23,priya.nair,,,,no_response,
act_0940,acc_057,con_0628,Silvergrove Analytics,William,Madsen,email_sent,email,outbound,2026-08-23,priya.nair,,,,sent,
act_0941,acc_058,con_0645,Summitline Labs,Nico,Graf,email_sent,email,outbound,2026-08-23,oliver.bennett,,,,no_response,
act_0942,acc_063,con_0689,Brightpath Works,Lorenzo,Ferrari,meeting_held,video,outbound,2026-08-23,thomas.chen,deal_048,,,held,
act_0943,acc_063,con_0693,Brightpath Works,Francesca,Mancini,email_opened,email,outbound,2026-08-23,thomas.chen,,,,opened,
act_0944,acc_065,con_0716,Harborstone Industries,Mia,Schmid,email_opened,email,outbound,2026-08-23,priya.nair,,,,no_response,
act_0945,acc_074,con_0822,Yarrow Labs,Sophia,Jackson,email_sent,email,outbound,2026-08-23,priya.nair,,,,no_response,
act_0946,acc_006,con_011,Meadowbridge Health,Maya,Smit,email_sent,email,outbound,2026-08-24,oliver.bennett,,sig_008,,sent,
act_0947,acc_022,con_0241,Quartzline Platforms,Jack,Gagnon,email_sent,email,outbound,2026-08-24,thomas.chen,,,,no_response,
act_0948,acc_023,con_0247,Riverstone Health,Theodore,Williams,email_sent,email,outbound,2026-08-24,oliver.bennett,,,,no_response,
act_0949,acc_024,con_0264,Silvergrove Advisory,Maya,Thomas,email_sent,email,outbound,2026-08-24,alex.morgan,,,,no_response,
act_0950,acc_024,con_0265,Silvergrove Advisory,Jack,Jones,email_sent,email,outbound,2026-08-24,samira.lee,,,,no_response,
act_0951,acc_025,con_0270,Summitline Analytics,Emma,Hoffmann,email_sent,email,outbound,2026-08-24,oliver.bennett,,,,sent,
act_0952,acc_028,con_0307,Willowgate Commerce,Tobias,Huber,email_sent,email,outbound,2026-08-24,samira.lee,,,,no_response,
act_0953,acc_028,con_0308,Willowgate Commerce,Mia,Mayr,email_sent,email,outbound,2026-08-24,priya.nair,,,,no_response,
act_0954,acc_037,con_0405,Redwoodline Digital,Harper,Anderson,email_opened,email,outbound,2026-08-24,oliver.bennett,,,,no_response,
act_0955,acc_037,con_0406,Redwoodline Digital,William,Davis,email_sent,email,outbound,2026-08-24,thomas.chen,,,,no_response,
act_0956,acc_039,con_0426,Solstice Health,Amelia,White,email_sent,email,outbound,2026-08-24,alex.morgan,,,,sent,
act_0957,acc_040,con_0442,Westmere Advisory,Adrián,López,email_sent,email,outbound,2026-08-24,priya.nair,,,,sent,
act_0958,acc_042,con_0457,Asterline Labs,Ella,Gustafsson,email_sent,email,outbound,2026-08-24,alex.morgan,,,,sent,
act_0959,acc_044,con_0484,Copperleaf Commerce,Emma,Smith,email_sent,email,outbound,2026-08-24,samira.lee,,,,no_response,
act_0960,acc_046,con_0502,Emberfield Services,Louis,Dubois,meeting_held,video,outbound,2026-08-24,alex.morgan,deal_045,,,held,
act_0961,acc_046,con_0504,Emberfield Services,Amélie,Leroy,email_opened,email,outbound,2026-08-24,alex.morgan,,,,opened,
act_0962,acc_047,con_0518,Fableworks Works,Paul,Bauer,email_sent,email,outbound,2026-08-24,samira.lee,,,,no_response,
act_0963,acc_048,con_0530,Graniteway Networks,Giulia,Mancini,email_sent,email,outbound,2026-08-24,alex.morgan,,,,no_response,
act_0964,acc_050,con_0548,Latticepoint Energy,Joana,Gomes,email_sent,email,outbound,2026-08-24,alex.morgan,,,,no_response,
act_0965,acc_050,con_0555,Latticepoint Energy,Leonor,Pereira,email_opened,email,outbound,2026-08-24,oliver.bennett,,,,no_response,
act_0966,acc_053,con_0583,Orbitwell Digital,Inès,Garcia,email_sent,email,outbound,2026-08-24,samira.lee,,,,no_response,
act_0967,acc_055,con_0610,Quartzline Health,Paula,Díaz,email_sent,email,outbound,2026-08-24,priya.nair,,,,no_response,
act_0968,acc_063,con_0698,Brightpath Works,Francesca,Moretti,email_sent,email,outbound,2026-08-24,samira.lee,,,,no_response,
act_0969,acc_072,con_0795,Solstice Advisory,Clodagh,McGrath,email_sent,email,outbound,2026-08-24,alex.morgan,,,,no_response,
act_0970,acc_075,con_0831,Asterline Collective,Chloé,Bertrand,email_sent,email,outbound,2026-08-24,samira.lee,,,,no_response,
act_0971,acc_077,con_0849,Copperleaf Mobility,Diego,García,email_sent,email,outbound,2026-08-24,thomas.chen,,,,sent,
act_0972,acc_080,con_0881,Fableworks Networks,Alicja,Kowalski,meeting_held,video,outbound,2026-08-24,oliver.bennett,deal_025,,,held,
act_0973,acc_080,con_0882,Fableworks Networks,Szymon,Kwiatkowski,email_opened,email,outbound,2026-08-24,oliver.bennett,,,,opened,
act_0974,acc_080,con_0884,Fableworks Networks,Jakub,Nowak,email_replied,email,inbound,2026-08-24,oliver.bennett,,,,replied_neutral,
act_0975,acc_087,con_0962,Pinebridge Health,Gonçalo,Lopes,email_sent,email,outbound,2026-08-24,priya.nair,,,,no_response,
act_0976,acc_088,con_0973,Quartzline Advisory,Emil,Mattila,email_sent,email,outbound,2026-08-24,thomas.chen,,,,sent,
act_0977,acc_001,con_0020,Northstar Ledger,Manon,Fournier,email_sent,email,outbound,2026-08-25,thomas.chen,,,,no_response,
act_0978,acc_004,con_0051,Cedar & Finch Advisory,Liam,Jacobs,email_sent,email,outbound,2026-08-25,alex.morgan,,,,no_response,
act_0979,acc_005,con_0053,Brightforge Manufacturing,Sophie,Vincent,email_opened,email,outbound,2026-08-25,oliver.bennett,,,,opened,
act_0980,acc_006,con_0070,Meadowbridge Health,Milan,van Dijk,email_sent,email,outbound,2026-08-25,priya.nair,,,,no_response,
act_0981,acc_007,con_0079,Atelier Nova,Alessandro,Colombo,email_sent,email,outbound,2026-08-25,thomas.chen,,,,no_response,
act_0982,acc_011,con_0120,Copperleaf Collective,Giulia,Russo,email_sent,email,outbound,2026-08-25,oliver.bennett,,,,no_response,
act_0983,acc_014,con_0150,Fableworks Services,Emil,Mäkinen,email_sent,email,outbound,2026-08-25,oliver.bennett,,,,no_response,
act_0984,acc_017,con_0188,Latticepoint Industries,Noah,Jones,email_sent,email,outbound,2026-08-25,priya.nair,,,,no_response,
act_0985,acc_022,con_0238,Quartzline Platforms,Leo,Lee,email_sent,email,outbound,2026-08-25,thomas.chen,,,,no_response,
act_0986,acc_026,con_0281,Terravale Labs,Alice,De Luca,email_sent,email,outbound,2026-08-25,samira.lee,,,,no_response,
act_0987,acc_029,con_0312,Wintermere Mobility,Jakub,Veselý,meeting_held,video,outbound,2026-08-25,priya.nair,deal_041,,,held,
act_0988,acc_029,con_0314,Wintermere Mobility,Karolína,Hájek,email_replied,email,inbound,2026-08-25,priya.nair,,,,replied_neutral,
act_0989,acc_029,con_0318,Wintermere Mobility,David,Procházka,email_opened,email,outbound,2026-08-25,priya.nair,,,,opened,
act_0990,acc_036,con_0390,Oakridge Systems,Elias,Hansen,email_sent,email,outbound,2026-08-25,alex.morgan,deal_010,,,no_response,
act_0991,acc_036,con_0391,Oakridge Systems,Ida,Berg,email_replied,email,inbound,2026-08-25,alex.morgan,,,,replied_neutral,
act_0992,acc_042,con_0459,Asterline Labs,Astrid,Lindberg,email_sent,email,outbound,2026-08-25,oliver.bennett,,,,no_response,
act_0993,acc_045,con_0492,Deltaforge Mobility,Adrian,Koh,email_opened,email,outbound,2026-08-25,oliver.bennett,deal_012,,,opened,
act_0994,acc_045,con_0494,Deltaforge Mobility,Benjamin,Ang,email_opened,email,outbound,2026-08-25,oliver.bennett,,,,opened,
act_0995,acc_050,con_0546,Latticepoint Energy,Martim,Rodrigues,email_sent,email,outbound,2026-08-25,alex.morgan,,,,no_response,
act_0996,acc_057,con_0628,Silvergrove Analytics,William,Madsen,email_opened,email,outbound,2026-08-25,priya.nair,,,,opened,
act_0997,acc_061,con_0670,Willowgate Mobility,Arthur,Wilson,email_sent,email,outbound,2026-08-25,oliver.bennett,,,,no_response,
act_0998,acc_064,con_0705,Cedarpoint Networks,Elise,Vermeulen,email_opened,email,outbound,2026-08-25,oliver.bennett,,,,no_response,
act_0999,acc_066,con_0732,Ironvale Energy,Lucie,Kučera,email_sent,email,outbound,2026-08-25,alex.morgan,,,,no_response,
act_1000,acc_067,con_0746,Mapleworks Cloud,Oliver,Lopez,email_sent,email,outbound,2026-08-25,oliver.bennett,,,,no_response,
act_1001,acc_071,con_0787,Skyward Health,Fleur,Hendriks,email_sent,email,outbound,2026-08-25,alex.morgan,,,,no_response,
act_1002,acc_072,con_0793,Solstice Advisory,Grace,Doherty,email_opened,email,outbound,2026-08-25,samira.lee,deal_019,,,no_response,
act_1003,acc_072,con_0794,Solstice Advisory,Seán,Byrne,email_opened,email,outbound,2026-08-25,samira.lee,,,,opened,
act_1004,acc_074,con_0821,Yarrow Labs,William,Garcia,email_sent,email,outbound,2026-08-25,samira.lee,,,,no_response,
act_1005,acc_081,con_0893,Graniteway Industries,Ethan,Smith,email_sent,email,outbound,2026-08-25,samira.lee,,,,no_response,
act_1006,acc_001,con_0024,Northstar Ledger,Antoine,Laurent,email_sent,email,outbound,2026-08-26,oliver.bennett,,,,no_response,
act_1007,acc_010,con_0109,Bluehaven Labs,Anna,Schröder,email_sent,email,outbound,2026-08-26,priya.nair,,,,no_response,
act_1008,acc_011,con_0114,Copperleaf Collective,Leonardo,Esposito,email_sent,email,outbound,2026-08-26,priya.nair,,,,no_response,
act_1009,acc_016,con_0176,Juniperlane Networks,Chloé,Bernard,email_opened,email,outbound,2026-08-26,oliver.bennett,,,,no_response,
act_1010,acc_017,con_0179,Latticepoint Industries,Emily,Williams,email_sent,email,outbound,2026-08-26,samira.lee,,,,no_response,
act_1011,acc_026,con_0282,Terravale Labs,Francesco,Colombo,email_sent,email,outbound,2026-08-26,samira.lee,,,,no_response,
act_1012,acc_030,con_0327,Brightpath Services,Ava,Johnson,email_sent,email,outbound,2026-08-26,samira.lee,,,,no_response,
act_1013,acc_035,con_0378,Noviant Cloud,Cian,Walsh,email_sent,email,outbound,2026-08-26,oliver.bennett,,,,no_response,
act_1014,acc_035,con_0379,Noviant Cloud,Eoin,Murray,meeting_scheduled,phone,outbound,2026-08-26,oliver.bennett,deal_043,,,booked,
act_1015,acc_035,con_0380,Noviant Cloud,Grace,O'Neill,email_sent,email,outbound,2026-08-26,oliver.bennett,,,,no_response,
act_1016,acc_038,con_0415,Skyward Platforms,Camille,Moreau,email_sent,email,outbound,2026-08-26,thomas.chen,,,,no_response,
act_1017,acc_046,con_0508,Emberfield Services,Gabriel,Bernard,email_sent,email,outbound,2026-08-26,priya.nair,,,,no_response,
act_1018,acc_052,con_0574,Northstar Systems,Benjamin,Anderson,email_sent,email,outbound,2026-08-26,alex.morgan,,,,no_response,
act_1019,acc_055,con_0608,Quartzline Health,Marta,Pérez,email_sent,email,outbound,2026-08-26,alex.morgan,,,,no_response,
act_1020,acc_058,con_0640,Summitline Labs,Nico,Brunner,meeting_held,video,outbound,2026-08-26,thomas.chen,deal_047,,,held,
act_1021,acc_058,con_0641,Summitline Labs,Laura,Kunz,email_opened,email,outbound,2026-08-26,thomas.chen,,,,opened,
act_1022,acc_089,con_0981,Riverstone Analytics,Oliver,Jones,email_sent,email,outbound,2026-08-26,alex.morgan,,,,no_response,
act_1023,acc_090,con_0991,Silvergrove Labs,Chloé,Martin,email_sent,email,outbound,2026-08-26,alex.morgan,,,,no_response,
act_1024,acc_003,con_0035,Morrow Mobility,Finn,Schulz,email_sent,email,outbound,2026-08-27,oliver.bennett,,,,no_response,
act_1025,acc_009,con_0097,Asterline Analytics,Louis,Garcia,email_sent,email,outbound,2026-08-27,samira.lee,,,,no_response,
act_1026,acc_015,con_0156,Graniteway Works,Henry,Johnson,email_opened,email,outbound,2026-08-27,thomas.chen,,,,no_response,
act_1027,acc_018,con_0189,Meadowcrest Energy,Álvaro,Romero,meeting_held,video,outbound,2026-08-27,thomas.chen,deal_038,,,held,
act_1028,acc_018,con_0190,Meadowcrest Energy,Paula,Jiménez,email_opened,email,outbound,2026-08-27,thomas.chen,,,,no_response,
act_1029,acc_026,con_0280,Terravale Labs,Luca,Rossi,email_sent,email,outbound,2026-08-27,alex.morgan,,,,no_response,
act_1030,acc_035,con_0387,Noviant Cloud,Clodagh,Murphy,email_sent,email,outbound,2026-08-27,samira.lee,,,,no_response,
act_1031,acc_036,con_0389,Oakridge Systems,Leah,Kristiansen,email_opened,email,outbound,2026-08-27,oliver.bennett,,,,no_response,
act_1032,acc_036,con_0397,Oakridge Systems,Isak,Pettersen,email_sent,email,outbound,2026-08-27,thomas.chen,,,,no_response,
act_1033,acc_038,con_0416,Skyward Platforms,Nina,Dubois,email_sent,email,outbound,2026-08-27,oliver.bennett,,,,no_response,
act_1034,acc_039,con_0433,Solstice Health,Henry,Davies,email_opened,email,outbound,2026-08-27,oliver.bennett,,,,no_response,
act_1035,acc_042,con_0462,Asterline Labs,Ella,Bengtsson,email_sent,email,outbound,2026-08-27,alex.morgan,,,,no_response,
act_1036,acc_045,con_0495,Deltaforge Mobility,Maya,Ong,email_sent,email,outbound,2026-08-27,alex.morgan,,,,no_response,
act_1037,acc_050,con_0557,Latticepoint Energy,Pedro,Sousa,email_sent,email,outbound,2026-08-27,samira.lee,,,,no_response,
act_1038,acc_057,con_0627,Silvergrove Analytics,Clara,Møller,email_sent,email,outbound,2026-08-27,oliver.bennett,,,,no_response,
act_1039,acc_061,con_0672,Willowgate Mobility,Freya,Walker,email_sent,email,outbound,2026-08-27,priya.nair,,,,no_response,
act_1040,acc_069,con_0761,Oakridge Digital,Elias,Wolf,email_sent,email,outbound,2026-08-27,thomas.chen,,,,no_response,
act_1041,acc_076,con_0844,Bluehaven Commerce,Grace,Wright,email_sent,email,outbound,2026-08-27,oliver.bennett,,,,no_response,
act_1042,acc_087,con_0960,Pinebridge Health,Matilde,Martins,email_sent,email,outbound,2026-08-27,alex.morgan,,,,no_response,
act_1043,acc_004,con_0044,Cedar & Finch Advisory,Nathan,Vandenberghe,email_sent,email,outbound,2026-08-28,thomas.chen,,,,no_response,
act_1044,acc_005,con_0053,Brightforge Manufacturing,Sophie,Vincent,email_replied,email,inbound,2026-08-28,oliver.bennett,,,,replied_neutral,
act_1045,acc_006,con_011,Meadowbridge Health,Maya,Smit,email_opened,email,outbound,2026-08-28,oliver.bennett,,,,no_response,
act_1046,acc_014,con_0147,Fableworks Services,Oliver,Nieminen,email_sent,email,outbound,2026-08-28,thomas.chen,,,,no_response,
act_1047,acc_015,con_0165,Graniteway Works,Evelyn,Jackson,email_sent,email,outbound,2026-08-28,thomas.chen,,,,no_response,
act_1048,acc_021,con_0221,Pinebridge Digital,Alina,Weber,email_sent,email,outbound,2026-08-28,thomas.chen,,,,no_response,
act_1049,acc_021,con_0229,Pinebridge Digital,Leon,Steiner,email_sent,email,outbound,2026-08-28,priya.nair,,,,no_response,
act_1050,acc_025,con_0270,Summitline Analytics,Emma,Hoffmann,email_opened,email,outbound,2026-08-28,oliver.bennett,,,,no_response,
act_1051,acc_029,con_0318,Wintermere Mobility,David,Procházka,email_replied,email,inbound,2026-08-28,priya.nair,,,,replied_neutral,
act_1052,acc_038,con_0413,Skyward Platforms,Manon,Thomas,email_sent,email,outbound,2026-08-28,samira.lee,,,,no_response,
act_1053,acc_039,con_0426,Solstice Health,Amelia,White,email_opened,email,outbound,2026-08-28,alex.morgan,,,,no_response,
act_1054,acc_040,con_0441,Westmere Advisory,Mateo,Ruiz,email_sent,email,outbound,2026-08-28,oliver.bennett,,,,no_response,
act_1055,acc_040,con_0442,Westmere Advisory,Adrián,López,email_opened,email,outbound,2026-08-28,priya.nair,,,,no_response,
act_1056,acc_042,con_0457,Asterline Labs,Ella,Gustafsson,email_opened,email,outbound,2026-08-28,alex.morgan,,,,no_response,
act_1057,acc_042,con_0458,Asterline Labs,Noah,Karlsson,email_sent,email,outbound,2026-08-28,thomas.chen,,,,no_response,
act_1058,acc_043,con_0478,Bluehaven Collective,Hanna,Wójcik,email_sent,email,outbound,2026-08-28,samira.lee,,,,no_response,
act_1059,acc_046,con_0506,Emberfield Services,Léa,Garcia,email_sent,email,outbound,2026-08-28,oliver.bennett,,,,no_response,
act_1060,acc_047,con_0521,Fableworks Works,Felix,Koch,email_sent,email,outbound,2026-08-28,oliver.bennett,,,,no_response,
act_1061,acc_057,con_0628,Silvergrove Analytics,William,Madsen,email_replied,email,inbound,2026-08-28,priya.nair,,,,replied_neutral,
act_1062,acc_062,con_0681,Wintermere Services,Felix,Schröder,email_sent,email,outbound,2026-08-28,priya.nair,,,,no_response,
act_1063,acc_077,con_0849,Copperleaf Mobility,Diego,García,email_opened,email,outbound,2026-08-28,thomas.chen,,,,no_response,
act_1064,acc_078,con_0857,Deltaforge Services,Matteo,Romano,email_sent,email,outbound,2026-08-28,alex.morgan,,,,no_response,
act_1065,acc_081,con_0891,Graniteway Industries,Theo,Bouchard,email_sent,email,outbound,2026-08-28,thomas.chen,,,,no_response,
act_1066,acc_081,con_0902,Graniteway Industries,Chloe,Miller,email_sent,email,outbound,2026-08-28,thomas.chen,,,,no_response,
act_1067,acc_087,con_0964,Pinebridge Health,Miguel,Teixeira,email_sent,email,outbound,2026-08-28,oliver.bennett,,,,no_response,
act_1068,acc_088,con_0973,Quartzline Advisory,Emil,Mattila,email_opened,email,outbound,2026-08-28,thomas.chen,,,,no_response,
