email_id,thread_id,activity_id,account_id,company_name,contact_id,direction,message_type,sent_date,from_email,to_email,subject,body,related_deal_id,related_signal_id,template_id
eml_0001,thr_con_0407,act_0001,acc_037,Redwoodline Digital,con_0407,outbound,outbound_send,2026-05-08,samira.lee@lumenops.example,sophia.smith.0407@redwoodline-digital.example,How does Redwoodline Digital handle repetitive Solutions Engineering research today?,"Hi Sophia,

Curious how Redwoodline Digital currently handles the more repetitive parts of Solutions Engineering research and follow-up. Most teams we talk to are doing a lot of it manually.

Worth comparing notes?

Best,
Samira",,,tmpl_07_question_led
eml_0002,thr_con_0125,act_0002,acc_012,Deltaforge Commerce,con_0125,outbound,outbound_send,2026-05-16,oliver.bennett@lumenops.example,arthur.goossens.0125@deltaforge-commerce.example,Cutting manual work at Deltaforge Commerce,"Hi Arthur,

Most Engineering teams lose several hours a week to manual research, data-gathering, and repetitive follow-ups. We built a way to automate a good chunk of that.

Happy to show you a 10-minute example if useful.

Best,
Oliver",,,tmpl_04_value_prop_direct
eml_0003,thr_con_0407,act_0003,acc_037,Redwoodline Digital,con_0407,outbound,outbound_send,2026-05-17,samira.lee@lumenops.example,sophia.smith.0407@redwoodline-digital.example,Following up - Redwoodline Digital,"Hi Sophia,

Following up on my note last week, in case it got buried. Still happy to share a quick example if useful.

Best,
Samira",,,follow_up_bump
eml_0004,thr_con_0797,act_0004,acc_072,Solstice Advisory,con_0797,outbound,outbound_send,2026-05-17,thomas.chen@lumenops.example,eoin.o-brien.0797@solstice-advisory.example,For Head of Innovations at Solstice Advisory,"Hi Eoin,

As Head of Innovation at Solstice Advisory, you're probably dealing with a lot of repetitive cross-functional requests. We help teams like yours cut that down significantly.

Open to a 15-minute call this week?

Best,
Thomas",,,tmpl_02_role_based
eml_0005,thr_con_0850,act_0005,acc_077,Copperleaf Mobility,con_0850,outbound,outbound_send,2026-05-19,samira.lee@lumenops.example,carmen.diaz.0850@copperleaf-mobility.example,Cutting manual work at Copperleaf Mobility,"Hi Carmen,

Most Innovation teams lose several hours a week to manual research, data-gathering, and repetitive follow-ups. We built a way to automate a good chunk of that.

Happy to show you a 10-minute example if useful.

Best,
Samira",,,tmpl_04_value_prop_direct
eml_0006,thr_con_0196,act_0006,acc_018,Meadowcrest Energy,con_0196,outbound,outbound_send,2026-05-21,priya.nair@lumenops.example,mateo.gomez.0196@meadowcrest-energy.example,For Chief Operating Officers at Meadowcrest Energy,"Hi Mateo,

As Chief Operating Officer at Meadowcrest Energy, you're probably dealing with a lot of repetitive cross-functional requests. We help teams like yours cut that down significantly.

Open to a 15-minute call this week?

Best,
Priya",,,tmpl_02_role_based
eml_0007,thr_con_0637,act_0007,acc_058,Summitline Labs,con_0637,outbound,outbound_send,2026-05-21,thomas.chen@lumenops.example,leon.fischer.0637@summitline-labs.example,Introduction - Thomas from Lumen Ops,"Hi Leon,

Reaching out because we work with Supply Chain teams to cut down on manual research and repetitive follow-up work. Thought it might be relevant at Summitline Labs.

Open to connecting?

Best,
Thomas",,,tmpl_10_soft_intro
eml_0008,thr_con_0125,act_0009,acc_012,Deltaforge Commerce,con_0125,outbound,outbound_send,2026-05-22,oliver.bennett@lumenops.example,arthur.goossens.0125@deltaforge-commerce.example,Following up - Deltaforge Commerce,"Hi Arthur,

Following up on my note last week, in case it got buried. Still happy to share a quick example if useful.

Best,
Oliver",,,follow_up_bump
eml_0009,thr_con_0382,act_0010,acc_035,Noviant Cloud,con_0382,outbound,outbound_send,2026-05-22,oliver.bennett@lumenops.example,clodagh.lynch.0382@noviant-cloud.example,Introduction - Oliver from Lumen Ops,"Hi Clodagh,

Reaching out because we work with RevOps teams to cut down on manual research and repetitive follow-up work. Thought it might be relevant at Noviant Cloud.

Open to connecting?

Best,
Oliver",,,tmpl_10_soft_intro
eml_0010,thr_con_0496,act_0011,acc_045,Deltaforge Mobility,con_0496,outbound,outbound_send,2026-05-25,alex.morgan@lumenops.example,ryan.lim.0496@deltaforge-mobility.example,Cutting manual work at Deltaforge Mobility,"Hi Ryan,

Most Operations teams lose several hours a week to manual research, data-gathering, and repetitive follow-ups. We built a way to automate a good chunk of that.

Happy to show you a 10-minute example if useful.

Best,
Alex",,,tmpl_04_value_prop_direct
eml_0011,thr_con_0302,act_0012,acc_028,Willowgate Commerce,con_0302,outbound,outbound_send,2026-05-26,oliver.bennett@lumenops.example,tobias.wallner.0302@willowgate-commerce.example,How does Willowgate Commerce handle repetitive Operations research today?,"Hi Tobias,

Curious how Willowgate Commerce currently handles the more repetitive parts of Operations research and follow-up. Most teams we talk to are doing a lot of it manually.

Worth comparing notes?

Best,
Oliver",,,tmpl_07_question_led
eml_0012,thr_con_0479,act_0013,acc_043,Bluehaven Collective,con_0479,outbound,outbound_send,2026-05-27,samira.lee@lumenops.example,jan.piotrowski.0479@bluehaven-collective.example,Introduction - Samira from Lumen Ops,"Hi Jan,

Reaching out because we work with Operations teams to cut down on manual research and repetitive follow-up work. Thought it might be relevant at Bluehaven Collective.

Open to connecting?

Best,
Samira",,,tmpl_10_soft_intro
eml_0013,thr_con_0124,act_0014,acc_012,Deltaforge Commerce,con_0124,outbound,outbound_send,2026-05-28,alex.morgan@lumenops.example,camille.dupont.0124@deltaforge-commerce.example,Scaling Security at Deltaforge Commerce without scaling headcount,"Hi Camille,

As Deltaforge Commerce grows, the manual side of Security work usually grows with it. We help teams keep that from becoming a bottleneck.

Open to a quick call?

Best,
Alex",,,tmpl_08_growth_angle
eml_0014,thr_con_0382,act_0015,acc_035,Noviant Cloud,con_0382,outbound,outbound_send,2026-05-28,oliver.bennett@lumenops.example,clodagh.lynch.0382@noviant-cloud.example,Following up - Noviant Cloud,"Hi Clodagh,

Following up on my note last week, in case it got buried. Still happy to share a quick example if useful.

Best,
Oliver",,,follow_up_bump
eml_0015,thr_con_0850,act_0016,acc_077,Copperleaf Mobility,con_0850,outbound,outbound_send,2026-05-28,samira.lee@lumenops.example,carmen.diaz.0850@copperleaf-mobility.example,Following up - Copperleaf Mobility,"Hi Carmen,

Following up on my note last week, in case it got buried. Still happy to share a quick example if useful.

Best,
Samira",,,follow_up_bump
eml_0016,thr_con_0037,act_0017,acc_003,Morrow Mobility,con_0037,outbound,outbound_send,2026-05-29,samira.lee@lumenops.example,sophie.wolf.0037@morrow-mobility.example,For Product Managers at Morrow Mobility,"Hi Sophie,

As Product Manager at Morrow Mobility, you're probably dealing with a lot of repetitive cross-functional requests. We help teams like yours cut that down significantly.

Open to a 15-minute call this week?

Best,
Samira",,,tmpl_02_role_based
eml_0017,thr_con_0107,act_0018,acc_010,Bluehaven Labs,con_0107,outbound,outbound_send,2026-05-30,thomas.chen@lumenops.example,hannah.hoffmann.0107@bluehaven-labs.example,Financial technology teams and manual research overhead,"Hi Hannah,

Working with a few other Financial technology companies right now on reducing the manual research and busywork that piles up around Product Operations. Thought it might be relevant to Bluehaven Labs too.

Would you be open to comparing notes?

Best,
Thomas",,,tmpl_03_industry_based
eml_0018,thr_con_0196,act_0019,acc_018,Meadowcrest Energy,con_0196,outbound,outbound_send,2026-05-30,priya.nair@lumenops.example,mateo.gomez.0196@meadowcrest-energy.example,Following up - Meadowcrest Energy,"Hi Mateo,

Following up on my note last week, in case it got buried. Still happy to share a quick example if useful.

Best,
Priya",,,follow_up_bump
eml_0019,thr_con_0637,act_0020,acc_058,Summitline Labs,con_0637,outbound,outbound_send,2026-05-30,thomas.chen@lumenops.example,leon.fischer.0637@summitline-labs.example,Following up - Summitline Labs,"Hi Leon,

Following up on my note last week, in case it got buried. Still happy to share a quick example if useful.

Best,
Thomas",,,follow_up_bump
eml_0020,thr_con_0063,act_0021,acc_006,Meadowbridge Health,con_0063,outbound,outbound_send,2026-05-31,priya.nair@lumenops.example,lars.bos.0063@meadowbridge.example,Cutting manual work at Meadowbridge Health,"Hi Lars,

Most IT teams lose several hours a week to manual research, data-gathering, and repetitive follow-ups. We built a way to automate a good chunk of that.

Happy to show you a 10-minute example if useful.

Best,
Priya",,,tmpl_04_value_prop_direct
eml_0021,thr_con_0763,act_0022,acc_069,Oakridge Digital,con_0763,outbound,outbound_send,2026-05-31,samira.lee@lumenops.example,lukas.muller.0763@oakridge-digital.example,"15 minutes, Lukas?","Hi Lukas,

Would it be worth 15 minutes to see if we can save your Customer Success team some manual work? Happy to work around your schedule.

Best,
Samira",,,tmpl_06_short_direct
eml_0022,thr_con_0027,act_0023,acc_002,Harborline Systems,con_0027,outbound,outbound_send,2026-06-01,alex.morgan@lumenops.example,jack.edwards.0027@harborline-systems.example,The manual work behind Security at growing companies,"Hi Jack,

Most Security teams at companies Harborline Systems's size end up buried in manual research, data pulls, and follow-up that could be automated. Wondering if that resonates.

Best,
Alex",,,tmpl_09_problem_first
eml_0023,thr_con_0523,act_0024,acc_048,Graniteway Networks,con_0523,outbound,outbound_send,2026-06-01,alex.morgan@lumenops.example,chiara.esposito.0523@graniteway-networks.example,For Chief Operating Officers at Graniteway Networks,"Hi Chiara,

As Chief Operating Officer at Graniteway Networks, you're probably dealing with a lot of repetitive cross-functional requests. We help teams like yours cut that down significantly.

Open to a 15-minute call this week?

Best,
Alex",,,tmpl_02_role_based
eml_0024,thr_con_0966,act_0025,acc_087,Pinebridge Health,con_0966,outbound,outbound_send,2026-06-01,oliver.bennett@lumenops.example,sofia.costa.0966@pinebridge-health.example,How does Pinebridge Health handle repetitive Product Operations research today?,"Hi Sofia,

Curious how Pinebridge Health currently handles the more repetitive parts of Product Operations research and follow-up. Most teams we talk to are doing a lot of it manually.

Worth comparing notes?

Best,
Oliver",,,tmpl_07_question_led
eml_0025,thr_con_0700,act_0026,acc_063,Brightpath Works,con_0700,outbound,outbound_send,2026-06-03,thomas.chen@lumenops.example,davide.romano.0700@brightpath-works.example,How other Cybersecurity teams handle this,"Hi Davide,

A few Cybersecurity companies we work with were spending hours a week manually pulling together research before big decisions. We helped automate most of it.

Curious if that's a pain point at Brightpath Works as well?

Best,
Thomas",,,tmpl_05_peer_reference
eml_0026,thr_con_0055,act_0028,acc_005,Brightforge Manufacturing,con_0055,outbound,outbound_send,2026-06-04,thomas.chen@lumenops.example,elodie.robert.0055@brightforge.example,How does Brightforge Manufacturing handle repetitive IT research today?,"Hi Élodie,

Curious how Brightforge Manufacturing currently handles the more repetitive parts of IT research and follow-up. Most teams we talk to are doing a lot of it manually.

Worth comparing notes?

Best,
Thomas",,,tmpl_07_question_led
eml_0027,thr_con_0292,act_0029,acc_027,Vantagefield Collective,con_0292,outbound,outbound_send,2026-06-04,samira.lee@lumenops.example,zoe.jacobs.0292@vantagefield-collective.example,For Chief Operating Officers at Vantagefield Collective,"Hi Zoé,

As Chief Operating Officer at Vantagefield Collective, you're probably dealing with a lot of repetitive cross-functional requests. We help teams like yours cut that down significantly.

Open to a 15-minute call this week?

Best,
Samira",,,tmpl_02_role_based
eml_0028,thr_con_0453,act_0030,acc_041,Yarrow Analytics,con_0453,outbound,outbound_send,2026-06-04,samira.lee@lumenops.example,sofia.mancini.0453@yarrow-analytics.example,Data infrastructure teams and manual research overhead,"Hi Sofia,

Working with a few other Data infrastructure companies right now on reducing the manual research and busywork that piles up around Engineering. Thought it might be relevant to Yarrow Analytics too.

Would you be open to comparing notes?

Best,
Samira",,,tmpl_03_industry_based
eml_0029,thr_con_0613,act_0032,acc_056,Riverstone Advisory,con_0613,outbound,outbound_send,2026-06-04,priya.nair@lumenops.example,mees.peters.0613@riverstone-advisory.example,The manual work behind Business Development at growing companies,"Hi Mees,

Most Business Development teams at companies Riverstone Advisory's size end up buried in manual research, data pulls, and follow-up that could be automated. Wondering if that resonates.

Best,
Priya",,,tmpl_09_problem_first
eml_0030,thr_con_0699,act_0033,acc_063,Brightpath Works,con_0699,outbound,outbound_send,2026-06-04,oliver.bennett@lumenops.example,lorenzo.conti.0699@brightpath-works.example,Cutting manual work at Brightpath Works,"Hi Lorenzo,

Most Security teams lose several hours a week to manual research, data-gathering, and repetitive follow-ups. We built a way to automate a good chunk of that.

Happy to show you a 10-minute example if useful.

Best,
Oliver",,,tmpl_04_value_prop_direct
eml_0031,thr_con_0710,act_0034,acc_064,Cedarpoint Networks,con_0710,outbound,outbound_send,2026-06-04,thomas.chen@lumenops.example,elise.simon.0710@cedarpoint-networks.example,For Chief Information Security Officers at Cedarpoint Networks,"Hi Elise,

As Chief Information Security Officer at Cedarpoint Networks, you're probably dealing with a lot of repetitive cross-functional requests. We help teams like yours cut that down significantly.

Open to a 15-minute call this week?

Best,
Thomas",,,tmpl_02_role_based
eml_0032,thr_con_0135,act_0035,acc_013,Emberfield Mobility,con_0135,outbound,outbound_send,2026-06-05,samira.lee@lumenops.example,carolina.oliveira.0135@emberfield-mobility.example,Cutting manual work at Emberfield Mobility,"Hi Carolina,

Most RevOps teams lose several hours a week to manual research, data-gathering, and repetitive follow-ups. We built a way to automate a good chunk of that.

Happy to show you a 10-minute example if useful.

Best,
Samira",,,tmpl_04_value_prop_direct
eml_0033,thr_con_0815,act_0036,acc_074,Yarrow Labs,con_0815,outbound,outbound_send,2026-06-05,priya.nair@lumenops.example,harper.davis.0815@yarrow-labs.example,Logistics teams and manual research overhead,"Hi Harper,

Working with a few other Logistics companies right now on reducing the manual research and busywork that piles up around Digital Transformation. Thought it might be relevant to Yarrow Labs too.

Would you be open to comparing notes?

Best,
Priya",,,tmpl_03_industry_based
eml_0034,thr_con_0958,act_0037,acc_087,Pinebridge Health,con_0958,outbound,outbound_send,2026-06-05,samira.lee@lumenops.example,carolina.santos.0958@pinebridge-health.example,How does Pinebridge Health handle repetitive Risk research today?,"Hi Carolina,

Curious how Pinebridge Health currently handles the more repetitive parts of Risk research and follow-up. Most teams we talk to are doing a lot of it manually.

Worth comparing notes?

Best,
Samira",,,tmpl_07_question_led
eml_0035,thr_con_0763,act_0039,acc_069,Oakridge Digital,con_0763,inbound,inbound_reply,2026-06-06,lukas.muller.0763@oakridge-digital.example,samira.lee@lumenops.example,Re: Oakridge Digital,"Thanks for the note. Can you share a bit more detail on how this would actually work for a team like ours? Not sure it's a priority right now but curious.

Best,
Lukas",,,reply_neutral
eml_0036,thr_con_0807,act_0040,acc_073,Westmere Analytics,con_0807,outbound,outbound_send,2026-06-06,priya.nair@lumenops.example,emil.hansen.0807@westmere-analytics.example,Logistics teams and manual research overhead,"Hi Emil,

Working with a few other Logistics companies right now on reducing the manual research and busywork that piles up around IT. Thought it might be relevant to Westmere Analytics too.

Would you be open to comparing notes?

Best,
Priya",,,tmpl_03_industry_based
eml_0037,thr_con_0284,act_0041,acc_026,Terravale Labs,con_0284,outbound,outbound_send,2026-06-07,thomas.chen@lumenops.example,valentina.conti.0284@terravale-labs.example,Energy teams and manual research overhead,"Hi Valentina,

Working with a few other Energy companies right now on reducing the manual research and busywork that piles up around Engineering. Thought it might be relevant to Terravale Labs too.

Would you be open to comparing notes?

Best,
Thomas",,,tmpl_03_industry_based
eml_0038,thr_con_0523,act_0042,acc_048,Graniteway Networks,con_0523,inbound,inbound_reply,2026-06-07,chiara.esposito.0523@graniteway-networks.example,alex.morgan@lumenops.example,Re: Graniteway Networks,"Thanks for the note. Can you share a bit more detail on how this would actually work for a team like ours? Not sure it's a priority right now but curious.

Best,
Chiara",,,reply_neutral
eml_0039,thr_con_0029,act_0044,acc_002,Harborline Systems,con_0029,outbound,outbound_send,2026-06-08,alex.morgan@lumenops.example,oliver.brown.0029@harborline-systems.example,For Demand Generation Directors at Harborline Systems,"Hi Oliver,

As Demand Generation Director at Harborline Systems, you're probably dealing with a lot of repetitive cross-functional requests. We help teams like yours cut that down significantly.

Open to a 15-minute call this week?

Best,
Alex",,,tmpl_02_role_based
eml_0040,thr_con_0171,act_0046,acc_016,Juniperlane Networks,con_0171,outbound,outbound_send,2026-06-08,alex.morgan@lumenops.example,chloe.david.0171@juniperlane-networks.example,For Chief Data Officers at Juniperlane Networks,"Hi Chloé,

As Chief Data Officer at Juniperlane Networks, you're probably dealing with a lot of repetitive cross-functional requests. We help teams like yours cut that down significantly.

Open to a 15-minute call this week?

Best,
Alex",deal_030,,tmpl_02_role_based
eml_0041,thr_con_0443,act_0048,acc_040,Westmere Advisory,con_0443,outbound,outbound_send,2026-06-08,priya.nair@lumenops.example,marta.romero.0443@westmere-advisory.example,Scaling Customer Success at Westmere Advisory without scaling headcount,"Hi Marta,

As Westmere Advisory grows, the manual side of Customer Success work usually grows with it. We help teams keep that from becoming a bottleneck.

Open to a quick call?

Best,
Priya",,,tmpl_08_growth_angle
eml_0042,thr_con_0630,act_0049,acc_057,Silvergrove Analytics,con_0630,outbound,outbound_send,2026-06-08,samira.lee@lumenops.example,agnes.johansen.0630@silvergrove-analytics.example,How other Travel teams handle this,"Hi Agnes,

A few Travel companies we work with were spending hours a week manually pulling together research before big decisions. We helped automate most of it.

Curious if that's a pain point at Silvergrove Analytics as well?

Best,
Samira",,,tmpl_05_peer_reference
eml_0043,thr_con_0825,act_0050,acc_075,Asterline Collective,con_0825,outbound,outbound_send,2026-06-08,oliver.bennett@lumenops.example,mathieu.vincent.0825@asterline-collective.example,"15 minutes, Mathieu?","Hi Mathieu,

Would it be worth 15 minutes to see if we can save your Operations team some manual work? Happy to work around your schedule.

Best,
Oliver",,,tmpl_06_short_direct
eml_0044,thr_con_0063,act_0051,acc_006,Meadowbridge Health,con_0063,outbound,outbound_send,2026-06-09,priya.nair@lumenops.example,lars.bos.0063@meadowbridge.example,Following up - Meadowbridge Health,"Hi Lars,

Following up on my note last week, in case it got buried. Still happy to share a quick example if useful.

Best,
Priya",,,follow_up_bump
eml_0045,thr_con_0383,act_0052,acc_035,Noviant Cloud,con_0383,outbound,outbound_send,2026-06-09,priya.nair@lumenops.example,cian.o-connor.0383@noviant-cloud.example,Quick question about Noviant Cloud's Product Operations workflows,"Hi Cian,

I noticed Noviant Cloud has been growing its Product Operations team, and most teams that size end up spending a lot of hours a week on manual research and follow-up work that doesn't need a human doing it by hand.

Worth a quick chat to see if that's true for your team too?

Best,
Priya",,,tmpl_01_quick_question
eml_0046,thr_con_0613,act_0053,acc_056,Riverstone Advisory,con_0613,inbound,inbound_reply,2026-06-09,mees.peters.0613@riverstone-advisory.example,priya.nair@lumenops.example,Re: Riverstone Advisory,"Thanks for the note. Can you share a bit more detail on how this would actually work for a team like ours? Not sure it's a priority right now but curious.

Best,
Mees",,,reply_neutral
eml_0047,thr_con_0887,act_0054,acc_080,Fableworks Networks,con_0887,outbound,outbound_send,2026-06-09,thomas.chen@lumenops.example,szymon.michalski.0887@fableworks-networks.example,Introduction - Thomas from Lumen Ops,"Hi Szymon,

Reaching out because we work with Product teams to cut down on manual research and repetitive follow-up work. Thought it might be relevant at Fableworks Networks.

Open to connecting?

Best,
Thomas",,,tmpl_10_soft_intro
eml_0048,thr_con_0171,act_0056,acc_016,Juniperlane Networks,con_0171,outbound,outbound_send,2026-06-10,alex.morgan@lumenops.example,chloe.david.0171@juniperlane-networks.example,Following up - Juniperlane Networks,"Hi Chloé,

Following up on my note last week, in case it got buried. Still happy to share a quick example if useful.

Best,
Alex",deal_030,,follow_up_bump
eml_0049,thr_con_0752,act_0057,acc_068,Noviant Systems,con_0752,outbound,outbound_send,2026-06-10,samira.lee@lumenops.example,louis.simon.0752@noviant-systems.example,Quick question about Noviant Systems's Data workflows,"Hi Louis,

I noticed Noviant Systems has been growing its Data team, and most teams that size end up spending a lot of hours a week on manual research and follow-up work that doesn't need a human doing it by hand.

Worth a quick chat to see if that's true for your team too?

Best,
Samira",,,tmpl_01_quick_question
eml_0050,thr_con_0719,act_0058,acc_065,Harborstone Industries,con_0719,outbound,outbound_send,2026-06-11,priya.nair@lumenops.example,lukas.wimmer.0719@harborstone-industries.example,"15 minutes, Lukas?","Hi Lukas,

Would it be worth 15 minutes to see if we can save your RevOps team some manual work? Happy to work around your schedule.

Best,
Priya",,,tmpl_06_short_direct
eml_0051,thr_con_0870,act_0059,acc_079,Emberfield Works,con_0870,outbound,outbound_send,2026-06-11,samira.lee@lumenops.example,ella.hansson.0870@emberfield-works.example,How other Education teams handle this,"Hi Ella,

A few Education companies we work with were spending hours a week manually pulling together research before big decisions. We helped automate most of it.

Curious if that's a pain point at Emberfield Works as well?

Best,
Samira",,,tmpl_05_peer_reference
eml_0052,thr_con_0118,act_0061,acc_011,Copperleaf Collective,con_0118,outbound,outbound_send,2026-06-12,thomas.chen@lumenops.example,chiara.costa.0118@copperleaf-collective.example,The manual work behind Solutions Engineering at growing companies,"Hi Chiara,

Most Solutions Engineering teams at companies Copperleaf Collective's size end up buried in manual research, data pulls, and follow-up that could be automated. Wondering if that resonates.

Best,
Thomas",,,tmpl_09_problem_first
eml_0053,thr_con_0232,act_0062,acc_021,Pinebridge Digital,con_0232,outbound,outbound_send,2026-06-12,alex.morgan@lumenops.example,nico.fischer.0232@pinebridge-digital.example,The manual work behind Engineering at growing companies,"Hi Nico,

Most Engineering teams at companies Pinebridge Digital's size end up buried in manual research, data pulls, and follow-up that could be automated. Wondering if that resonates.

Best,
Alex",,,tmpl_09_problem_first
eml_0054,thr_con_0790,act_0064,acc_071,Skyward Health,con_0790,outbound,outbound_send,2026-06-12,samira.lee@lumenops.example,sem.peters.0790@skyward-health.example,The manual work behind IT at growing companies,"Hi Sem,

Most IT teams at companies Skyward Health's size end up buried in manual research, data pulls, and follow-up that could be automated. Wondering if that resonates.

Best,
Samira",,,tmpl_09_problem_first
eml_0055,thr_con_0028,act_0065,acc_002,Harborline Systems,con_0028,outbound,outbound_send,2026-06-13,oliver.bennett@lumenops.example,isla.johnson.0028@harborline-systems.example,Cybersecurity teams and manual research overhead,"Hi Isla,

Working with a few other Cybersecurity companies right now on reducing the manual research and busywork that piles up around Product. Thought it might be relevant to Harborline Systems too.

Would you be open to comparing notes?

Best,
Oliver",,,tmpl_03_industry_based
eml_0056,thr_con_0550,act_0066,acc_050,Latticepoint Energy,con_0550,outbound,outbound_send,2026-06-13,thomas.chen@lumenops.example,leonor.carvalho.0550@latticepoint-energy.example,The manual work behind Digital Transformation at growing companies,"Hi Leonor,

Most Digital Transformation teams at companies Latticepoint Energy's size end up buried in manual research, data pulls, and follow-up that could be automated. Wondering if that resonates.

Best,
Thomas",,,tmpl_09_problem_first
eml_0057,thr_con_0710,act_0067,acc_064,Cedarpoint Networks,con_0710,outbound,outbound_send,2026-06-13,thomas.chen@lumenops.example,elise.simon.0710@cedarpoint-networks.example,Following up - Cedarpoint Networks,"Hi Elise,

Following up on my note last week, in case it got buried. Still happy to share a quick example if useful.

Best,
Thomas",,,follow_up_bump
eml_0058,thr_con_0549,act_0068,acc_050,Latticepoint Energy,con_0549,outbound,outbound_send,2026-06-14,thomas.chen@lumenops.example,afonso.costa.0549@latticepoint-energy.example,Quick question about Latticepoint Energy's Operations workflows,"Hi Afonso,

I noticed Latticepoint Energy has been growing its Operations team, and most teams that size end up spending a lot of hours a week on manual research and follow-up work that doesn't need a human doing it by hand.

Worth a quick chat to see if that's true for your team too?

Best,
Thomas",,,tmpl_01_quick_question
eml_0059,thr_con_0832,act_0069,acc_075,Asterline Collective,con_0832,outbound,outbound_send,2026-06-15,oliver.bennett@lumenops.example,baptiste.moreau.0832@asterline-collective.example,The manual work behind Operations at growing companies,"Hi Baptiste,

Most Operations teams at companies Asterline Collective's size end up buried in manual research, data pulls, and follow-up that could be automated. Wondering if that resonates.

Best,
Oliver",,,tmpl_09_problem_first
eml_0060,thr_con_0284,act_0071,acc_026,Terravale Labs,con_0284,outbound,outbound_send,2026-06-16,thomas.chen@lumenops.example,valentina.conti.0284@terravale-labs.example,Following up - Terravale Labs,"Hi Valentina,

Following up on my note last week, in case it got buried. Still happy to share a quick example if useful.

Best,
Thomas",,,follow_up_bump
eml_0061,thr_con_0595,act_0072,acc_054,Pinebridge Platforms,con_0595,outbound,outbound_send,2026-06-16,thomas.chen@lumenops.example,lily.walker.0595@pinebridge-platforms.example,The manual work behind Growth at growing companies,"Hi Lily,

Most Growth teams at companies Pinebridge Platforms's size end up buried in manual research, data pulls, and follow-up that could be automated. Wondering if that resonates.

Best,
Thomas",,,tmpl_09_problem_first
eml_0062,thr_con_0754,act_0073,acc_068,Noviant Systems,con_0754,outbound,outbound_send,2026-06-16,samira.lee@lumenops.example,amelie.bertrand.0754@noviant-systems.example,For Director of Platforms at Noviant Systems,"Hi Amélie,

As Director of Platform at Noviant Systems, you're probably dealing with a lot of repetitive cross-functional requests. We help teams like yours cut that down significantly.

Open to a 15-minute call this week?

Best,
Samira",,,tmpl_02_role_based
eml_0063,thr_con_0409,act_0074,acc_037,Redwoodline Digital,con_0409,outbound,outbound_send,2026-06-17,oliver.bennett@lumenops.example,theodore.miller.0409@redwoodline-digital.example,Cybersecurity teams and manual research overhead,"Hi Theodore,

Working with a few other Cybersecurity companies right now on reducing the manual research and busywork that piles up around Engineering. Thought it might be relevant to Redwoodline Digital too.

Would you be open to comparing notes?

Best,
Oliver",,,tmpl_03_industry_based
eml_0064,thr_con_0445,act_0075,acc_041,Yarrow Analytics,con_0445,outbound,outbound_send,2026-06-17,alex.morgan@lumenops.example,luca.bruno.0445@yarrow-analytics.example,How other Data infrastructure teams handle this,"Hi Luca,

A few Data infrastructure companies we work with were spending hours a week manually pulling together research before big decisions. We helped automate most of it.

Curious if that's a pain point at Yarrow Analytics as well?

Best,
Alex",,,tmpl_05_peer_reference
eml_0065,thr_con_0356,act_0076,acc_032,Harborstone Networks,con_0356,outbound,outbound_send,2026-06-18,samira.lee@lumenops.example,elias.wagner.0356@harborstone-networks.example,Scaling Digital Transformation at Harborstone Networks without scaling headcount,"Hi Elias,

As Harborstone Networks grows, the manual side of Digital Transformation work usually grows with it. We help teams keep that from becoming a bottleneck.

Open to a quick call?

Best,
Samira",,,tmpl_08_growth_angle
eml_0066,thr_con_0383,act_0077,acc_035,Noviant Cloud,con_0383,outbound,outbound_send,2026-06-18,priya.nair@lumenops.example,cian.o-connor.0383@noviant-cloud.example,Following up - Noviant Cloud,"Hi Cian,

Following up on my note last week, in case it got buried. Still happy to share a quick example if useful.

Best,
Priya",,,follow_up_bump
eml_0067,thr_con_0434,act_0078,acc_039,Solstice Health,con_0434,outbound,outbound_send,2026-06-18,samira.lee@lumenops.example,grace.hall.0434@solstice-health.example,Quick question about Solstice Health's Product workflows,"Hi Grace,

I noticed Solstice Health has been growing its Product team, and most teams that size end up spending a lot of hours a week on manual research and follow-up work that doesn't need a human doing it by hand.

Worth a quick chat to see if that's true for your team too?

Best,
Samira",,,tmpl_01_quick_question
eml_0068,thr_con_0435,act_0079,acc_040,Westmere Advisory,con_0435,outbound,outbound_send,2026-06-18,priya.nair@lumenops.example,paula.diaz.0435@westmere-advisory.example,Scaling RevOps at Westmere Advisory without scaling headcount,"Hi Paula,

As Westmere Advisory grows, the manual side of RevOps work usually grows with it. We help teams keep that from becoming a bottleneck.

Open to a quick call?

Best,
Priya",,,tmpl_08_growth_angle
eml_0069,thr_con_0285,act_0081,acc_026,Terravale Labs,con_0285,outbound,outbound_send,2026-06-20,alex.morgan@lumenops.example,luca.romano.0285@terravale-labs.example,The manual work behind Digital Transformation at growing companies,"Hi Luca,

Most Digital Transformation teams at companies Terravale Labs's size end up buried in manual research, data pulls, and follow-up that could be automated. Wondering if that resonates.

Best,
Alex",,,tmpl_09_problem_first
eml_0070,thr_con_0561,act_0082,acc_051,Meadowcrest Cloud,con_0561,outbound,outbound_send,2026-06-20,samira.lee@lumenops.example,sofia.korhonen.0561@meadowcrest-cloud.example,"15 minutes, Sofia?","Hi Sofia,

Would it be worth 15 minutes to see if we can save your Procurement team some manual work? Happy to work around your schedule.

Best,
Samira",,,tmpl_06_short_direct
eml_0071,thr_con_0577,act_0083,acc_052,Northstar Systems,con_0577,outbound,outbound_send,2026-06-20,alex.morgan@lumenops.example,mia.wilson.0577@northstar-systems.example,Introduction - Alex from Lumen Ops,"Hi Mia,

Reaching out because we work with Engineering teams to cut down on manual research and repetitive follow-up work. Thought it might be relevant at Northstar Systems.

Open to connecting?

Best,
Alex",,,tmpl_10_soft_intro
eml_0072,thr_con_0639,act_0084,acc_058,Summitline Labs,con_0639,outbound,outbound_send,2026-06-20,oliver.bennett@lumenops.example,alina.wyss.0639@summitline-labs.example,How does Summitline Labs handle repetitive Operations research today?,"Hi Alina,

Curious how Summitline Labs currently handles the more repetitive parts of Operations research and follow-up. Most teams we talk to are doing a lot of it manually.

Worth comparing notes?

Best,
Oliver",,,tmpl_07_question_led
eml_0073,thr_con_0720,act_0085,acc_065,Harborstone Industries,con_0720,outbound,outbound_send,2026-06-20,samira.lee@lumenops.example,tobias.steiner.0720@harborstone-industries.example,Cutting manual work at Harborstone Industries,"Hi Tobias,

Most Marketing Operations teams lose several hours a week to manual research, data-gathering, and repetitive follow-ups. We built a way to automate a good chunk of that.

Happy to show you a 10-minute example if useful.

Best,
Samira",,,tmpl_04_value_prop_direct
eml_0074,thr_con_0744,act_0086,acc_067,Mapleworks Cloud,con_0744,outbound,outbound_send,2026-06-20,thomas.chen@lumenops.example,henry.garcia.0744@mapleworks-cloud.example,How does Mapleworks Cloud handle repetitive Data research today?,"Hi Henry,

Curious how Mapleworks Cloud currently handles the more repetitive parts of Data research and follow-up. Most teams we talk to are doing a lot of it manually.

Worth comparing notes?

Best,
Thomas",,,tmpl_07_question_led
eml_0075,thr_con_0047,act_0087,acc_004,Cedar & Finch Advisory,con_0047,outbound,outbound_send,2026-06-21,thomas.chen@lumenops.example,alice.vermeulen.0047@cedar-finch.example,Introduction - Thomas from Lumen Ops,"Hi Alice,

Reaching out because we work with General Management teams to cut down on manual research and repetitive follow-up work. Thought it might be relevant at Cedar & Finch Advisory.

Open to connecting?

Best,
Thomas",,,tmpl_10_soft_intro
eml_0076,thr_con_0118,act_0088,acc_011,Copperleaf Collective,con_0118,outbound,outbound_send,2026-06-21,thomas.chen@lumenops.example,chiara.costa.0118@copperleaf-collective.example,Following up - Copperleaf Collective,"Hi Chiara,

Following up on my note last week, in case it got buried. Still happy to share a quick example if useful.

Best,
Thomas",,,follow_up_bump
eml_0077,thr_con_0126,act_0089,acc_012,Deltaforge Commerce,con_0126,outbound,outbound_send,2026-06-21,thomas.chen@lumenops.example,simon.peeters.0126@deltaforge-commerce.example,How does Deltaforge Commerce handle repetitive Security research today?,"Hi Simon,

Curious how Deltaforge Commerce currently handles the more repetitive parts of Security research and follow-up. Most teams we talk to are doing a lot of it manually.

Worth comparing notes?

Best,
Thomas",,,tmpl_07_question_led
eml_0078,thr_con_0248,act_0090,acc_023,Riverstone Health,con_0248,outbound,outbound_send,2026-06-21,oliver.bennett@lumenops.example,ava.lee.0248@riverstone-health.example,Scaling Digital Transformation at Riverstone Health without scaling headcount,"Hi Ava,

As Riverstone Health grows, the manual side of Digital Transformation work usually grows with it. We help teams keep that from becoming a bottleneck.

Open to a quick call?

Best,
Oliver",,,tmpl_08_growth_angle
eml_0079,thr_con_0507,act_0091,acc_046,Emberfield Services,con_0507,outbound,outbound_send,2026-06-21,thomas.chen@lumenops.example,louis.durand.0507@emberfield-services.example,How other Healthcare teams handle this,"Hi Louis,

A few Healthcare companies we work with were spending hours a week manually pulling together research before big decisions. We helped automate most of it.

Curious if that's a pain point at Emberfield Services as well?

Best,
Thomas",,,tmpl_05_peer_reference
eml_0080,thr_con_0632,act_0092,acc_057,Silvergrove Analytics,con_0632,outbound,outbound_send,2026-06-21,samira.lee@lumenops.example,clara.pedersen.0632@silvergrove-analytics.example,How other Travel teams handle this,"Hi Clara,

A few Travel companies we work with were spending hours a week manually pulling together research before big decisions. We helped automate most of it.

Curious if that's a pain point at Silvergrove Analytics as well?

Best,
Samira",,,tmpl_05_peer_reference
eml_0081,thr_con_0905,act_0093,acc_082,Juniperlane Energy,con_0905,outbound,outbound_send,2026-06-21,priya.nair@lumenops.example,chloe.seah.0905@juniperlane-energy.example,Scaling IT at Juniperlane Energy without scaling headcount,"Hi Chloe,

As Juniperlane Energy grows, the manual side of IT work usually grows with it. We help teams keep that from becoming a bottleneck.

Open to a quick call?

Best,
Priya",,,tmpl_08_growth_angle
eml_0082,thr_con_0259,act_0094,acc_024,Silvergrove Advisory,con_0259,outbound,outbound_send,2026-06-22,alex.morgan@lumenops.example,maya.brown.0259@silvergrove-advisory.example,How other Manufacturing teams handle this,"Hi Maya,

A few Manufacturing companies we work with were spending hours a week manually pulling together research before big decisions. We helped automate most of it.

Curious if that's a pain point at Silvergrove Advisory as well?

Best,
Alex",,,tmpl_05_peer_reference
eml_0083,thr_con_0809,act_0096,acc_073,Westmere Analytics,con_0809,outbound,outbound_send,2026-06-22,thomas.chen@lumenops.example,maja.nilsen.0809@westmere-analytics.example,How does Westmere Analytics handle repetitive Engineering research today?,"Hi Maja,

Curious how Westmere Analytics currently handles the more repetitive parts of Engineering research and follow-up. Most teams we talk to are doing a lot of it manually.

Worth comparing notes?

Best,
Thomas",,,tmpl_07_question_led
eml_0084,thr_con_0223,act_0097,acc_021,Pinebridge Digital,con_0223,outbound,outbound_send,2026-06-23,oliver.bennett@lumenops.example,laura.gerber.0223@pinebridge-digital.example,Quick question about Pinebridge Digital's Supply Chain workflows,"Hi Laura,

I noticed Pinebridge Digital has been growing its Supply Chain team, and most teams that size end up spending a lot of hours a week on manual research and follow-up work that doesn't need a human doing it by hand.

Worth a quick chat to see if that's true for your team too?

Best,
Oliver",,,tmpl_01_quick_question
eml_0085,thr_con_0516,act_0098,acc_047,Fableworks Works,con_0516,outbound,outbound_send,2026-06-23,priya.nair@lumenops.example,felix.meyer.0516@fableworks-works.example,Scaling Engineering at Fableworks Works without scaling headcount,"Hi Felix,

As Fableworks Works grows, the manual side of Engineering work usually grows with it. We help teams keep that from becoming a bottleneck.

Open to a quick call?

Best,
Priya",,,tmpl_08_growth_angle
eml_0086,thr_con_0569,act_0099,acc_052,Northstar Systems,con_0569,outbound,outbound_send,2026-06-23,priya.nair@lumenops.example,benjamin.martinez.0569@northstar-systems.example,Cutting manual work at Northstar Systems,"Hi Benjamin,

Most IT teams lose several hours a week to manual research, data-gathering, and repetitive follow-ups. We built a way to automate a good chunk of that.

Happy to show you a 10-minute example if useful.

Best,
Priya",,,tmpl_04_value_prop_direct
eml_0087,thr_con_0675,act_0100,acc_061,Willowgate Mobility,con_0675,outbound,outbound_send,2026-06-23,alex.morgan@lumenops.example,arthur.johnson.0675@willowgate-mobility.example,Financial technology teams and manual research overhead,"Hi Arthur,

Working with a few other Financial technology companies right now on reducing the manual research and busywork that piles up around IT. Thought it might be relevant to Willowgate Mobility too.

Would you be open to comparing notes?

Best,
Alex",,,tmpl_03_industry_based
eml_0088,thr_con_0701,act_0101,acc_064,Cedarpoint Networks,con_0701,outbound,outbound_send,2026-06-23,oliver.bennett@lumenops.example,noah.dubois.0701@cedarpoint-networks.example,Quick question about Cedarpoint Networks's Product workflows,"Hi Noah,

I noticed Cedarpoint Networks has been growing its Product team, and most teams that size end up spending a lot of hours a week on manual research and follow-up work that doesn't need a human doing it by hand.

Worth a quick chat to see if that's true for your team too?

Best,
Oliver",,,tmpl_01_quick_question
eml_0089,thr_con_0072,act_0102,acc_007,Atelier Nova,con_0072,outbound,outbound_send,2026-06-24,priya.nair@lumenops.example,aurora.costa.0072@atelier-nova.example,Scaling Business Development at Atelier Nova without scaling headcount,"Hi Aurora,

As Atelier Nova grows, the manual side of Business Development work usually grows with it. We help teams keep that from becoming a bottleneck.

Open to a quick call?

Best,
Priya",deal_052,,tmpl_08_growth_angle
eml_0090,thr_con_0195,act_0103,acc_018,Meadowcrest Energy,con_0195,outbound,outbound_send,2026-06-24,priya.nair@lumenops.example,paula.munoz.0195@meadowcrest-energy.example,Scaling IT at Meadowcrest Energy without scaling headcount,"Hi Paula,

As Meadowcrest Energy grows, the manual side of IT work usually grows with it. We help teams keep that from becoming a bottleneck.

Open to a quick call?

Best,
Priya",,,tmpl_08_growth_angle
eml_0091,thr_con_0207,act_0104,acc_019,Northstar Cloud,con_0207,outbound,outbound_send,2026-06-24,alex.morgan@lumenops.example,daan.de-groot.0207@northstar-cloud.example,For Chief Information Officers at Northstar Cloud,"Hi Daan,

As Chief Information Officer at Northstar Cloud, you're probably dealing with a lot of repetitive cross-functional requests. We help teams like yours cut that down significantly.

Open to a 15-minute call this week?

Best,
Alex",,,tmpl_02_role_based
eml_0092,thr_con_0427,act_0105,acc_039,Solstice Health,con_0427,outbound,outbound_send,2026-06-24,oliver.bennett@lumenops.example,freya.thomas.0427@solstice-health.example,Scaling Engineering at Solstice Health without scaling headcount,"Hi Freya,

As Solstice Health grows, the manual side of Engineering work usually grows with it. We help teams keep that from becoming a bottleneck.

Open to a quick call?

Best,
Oliver",,,tmpl_08_growth_angle
eml_0093,thr_con_0568,act_0107,acc_052,Northstar Systems,con_0568,outbound,outbound_send,2026-06-24,oliver.bennett@lumenops.example,liam.taylor.0568@northstar-systems.example,Cutting manual work at Northstar Systems,"Hi Liam,

Most Innovation teams lose several hours a week to manual research, data-gathering, and repetitive follow-ups. We built a way to automate a good chunk of that.

Happy to show you a 10-minute example if useful.

Best,
Oliver",deal_054,,tmpl_04_value_prop_direct
eml_0094,thr_con_0498,act_0109,acc_045,Deltaforge Mobility,con_0498,outbound,outbound_send,2026-06-25,priya.nair@lumenops.example,amelia.ho.0498@deltaforge-mobility.example,Scaling Innovation at Deltaforge Mobility without scaling headcount,"Hi Amelia,

As Deltaforge Mobility grows, the manual side of Innovation work usually grows with it. We help teams keep that from becoming a bottleneck.

Open to a quick call?

Best,
Priya",,,tmpl_08_growth_angle
eml_0095,thr_con_0622,act_0110,acc_056,Riverstone Advisory,con_0622,outbound,outbound_send,2026-06-25,alex.morgan@lumenops.example,lucas.de-groot.0622@riverstone-advisory.example,How does Riverstone Advisory handle repetitive General Management research today?,"Hi Lucas,

Curious how Riverstone Advisory currently handles the more repetitive parts of General Management research and follow-up. Most teams we talk to are doing a lot of it manually.

Worth comparing notes?

Best,
Alex",,,tmpl_07_question_led
eml_0096,thr_con_0683,act_0111,acc_062,Wintermere Services,con_0683,outbound,outbound_send,2026-06-25,alex.morgan@lumenops.example,paul.schmidt.0683@wintermere-services.example,Scaling IT at Wintermere Services without scaling headcount,"Hi Paul,

As Wintermere Services grows, the manual side of IT work usually grows with it. We help teams keep that from becoming a bottleneck.

Open to a quick call?

Best,
Alex",,,tmpl_08_growth_angle
eml_0097,thr_con_0718,act_0112,acc_065,Harborstone Industries,con_0718,outbound,outbound_send,2026-06-25,priya.nair@lumenops.example,lena.bauer.0718@harborstone-industries.example,Introduction - Priya from Lumen Ops,"Hi Lena,

Reaching out because we work with IT teams to cut down on manual research and repetitive follow-up work. Thought it might be relevant at Harborstone Industries.

Open to connecting?

Best,
Priya",,,tmpl_10_soft_intro
eml_0098,thr_con_0994,act_0113,acc_090,Silvergrove Labs,con_0994,outbound,outbound_send,2026-06-25,samira.lee@lumenops.example,hugo.bernard.0994@silvergrove-labs.example,"15 minutes, Hugo?","Hi Hugo,

Would it be worth 15 minutes to see if we can save your Product team some manual work? Happy to work around your schedule.

Best,
Samira",,,tmpl_06_short_direct
eml_0099,thr_con_0145,act_0114,acc_014,Fableworks Services,con_0145,outbound,outbound_send,2026-06-26,thomas.chen@lumenops.example,emil.tuominen.0145@fableworks-services.example,For RevOps Managers at Fableworks Services,"Hi Emil,

As RevOps Manager at Fableworks Services, you're probably dealing with a lot of repetitive cross-functional requests. We help teams like yours cut that down significantly.

Open to a 15-minute call this week?

Best,
Thomas",,,tmpl_02_role_based
eml_0100,thr_con_0445,act_0115,acc_041,Yarrow Analytics,con_0445,outbound,outbound_send,2026-06-26,alex.morgan@lumenops.example,luca.bruno.0445@yarrow-analytics.example,Following up - Yarrow Analytics,"Hi Luca,

Following up on my note last week, in case it got buried. Still happy to share a quick example if useful.

Best,
Alex",,,follow_up_bump
eml_0101,thr_con_0074,act_0117,acc_007,Atelier Nova,con_0074,outbound,outbound_send,2026-06-27,oliver.bennett@lumenops.example,alessandro.russo.0074@atelier-nova.example,Scaling General Management at Atelier Nova without scaling headcount,"Hi Alessandro,

As Atelier Nova grows, the manual side of General Management work usually grows with it. We help teams keep that from becoming a bottleneck.

Open to a quick call?

Best,
Oliver",,,tmpl_08_growth_angle
eml_0102,thr_con_0108,act_0118,acc_010,Bluehaven Labs,con_0108,outbound,outbound_send,2026-06-27,priya.nair@lumenops.example,finn.schneider.0108@bluehaven-labs.example,Cutting manual work at Bluehaven Labs,"Hi Finn,

Most Finance teams lose several hours a week to manual research, data-gathering, and repetitive follow-ups. We built a way to automate a good chunk of that.

Happy to show you a 10-minute example if useful.

Best,
Priya",,,tmpl_04_value_prop_direct
eml_0103,thr_con_0331,act_0119,acc_030,Brightpath Services,con_0331,outbound,outbound_send,2026-06-27,oliver.bennett@lumenops.example,oliver.wilson.0331@brightpath-services.example,"15 minutes, Oliver?","Hi Oliver,

Would it be worth 15 minutes to see if we can save your General Management team some manual work? Happy to work around your schedule.

Best,
Oliver",,,tmpl_06_short_direct
eml_0104,thr_con_0435,act_0120,acc_040,Westmere Advisory,con_0435,outbound,outbound_send,2026-06-27,priya.nair@lumenops.example,paula.diaz.0435@westmere-advisory.example,Following up - Westmere Advisory,"Hi Paula,

Following up on my note last week, in case it got buried. Still happy to share a quick example if useful.

Best,
Priya",,,follow_up_bump
eml_0105,thr_con_0567,act_0121,acc_051,Meadowcrest Cloud,con_0567,outbound,outbound_send,2026-06-27,thomas.chen@lumenops.example,iida.karjalainen.0567@meadowcrest-cloud.example,For Procurement Managers at Meadowcrest Cloud,"Hi Iida,

As Procurement Manager at Meadowcrest Cloud, you're probably dealing with a lot of repetitive cross-functional requests. We help teams like yours cut that down significantly.

Open to a 15-minute call this week?

Best,
Thomas",,,tmpl_02_role_based
eml_0106,thr_con_0690,act_0122,acc_063,Brightpath Works,con_0690,outbound,outbound_send,2026-06-27,priya.nair@lumenops.example,davide.costa.0690@brightpath-works.example,"15 minutes, Davide?","Hi Davide,

Would it be worth 15 minutes to see if we can save your Product team some manual work? Happy to work around your schedule.

Best,
Priya",,,tmpl_06_short_direct
eml_0107,thr_con_0180,act_0123,acc_017,Latticepoint Industries,con_0180,outbound,outbound_send,2026-06-28,oliver.bennett@lumenops.example,george.edwards.0180@latticepoint-industries.example,Cutting manual work at Latticepoint Industries,"Hi George,

Most Operations teams lose several hours a week to manual research, data-gathering, and repetitive follow-ups. We built a way to automate a good chunk of that.

Happy to show you a 10-minute example if useful.

Best,
Oliver",,,tmpl_04_value_prop_direct
eml_0108,thr_con_0251,act_0124,acc_023,Riverstone Health,con_0251,outbound,outbound_send,2026-06-28,oliver.bennett@lumenops.example,matilda.harris.0251@riverstone-health.example,For Plant Operations Directors at Riverstone Health,"Hi Matilda,

As Plant Operations Director at Riverstone Health, you're probably dealing with a lot of repetitive cross-functional requests. We help teams like yours cut that down significantly.

Open to a 15-minute call this week?

Best,
Oliver",,,tmpl_02_role_based
eml_0109,thr_con_0259,act_0125,acc_024,Silvergrove Advisory,con_0259,inbound,inbound_reply,2026-06-28,maya.brown.0259@silvergrove-advisory.example,alex.morgan@lumenops.example,Re: Silvergrove Advisory,"Thanks for the note. Can you share a bit more detail on how this would actually work for a team like ours? Not sure it's a priority right now but curious.

Best,
Maya",,,reply_neutral
eml_0110,thr_con_0304,act_0126,acc_028,Willowgate Commerce,con_0304,outbound,outbound_send,2026-06-28,oliver.bennett@lumenops.example,david.wagner.0304@willowgate-commerce.example,Media teams and manual research overhead,"Hi David,

Working with a few other Media companies right now on reducing the manual research and busywork that piles up around Growth. Thought it might be relevant to Willowgate Commerce too.

Would you be open to comparing notes?

Best,
Oliver",,,tmpl_03_industry_based
eml_0111,thr_con_0579,act_0127,acc_053,Orbitwell Digital,con_0579,outbound,outbound_send,2026-06-28,oliver.bennett@lumenops.example,hugo.dubois.0579@orbitwell-digital.example,Cutting manual work at Orbitwell Digital,"Hi Hugo,

Most IT teams lose several hours a week to manual research, data-gathering, and repetitive follow-ups. We built a way to automate a good chunk of that.

Happy to show you a 10-minute example if useful.

Best,
Oliver",,,tmpl_04_value_prop_direct
eml_0112,thr_con_0632,act_0128,acc_057,Silvergrove Analytics,con_0632,outbound,outbound_send,2026-06-28,samira.lee@lumenops.example,clara.pedersen.0632@silvergrove-analytics.example,Following up - Silvergrove Analytics,"Hi Clara,

Following up on my note last week, in case it got buried. Still happy to share a quick example if useful.

Best,
Samira",,,follow_up_bump
eml_0113,thr_con_0851,act_0129,acc_077,Copperleaf Mobility,con_0851,outbound,outbound_send,2026-06-28,oliver.bennett@lumenops.example,daniel.sanchez.0851@copperleaf-mobility.example,Energy teams and manual research overhead,"Hi Daniel,

Working with a few other Energy companies right now on reducing the manual research and busywork that piles up around IT. Thought it might be relevant to Copperleaf Mobility too.

Would you be open to comparing notes?

Best,
Oliver",,,tmpl_03_industry_based
eml_0114,thr_con_0021,act_0130,acc_001,Northstar Ledger,con_0021,outbound,outbound_send,2026-06-29,oliver.bennett@lumenops.example,arthur.lefebvre.0021@northstar-ledger.example,The manual work behind Product Operations at growing companies,"Hi Arthur,

Most Product Operations teams at companies Northstar Ledger's size end up buried in manual research, data pulls, and follow-up that could be automated. Wondering if that resonates.

Best,
Oliver",,,tmpl_09_problem_first
eml_0115,thr_con_0285,act_0131,acc_026,Terravale Labs,con_0285,outbound,outbound_send,2026-06-29,alex.morgan@lumenops.example,luca.romano.0285@terravale-labs.example,Following up - Terravale Labs,"Hi Luca,

Following up on my note last week, in case it got buried. Still happy to share a quick example if useful.

Best,
Alex",,,follow_up_bump
eml_0116,thr_con_0675,act_0133,acc_061,Willowgate Mobility,con_0675,inbound,inbound_reply,2026-06-29,arthur.johnson.0675@willowgate-mobility.example,alex.morgan@lumenops.example,Re: Willowgate Mobility,"Thanks for the note. Can you share a bit more detail on how this would actually work for a team like ours? Not sure it's a priority right now but curious.

Best,
Arthur",,,reply_neutral
eml_0117,thr_con_0019,act_0135,acc_001,Northstar Ledger,con_0019,outbound,outbound_send,2026-06-30,alex.morgan@lumenops.example,antoine.petit.0019@northstar-ledger.example,"15 minutes, Antoine?","Hi Antoine,

Would it be worth 15 minutes to see if we can save your Risk team some manual work? Happy to work around your schedule.

Best,
Alex",,,tmpl_06_short_direct
eml_0118,thr_con_0809,act_0136,acc_073,Westmere Analytics,con_0809,outbound,outbound_send,2026-06-30,thomas.chen@lumenops.example,maja.nilsen.0809@westmere-analytics.example,Following up - Westmere Analytics,"Hi Maja,

Following up on my note last week, in case it got buried. Still happy to share a quick example if useful.

Best,
Thomas",,,follow_up_bump
eml_0119,thr_con_0993,act_0137,acc_090,Silvergrove Labs,con_0993,outbound,outbound_send,2026-06-30,samira.lee@lumenops.example,ines.durand.0993@silvergrove-labs.example,Introduction - Samira from Lumen Ops,"Hi Inès,

Reaching out because we work with Security teams to cut down on manual research and repetitive follow-up work. Thought it might be relevant at Silvergrove Labs.

Open to connecting?

Best,
Samira",,,tmpl_10_soft_intro
eml_0120,thr_con_0602,act_0139,acc_055,Quartzline Health,con_0602,outbound,outbound_send,2026-07-01,oliver.bennett@lumenops.example,adrian.martin.0602@quartzline-health.example,How other Professional services teams handle this,"Hi Adrián,

A few Professional services companies we work with were spending hours a week manually pulling together research before big decisions. We helped automate most of it.

Curious if that's a pain point at Quartzline Health as well?

Best,
Oliver",,,tmpl_05_peer_reference
eml_0121,thr_con_0833,act_0141,acc_075,Asterline Collective,con_0833,outbound,outbound_send,2026-07-01,alex.morgan@lumenops.example,ines.dubois.0833@asterline-collective.example,"15 minutes, Inès?","Hi Inès,

Would it be worth 15 minutes to see if we can save your Security team some manual work? Happy to work around your schedule.

Best,
Alex",,,tmpl_06_short_direct
eml_0122,thr_con_0223,act_0142,acc_021,Pinebridge Digital,con_0223,outbound,outbound_send,2026-07-02,oliver.bennett@lumenops.example,laura.gerber.0223@pinebridge-digital.example,Following up - Pinebridge Digital,"Hi Laura,

Following up on my note last week, in case it got buried. Still happy to share a quick example if useful.

Best,
Oliver",,,follow_up_bump
eml_0123,thr_con_0417,act_0143,acc_038,Skyward Platforms,con_0417,outbound,outbound_send,2026-07-02,thomas.chen@lumenops.example,antoine.david.0417@skyward-platforms.example,Quick question about Skyward Platforms's Security workflows,"Hi Antoine,

I noticed Skyward Platforms has been growing its Security team, and most teams that size end up spending a lot of hours a week on manual research and follow-up work that doesn't need a human doing it by hand.

Worth a quick chat to see if that's true for your team too?

Best,
Thomas",,,tmpl_01_quick_question
eml_0124,thr_con_0420,act_0144,acc_038,Skyward Platforms,con_0420,outbound,outbound_send,2026-07-02,alex.morgan@lumenops.example,camille.garcia.0420@skyward-platforms.example,How does Skyward Platforms handle repetitive Product research today?,"Hi Camille,

Curious how Skyward Platforms currently handles the more repetitive parts of Product research and follow-up. Most teams we talk to are doing a lot of it manually.

Worth comparing notes?

Best,
Alex",,,tmpl_07_question_led
eml_0125,thr_con_0509,act_0145,acc_046,Emberfield Services,con_0509,outbound,outbound_send,2026-07-02,alex.morgan@lumenops.example,amelie.michel.0509@emberfield-services.example,Cutting manual work at Emberfield Services,"Hi Amélie,

Most Procurement teams lose several hours a week to manual research, data-gathering, and repetitive follow-ups. We built a way to automate a good chunk of that.

Happy to show you a 10-minute example if useful.

Best,
Alex",,,tmpl_04_value_prop_direct
eml_0126,thr_con_0587,act_0146,acc_053,Orbitwell Digital,con_0587,outbound,outbound_send,2026-07-02,alex.morgan@lumenops.example,baptiste.petit.0587@orbitwell-digital.example,How other Education teams handle this,"Hi Baptiste,

A few Education companies we work with were spending hours a week manually pulling together research before big decisions. We helped automate most of it.

Curious if that's a pain point at Orbitwell Digital as well?

Best,
Alex",,,tmpl_05_peer_reference
eml_0127,thr_con_0701,act_0147,acc_064,Cedarpoint Networks,con_0701,outbound,outbound_send,2026-07-02,oliver.bennett@lumenops.example,noah.dubois.0701@cedarpoint-networks.example,Following up - Cedarpoint Networks,"Hi Noah,

Following up on my note last week, in case it got buried. Still happy to share a quick example if useful.

Best,
Oliver",,,follow_up_bump
eml_0128,thr_con_0231,act_0149,acc_021,Pinebridge Digital,con_0231,outbound,outbound_send,2026-07-03,samira.lee@lumenops.example,alina.zimmermann.0231@pinebridge-digital.example,"15 minutes, Alina?","Hi Alina,

Would it be worth 15 minutes to see if we can save your Operations team some manual work? Happy to work around your schedule.

Best,
Samira",,,tmpl_06_short_direct
eml_0129,thr_con_0427,act_0150,acc_039,Solstice Health,con_0427,outbound,outbound_send,2026-07-03,oliver.bennett@lumenops.example,freya.thomas.0427@solstice-health.example,Following up - Solstice Health,"Hi Freya,

Following up on my note last week, in case it got buried. Still happy to share a quick example if useful.

Best,
Oliver",,,follow_up_bump
eml_0130,thr_con_0490,act_0152,acc_045,Deltaforge Mobility,con_0490,outbound,outbound_send,2026-07-03,samira.lee@lumenops.example,maya.ng.0490@deltaforge-mobility.example,For Director of Operationss at Deltaforge Mobility,"Hi Maya,

As Director of Operations at Deltaforge Mobility, you're probably dealing with a lot of repetitive cross-functional requests. We help teams like yours cut that down significantly.

Open to a 15-minute call this week?

Best,
Samira",,,tmpl_02_role_based
eml_0131,thr_con_0823,act_0153,acc_074,Yarrow Labs,con_0823,outbound,outbound_send,2026-07-03,priya.nair@lumenops.example,noah.lopez.0823@yarrow-labs.example,Cutting manual work at Yarrow Labs,"Hi Noah,

Most IT teams lose several hours a week to manual research, data-gathering, and repetitive follow-ups. We built a way to automate a good chunk of that.

Happy to show you a 10-minute example if useful.

Best,
Priya",,,tmpl_04_value_prop_direct
eml_0132,thr_con_0878,act_0154,acc_079,Emberfield Works,con_0878,outbound,outbound_send,2026-07-03,priya.nair@lumenops.example,nora.magnusson.0878@emberfield-works.example,"15 minutes, Nora?","Hi Nora,

Would it be worth 15 minutes to see if we can save your Digital Transformation team some manual work? Happy to work around your schedule.

Best,
Priya",,,tmpl_06_short_direct
eml_0133,thr_con_0456,act_0156,acc_042,Asterline Labs,con_0456,outbound,outbound_send,2026-07-04,samira.lee@lumenops.example,oscar.jakobsson.0456@asterline-labs.example,How does Asterline Labs handle repetitive Data research today?,"Hi Oscar,

Curious how Asterline Labs currently handles the more repetitive parts of Data research and follow-up. Most teams we talk to are doing a lot of it manually.

Worth comparing notes?

Best,
Samira",deal_027,,tmpl_07_question_led
eml_0134,thr_con_0558,act_0157,acc_051,Meadowcrest Cloud,con_0558,outbound,outbound_send,2026-07-04,priya.nair@lumenops.example,emil.virtanen.0558@meadowcrest-cloud.example,Energy teams and manual research overhead,"Hi Emil,

Working with a few other Energy companies right now on reducing the manual research and busywork that piles up around Operations. Thought it might be relevant to Meadowcrest Cloud too.

Would you be open to comparing notes?

Best,
Priya",,,tmpl_03_industry_based
eml_0135,thr_con_0620,act_0158,acc_056,Riverstone Advisory,con_0620,outbound,outbound_send,2026-07-04,samira.lee@lumenops.example,finn.janssen.0620@riverstone-advisory.example,The manual work behind Marketing Operations at growing companies,"Hi Finn,

Most Marketing Operations teams at companies Riverstone Advisory's size end up buried in manual research, data pulls, and follow-up that could be automated. Wondering if that resonates.

Best,
Samira",,,tmpl_09_problem_first
eml_0136,thr_con_0836,act_0159,acc_076,Bluehaven Commerce,con_0836,outbound,outbound_send,2026-07-04,thomas.chen@lumenops.example,amelia.thomas.0836@bluehaven-commerce.example,How does Bluehaven Commerce handle repetitive Operations research today?,"Hi Amelia,

Curious how Bluehaven Commerce currently handles the more repetitive parts of Operations research and follow-up. Most teams we talk to are doing a lot of it manually.

Worth comparing notes?

Best,
Thomas",,,tmpl_07_question_led
eml_0137,thr_con_0593,act_0160,acc_054,Pinebridge Platforms,con_0593,outbound,outbound_send,2026-07-05,alex.morgan@lumenops.example,harry.wilson.0593@pinebridge-platforms.example,The manual work behind Operations at growing companies,"Hi Harry,

Most Operations teams at companies Pinebridge Platforms's size end up buried in manual research, data pulls, and follow-up that could be automated. Wondering if that resonates.

Best,
Alex",,,tmpl_09_problem_first
eml_0138,thr_con_0603,act_0161,acc_055,Quartzline Health,con_0603,outbound,outbound_send,2026-07-05,oliver.bennett@lumenops.example,marta.gonzalez.0603@quartzline-health.example,Scaling Business Development at Quartzline Health without scaling headcount,"Hi Marta,

As Quartzline Health grows, the manual side of Business Development work usually grows with it. We help teams keep that from becoming a bottleneck.

Open to a quick call?

Best,
Oliver",,,tmpl_08_growth_angle
eml_0139,thr_con_0217,act_0162,acc_020,Orbitwell Systems,con_0217,outbound,outbound_send,2026-07-06,alex.morgan@lumenops.example,alma.jrgensen.0217@orbitwell-systems.example,Quick question about Orbitwell Systems's Operations workflows,"Hi Alma,

I noticed Orbitwell Systems has been growing its Operations team, and most teams that size end up spending a lot of hours a week on manual research and follow-up work that doesn't need a human doing it by hand.

Worth a quick chat to see if that's true for your team too?

Best,
Alex",,,tmpl_01_quick_question
eml_0140,thr_con_0350,act_0163,acc_032,Harborstone Networks,con_0350,outbound,outbound_send,2026-07-06,priya.nair@lumenops.example,marie.schulz.0350@harborstone-networks.example,Introduction - Priya from Lumen Ops,"Hi Marie,

Reaching out because we work with Engineering teams to cut down on manual research and repetitive follow-up work. Thought it might be relevant at Harborstone Networks.

Open to connecting?

Best,
Priya",,,tmpl_10_soft_intro
eml_0141,thr_con_0993,act_0165,acc_090,Silvergrove Labs,con_0993,inbound,inbound_reply,2026-07-06,ines.durand.0993@silvergrove-labs.example,samira.lee@lumenops.example,Re: Silvergrove Labs,"Thanks for the note. Can you share a bit more detail on how this would actually work for a team like ours? Not sure it's a priority right now but curious.

Best,
Inès",,,reply_neutral
eml_0142,thr_con_0251,act_0166,acc_023,Riverstone Health,con_0251,outbound,outbound_send,2026-07-07,oliver.bennett@lumenops.example,matilda.harris.0251@riverstone-health.example,Following up - Riverstone Health,"Hi Matilda,

Following up on my note last week, in case it got buried. Still happy to share a quick example if useful.

Best,
Oliver",,,follow_up_bump
eml_0143,thr_con_0304,act_0167,acc_028,Willowgate Commerce,con_0304,outbound,outbound_send,2026-07-07,oliver.bennett@lumenops.example,david.wagner.0304@willowgate-commerce.example,Following up - Willowgate Commerce,"Hi David,

Following up on my note last week, in case it got buried. Still happy to share a quick example if useful.

Best,
Oliver",,,follow_up_bump
eml_0144,thr_con_0340,act_0168,acc_031,Cedarpoint Works,con_0340,outbound,outbound_send,2026-07-07,samira.lee@lumenops.example,julien.david.0340@cedarpoint-works.example,"15 minutes, Julien?","Hi Julien,

Would it be worth 15 minutes to see if we can save your Product team some manual work? Happy to work around your schedule.

Best,
Samira",,,tmpl_06_short_direct
eml_0145,thr_con_0452,act_0169,acc_041,Yarrow Analytics,con_0452,outbound,outbound_send,2026-07-07,alex.morgan@lumenops.example,francesco.russo.0452@yarrow-analytics.example,How other Data infrastructure teams handle this,"Hi Francesco,

A few Data infrastructure companies we work with were spending hours a week manually pulling together research before big decisions. We helped automate most of it.

Curious if that's a pain point at Yarrow Analytics as well?

Best,
Alex",,,tmpl_05_peer_reference
eml_0146,thr_con_0686,act_0170,acc_062,Wintermere Services,con_0686,outbound,outbound_send,2026-07-07,priya.nair@lumenops.example,felix.muller.0686@wintermere-services.example,How does Wintermere Services handle repetitive RevOps research today?,"Hi Felix,

Curious how Wintermere Services currently handles the more repetitive parts of RevOps research and follow-up. Most teams we talk to are doing a lot of it manually.

Worth comparing notes?

Best,
Priya",,,tmpl_07_question_led
eml_0147,thr_con_0021,act_0172,acc_001,Northstar Ledger,con_0021,outbound,outbound_send,2026-07-08,oliver.bennett@lumenops.example,arthur.lefebvre.0021@northstar-ledger.example,Following up - Northstar Ledger,"Hi Arthur,

Following up on my note last week, in case it got buried. Still happy to share a quick example if useful.

Best,
Oliver",,,follow_up_bump
eml_0148,thr_con_0170,act_0173,acc_016,Juniperlane Networks,con_0170,outbound,outbound_send,2026-07-08,alex.morgan@lumenops.example,mathieu.dubois.0170@juniperlane-networks.example,Quick question about Juniperlane Networks's Marketing workflows,"Hi Mathieu,

I noticed Juniperlane Networks has been growing its Marketing team, and most teams that size end up spending a lot of hours a week on manual research and follow-up work that doesn't need a human doing it by hand.

Worth a quick chat to see if that's true for your team too?

Best,
Alex",,,tmpl_01_quick_question
eml_0149,thr_con_0421,act_0174,acc_038,Skyward Platforms,con_0421,outbound,outbound_send,2026-07-08,priya.nair@lumenops.example,nina.durand.0421@skyward-platforms.example,Cutting manual work at Skyward Platforms,"Hi Nina,

Most Marketing teams lose several hours a week to manual research, data-gathering, and repetitive follow-ups. We built a way to automate a good chunk of that.

Happy to show you a 10-minute example if useful.

Best,
Priya",,,tmpl_04_value_prop_direct
eml_0150,thr_con_0789,act_0177,acc_071,Skyward Health,con_0789,outbound,outbound_send,2026-07-08,thomas.chen@lumenops.example,lotte.de-vries.0789@skyward-health.example,Introduction - Thomas from Lumen Ops,"Hi Lotte,

Reaching out because we work with Operations teams to cut down on manual research and repetitive follow-up work. Thought it might be relevant at Skyward Health.

Open to connecting?

Best,
Thomas",,,tmpl_10_soft_intro
eml_0151,thr_con_0817,act_0178,acc_074,Yarrow Labs,con_0817,outbound,outbound_send,2026-07-08,thomas.chen@lumenops.example,sophia.wilson.0817@yarrow-labs.example,Introduction - Thomas from Lumen Ops,"Hi Sophia,

Reaching out because we work with IT teams to cut down on manual research and repetitive follow-up work. Thought it might be relevant at Yarrow Labs.

Open to connecting?

Best,
Thomas",,,tmpl_10_soft_intro
eml_0152,thr_con_0976,act_0179,acc_088,Quartzline Advisory,con_0976,outbound,outbound_send,2026-07-08,thomas.chen@lumenops.example,sofia.karjalainen.0976@quartzline-advisory.example,Scaling Product Operations at Quartzline Advisory without scaling headcount,"Hi Sofia,

As Quartzline Advisory grows, the manual side of Product Operations work usually grows with it. We help teams keep that from becoming a bottleneck.

Open to a quick call?

Best,
Thomas",,,tmpl_08_growth_angle
eml_0153,thr_con_0933,act_0180,acc_084,Meadowcrest Systems,con_0933,outbound,outbound_send,2026-07-09,thomas.chen@lumenops.example,leon.bauer.0933@meadowcrest-systems.example,How other Agriculture teams handle this,"Hi Leon,

A few Agriculture companies we work with were spending hours a week manually pulling together research before big decisions. We helped automate most of it.

Curious if that's a pain point at Meadowcrest Systems as well?

Best,
Thomas",,,tmpl_05_peer_reference
eml_0154,thr_con_0985,act_0181,acc_089,Riverstone Analytics,con_0985,outbound,outbound_send,2026-07-09,thomas.chen@lumenops.example,isabella.taylor.0985@riverstone-analytics.example,How does Riverstone Analytics handle repetitive Security research today?,"Hi Isabella,

Curious how Riverstone Analytics currently handles the more repetitive parts of Security research and follow-up. Most teams we talk to are doing a lot of it manually.

Worth comparing notes?

Best,
Thomas",,,tmpl_07_question_led
eml_0155,thr_con_0173,act_0182,acc_016,Juniperlane Networks,con_0173,outbound,outbound_send,2026-07-10,alex.morgan@lumenops.example,ines.martin.0173@juniperlane-networks.example,Scaling Engineering at Juniperlane Networks without scaling headcount,"Hi Inès,

As Juniperlane Networks grows, the manual side of Engineering work usually grows with it. We help teams keep that from becoming a bottleneck.

Open to a quick call?

Best,
Alex",,,tmpl_08_growth_angle
eml_0156,thr_con_0509,act_0184,acc_046,Emberfield Services,con_0509,outbound,outbound_send,2026-07-10,alex.morgan@lumenops.example,amelie.michel.0509@emberfield-services.example,Following up - Emberfield Services,"Hi Amélie,

Following up on my note last week, in case it got buried. Still happy to share a quick example if useful.

Best,
Alex",,,follow_up_bump
eml_0157,thr_con_0420,act_0187,acc_038,Skyward Platforms,con_0420,outbound,outbound_send,2026-07-11,alex.morgan@lumenops.example,camille.garcia.0420@skyward-platforms.example,Following up - Skyward Platforms,"Hi Camille,

Following up on my note last week, in case it got buried. Still happy to share a quick example if useful.

Best,
Alex",,,follow_up_bump
eml_0158,thr_con_0541,act_0188,acc_049,Juniperlane Industries,con_0541,outbound,outbound_send,2026-07-11,samira.lee@lumenops.example,louise.peeters.0541@juniperlane-industries.example,The manual work behind Operations at growing companies,"Hi Louise,

Most Operations teams at companies Juniperlane Industries's size end up buried in manual research, data pulls, and follow-up that could be automated. Wondering if that resonates.

Best,
Samira",,,tmpl_09_problem_first
eml_0159,thr_con_0593,act_0189,acc_054,Pinebridge Platforms,con_0593,inbound,inbound_reply,2026-07-11,harry.wilson.0593@pinebridge-platforms.example,alex.morgan@lumenops.example,Re: Pinebridge Platforms,"Thanks for the note. Can you share a bit more detail on how this would actually work for a team like ours? Not sure it's a priority right now but curious.

Best,
Harry",,,reply_neutral
eml_0160,thr_con_0603,act_0190,acc_055,Quartzline Health,con_0603,inbound,inbound_reply,2026-07-11,marta.gonzalez.0603@quartzline-health.example,oliver.bennett@lumenops.example,Re: Quartzline Health,"Thanks for the note. Can you share a bit more detail on how this would actually work for a team like ours? Not sure it's a priority right now but curious.

Best,
Marta",,,reply_neutral
eml_0161,thr_con_0676,act_0191,acc_061,Willowgate Mobility,con_0676,outbound,outbound_send,2026-07-11,priya.nair@lumenops.example,amelia.brown.0676@willowgate-mobility.example,"15 minutes, Amelia?","Hi Amelia,

Would it be worth 15 minutes to see if we can save your Engineering team some manual work? Happy to work around your schedule.

Best,
Priya",,,tmpl_06_short_direct
eml_0162,thr_con_0762,act_0193,acc_069,Oakridge Digital,con_0762,outbound,outbound_send,2026-07-11,oliver.bennett@lumenops.example,clara.becker.0762@oakridge-digital.example,How does Oakridge Digital handle repetitive E-commerce research today?,"Hi Clara,

Curious how Oakridge Digital currently handles the more repetitive parts of E-commerce research and follow-up. Most teams we talk to are doing a lot of it manually.

Worth comparing notes?

Best,
Oliver",,,tmpl_07_question_led
eml_0163,thr_con_0924,act_0194,acc_084,Meadowcrest Systems,con_0924,outbound,outbound_send,2026-07-11,oliver.bennett@lumenops.example,moritz.wolf.0924@meadowcrest-systems.example,The manual work behind Innovation at growing companies,"Hi Moritz,

Most Innovation teams at companies Meadowcrest Systems's size end up buried in manual research, data pulls, and follow-up that could be automated. Wondering if that resonates.

Best,
Oliver",,,tmpl_09_problem_first
eml_0164,thr_con_0110,act_0195,acc_010,Bluehaven Labs,con_0110,outbound,outbound_send,2026-07-12,oliver.bennett@lumenops.example,sophie.schulz.0110@bluehaven-labs.example,"15 minutes, Sophie?","Hi Sophie,

Would it be worth 15 minutes to see if we can save your Engineering team some manual work? Happy to work around your schedule.

Best,
Oliver",,,tmpl_06_short_direct
eml_0165,thr_con_0491,act_0196,acc_045,Deltaforge Mobility,con_0491,outbound,outbound_send,2026-07-12,alex.morgan@lumenops.example,ryan.loh.0491@deltaforge-mobility.example,For IT Program Managers at Deltaforge Mobility,"Hi Ryan,

As IT Program Manager at Deltaforge Mobility, you're probably dealing with a lot of repetitive cross-functional requests. We help teams like yours cut that down significantly.

Open to a 15-minute call this week?

Best,
Alex",,,tmpl_02_role_based
eml_0166,thr_con_0524,act_0197,acc_048,Graniteway Networks,con_0524,outbound,outbound_send,2026-07-12,oliver.bennett@lumenops.example,leonardo.giordano.0524@graniteway-networks.example,Scaling Engineering at Graniteway Networks without scaling headcount,"Hi Leonardo,

As Graniteway Networks grows, the manual side of Engineering work usually grows with it. We help teams keep that from becoming a bottleneck.

Open to a quick call?

Best,
Oliver",,,tmpl_08_growth_angle
eml_0167,thr_con_0605,act_0198,acc_055,Quartzline Health,con_0605,outbound,outbound_send,2026-07-12,priya.nair@lumenops.example,paula.gomez.0605@quartzline-health.example,Scaling IT at Quartzline Health without scaling headcount,"Hi Paula,

As Quartzline Health grows, the manual side of IT work usually grows with it. We help teams keep that from becoming a bottleneck.

Open to a quick call?

Best,
Priya",,,tmpl_08_growth_angle
eml_0168,thr_con_0197,act_0199,acc_018,Meadowcrest Energy,con_0197,outbound,outbound_send,2026-07-13,thomas.chen@lumenops.example,adrian.fernandez.0197@meadowcrest-energy.example,The manual work behind Growth at growing companies,"Hi Adrián,

Most Growth teams at companies Meadowcrest Energy's size end up buried in manual research, data pulls, and follow-up that could be automated. Wondering if that resonates.

Best,
Thomas",,,tmpl_09_problem_first
eml_0169,thr_con_0558,act_0200,acc_051,Meadowcrest Cloud,con_0558,outbound,outbound_send,2026-07-13,priya.nair@lumenops.example,emil.virtanen.0558@meadowcrest-cloud.example,Following up - Meadowcrest Cloud,"Hi Emil,

Following up on my note last week, in case it got buried. Still happy to share a quick example if useful.

Best,
Priya",,,follow_up_bump
eml_0170,thr_con_0827,act_0201,acc_075,Asterline Collective,con_0827,outbound,outbound_send,2026-07-13,samira.lee@lumenops.example,baptiste.robert.0827@asterline-collective.example,How does Asterline Collective handle repetitive Security research today?,"Hi Baptiste,

Curious how Asterline Collective currently handles the more repetitive parts of Security research and follow-up. Most teams we talk to are doing a lot of it manually.

Worth comparing notes?

Best,
Samira",,,tmpl_07_question_led
eml_0171,thr_con_0836,act_0202,acc_076,Bluehaven Commerce,con_0836,outbound,outbound_send,2026-07-13,thomas.chen@lumenops.example,amelia.thomas.0836@bluehaven-commerce.example,Following up - Bluehaven Commerce,"Hi Amelia,

Following up on my note last week, in case it got buried. Still happy to share a quick example if useful.

Best,
Thomas",,,follow_up_bump
eml_0172,thr_con_0886,act_0203,acc_080,Fableworks Networks,con_0886,outbound,outbound_send,2026-07-13,alex.morgan@lumenops.example,alicja.lewandowski.0886@fableworks-networks.example,For Chief Operating Officers at Fableworks Networks,"Hi Alicja,

As Chief Operating Officer at Fableworks Networks, you're probably dealing with a lot of repetitive cross-functional requests. We help teams like yours cut that down significantly.

Open to a 15-minute call this week?

Best,
Alex",,,tmpl_02_role_based
eml_0173,thr_con_0102,act_0205,acc_010,Bluehaven Labs,con_0102,outbound,outbound_send,2026-07-14,thomas.chen@lumenops.example,hannah.weber.0102@bluehaven-labs.example,How does Bluehaven Labs handle repetitive Finance research today?,"Hi Hannah,

Curious how Bluehaven Labs currently handles the more repetitive parts of Finance research and follow-up. Most teams we talk to are doing a lot of it manually.

Worth comparing notes?

Best,
Thomas",,,tmpl_07_question_led
eml_0174,thr_con_0170,act_0206,acc_016,Juniperlane Networks,con_0170,inbound,inbound_reply,2026-07-14,mathieu.dubois.0170@juniperlane-networks.example,alex.morgan@lumenops.example,Re: Juniperlane Networks,"Thanks for the note. Can you share a bit more detail on how this would actually work for a team like ours? Not sure it's a priority right now but curious.

Best,
Mathieu",,,reply_neutral
eml_0175,thr_con_0421,act_0207,acc_038,Skyward Platforms,con_0421,outbound,outbound_send,2026-07-14,priya.nair@lumenops.example,nina.durand.0421@skyward-platforms.example,Following up - Skyward Platforms,"Hi Nina,

Following up on my note last week, in case it got buried. Still happy to share a quick example if useful.

Best,
Priya",,,follow_up_bump
eml_0176,thr_con_0739,act_0208,acc_067,Mapleworks Cloud,con_0739,outbound,outbound_send,2026-07-14,alex.morgan@lumenops.example,henry.smith.0739@mapleworks-cloud.example,Quick question about Mapleworks Cloud's Engineering workflows,"Hi Henry,

I noticed Mapleworks Cloud has been growing its Engineering team, and most teams that size end up spending a lot of hours a week on manual research and follow-up work that doesn't need a human doing it by hand.

Worth a quick chat to see if that's true for your team too?

Best,
Alex",,,tmpl_01_quick_question
eml_0177,thr_con_0880,act_0209,acc_080,Fableworks Networks,con_0880,outbound,outbound_send,2026-07-14,thomas.chen@lumenops.example,micha.zielinski.0880@fableworks-networks.example,"15 minutes, Michał?","Hi Michał,

Would it be worth 15 minutes to see if we can save your IT team some manual work? Happy to work around your schedule.

Best,
Thomas",,,tmpl_06_short_direct
eml_0178,thr_con_0894,act_0210,acc_081,Graniteway Industries,con_0894,outbound,outbound_send,2026-07-14,samira.lee@lumenops.example,emma.thompson.0894@graniteway-industries.example,The manual work behind IT at growing companies,"Hi Emma,

Most IT teams at companies Graniteway Industries's size end up buried in manual research, data pulls, and follow-up that could be automated. Wondering if that resonates.

Best,
Samira",,,tmpl_09_problem_first
eml_0179,thr_con_0895,act_0211,acc_081,Graniteway Industries,con_0895,outbound,outbound_send,2026-07-14,alex.morgan@lumenops.example,oliver.lee.0895@graniteway-industries.example,The manual work behind General Management at growing companies,"Hi Oliver,

Most General Management teams at companies Graniteway Industries's size end up buried in manual research, data pulls, and follow-up that could be automated. Wondering if that resonates.

Best,
Alex",,,tmpl_09_problem_first
eml_0180,thr_con_0056,act_0212,acc_005,Brightforge Manufacturing,con_0056,outbound,outbound_send,2026-07-15,thomas.chen@lumenops.example,clara.roux.0056@brightforge.example,Scaling Operations at Brightforge Manufacturing without scaling headcount,"Hi Clara,

As Brightforge Manufacturing grows, the manual side of Operations work usually grows with it. We help teams keep that from becoming a bottleneck.

Open to a quick call?

Best,
Thomas",,,tmpl_08_growth_angle
eml_0181,thr_con_0261,act_0213,acc_024,Silvergrove Advisory,con_0261,outbound,outbound_send,2026-07-15,oliver.bennett@lumenops.example,isla.roberts.0261@silvergrove-advisory.example,Scaling Security at Silvergrove Advisory without scaling headcount,"Hi Isla,

As Silvergrove Advisory grows, the manual side of Security work usually grows with it. We help teams keep that from becoming a bottleneck.

Open to a quick call?

Best,
Oliver",,,tmpl_08_growth_angle
eml_0182,thr_con_0328,act_0214,acc_030,Brightpath Services,con_0328,outbound,outbound_send,2026-07-15,samira.lee@lumenops.example,evelyn.anderson.0328@brightpath-services.example,For Director of Business Developments at Brightpath Services,"Hi Evelyn,

As Director of Business Development at Brightpath Services, you're probably dealing with a lot of repetitive cross-functional requests. We help teams like yours cut that down significantly.

Open to a 15-minute call this week?

Best,
Samira",,,tmpl_02_role_based
eml_0183,thr_con_0436,act_0215,acc_040,Westmere Advisory,con_0436,outbound,outbound_send,2026-07-15,samira.lee@lumenops.example,mateo.sanchez.0436@westmere-advisory.example,Introduction - Samira from Lumen Ops,"Hi Mateo,

Reaching out because we work with Marketing Operations teams to cut down on manual research and repetitive follow-up work. Thought it might be relevant at Westmere Advisory.

Open to connecting?

Best,
Samira",,,tmpl_10_soft_intro
eml_0184,thr_con_0843,act_0217,acc_076,Bluehaven Commerce,con_0843,outbound,outbound_send,2026-07-15,alex.morgan@lumenops.example,henry.hall.0843@bluehaven-commerce.example,"15 minutes, Henry?","Hi Henry,

Would it be worth 15 minutes to see if we can save your Digital Transformation team some manual work? Happy to work around your schedule.

Best,
Alex",,,tmpl_06_short_direct
eml_0185,thr_con_0970,act_0219,acc_088,Quartzline Advisory,con_0970,outbound,outbound_send,2026-07-15,thomas.chen@lumenops.example,oliver.korhonen.0970@quartzline-advisory.example,Introduction - Thomas from Lumen Ops,"Hi Oliver,

Reaching out because we work with Product Operations teams to cut down on manual research and repetitive follow-up work. Thought it might be relevant at Quartzline Advisory.

Open to connecting?

Best,
Thomas",,,tmpl_10_soft_intro
eml_0186,thr_con_0975,act_0220,acc_088,Quartzline Advisory,con_0975,outbound,outbound_send,2026-07-15,alex.morgan@lumenops.example,oliver.hamalainen.0975@quartzline-advisory.example,Financial technology teams and manual research overhead,"Hi Oliver,

Working with a few other Financial technology companies right now on reducing the manual research and busywork that piles up around RevOps. Thought it might be relevant to Quartzline Advisory too.

Would you be open to comparing notes?

Best,
Alex",,,tmpl_03_industry_based
eml_0187,thr_con_0381,act_0221,acc_035,Noviant Cloud,con_0381,outbound,outbound_send,2026-07-16,thomas.chen@lumenops.example,sean.o-sullivan.0381@noviant-cloud.example,"15 minutes, Seán?","Hi Seán,

Would it be worth 15 minutes to see if we can save your Risk team some manual work? Happy to work around your schedule.

Best,
Thomas",,,tmpl_06_short_direct
eml_0188,thr_con_0460,act_0222,acc_042,Asterline Labs,con_0460,outbound,outbound_send,2026-07-16,thomas.chen@lumenops.example,nora.svensson.0460@asterline-labs.example,For Head of Developer Experiences at Asterline Labs,"Hi Nora,

As Head of Developer Experience at Asterline Labs, you're probably dealing with a lot of repetitive cross-functional requests. We help teams like yours cut that down significantly.

Open to a 15-minute call this week?

Best,
Thomas",,,tmpl_02_role_based
eml_0189,thr_con_0621,act_0224,acc_056,Riverstone Advisory,con_0621,outbound,outbound_send,2026-07-16,oliver.bennett@lumenops.example,anna.brouwer.0621@riverstone-advisory.example,How other Professional services teams handle this,"Hi Anna,

A few Professional services companies we work with were spending hours a week manually pulling together research before big decisions. We helped automate most of it.

Curious if that's a pain point at Riverstone Advisory as well?

Best,
Oliver",,,tmpl_05_peer_reference
eml_0190,thr_con_0801,act_0225,acc_072,Solstice Advisory,con_0801,outbound,outbound_send,2026-07-16,alex.morgan@lumenops.example,cian.quinn.0801@solstice-advisory.example,How does Solstice Advisory handle repetitive Operations research today?,"Hi Cian,

Curious how Solstice Advisory currently handles the more repetitive parts of Operations research and follow-up. Most teams we talk to are doing a lot of it manually.

Worth comparing notes?

Best,
Alex",,,tmpl_07_question_led
eml_0191,thr_con_0816,act_0226,acc_074,Yarrow Labs,con_0816,outbound,outbound_send,2026-07-16,priya.nair@lumenops.example,william.smith.0816@yarrow-labs.example,Cutting manual work at Yarrow Labs,"Hi William,

Most Supply Chain teams lose several hours a week to manual research, data-gathering, and repetitive follow-ups. We built a way to automate a good chunk of that.

Happy to show you a 10-minute example if useful.

Best,
Priya",,,tmpl_04_value_prop_direct
eml_0192,thr_con_0050,act_0227,acc_004,Cedar & Finch Advisory,con_0050,outbound,outbound_send,2026-07-17,thomas.chen@lumenops.example,marie.de-vos.0050@cedar-finch.example,Cutting manual work at Cedar & Finch Advisory,"Hi Marie,

Most Business Development teams lose several hours a week to manual research, data-gathering, and repetitive follow-ups. We built a way to automate a good chunk of that.

Happy to show you a 10-minute example if useful.

Best,
Thomas",,,tmpl_04_value_prop_direct
eml_0193,thr_con_0155,act_0228,acc_015,Graniteway Works,con_0155,outbound,outbound_send,2026-07-17,samira.lee@lumenops.example,evelyn.rodriguez.0155@graniteway-works.example,For Director of Platforms at Graniteway Works,"Hi Evelyn,

As Director of Platform at Graniteway Works, you're probably dealing with a lot of repetitive cross-functional requests. We help teams like yours cut that down significantly.

Open to a 15-minute call this week?

Best,
Samira",,,tmpl_02_role_based
eml_0194,thr_con_0161,act_0229,acc_015,Graniteway Works,con_0161,outbound,outbound_send,2026-07-17,oliver.bennett@lumenops.example,henry.miller.0161@graniteway-works.example,"15 minutes, Henry?","Hi Henry,

Would it be worth 15 minutes to see if we can save your Engineering team some manual work? Happy to work around your schedule.

Best,
Oliver",,,tmpl_06_short_direct
eml_0195,thr_con_0174,act_0230,acc_016,Juniperlane Networks,con_0174,outbound,outbound_send,2026-07-17,alex.morgan@lumenops.example,hugo.garcia.0174@juniperlane-networks.example,Scaling Data at Juniperlane Networks without scaling headcount,"Hi Hugo,

As Juniperlane Networks grows, the manual side of Data work usually grows with it. We help teams keep that from becoming a bottleneck.

Open to a quick call?

Best,
Alex",,,tmpl_08_growth_angle
eml_0196,thr_con_0738,act_0233,acc_067,Mapleworks Cloud,con_0738,outbound,outbound_send,2026-07-17,priya.nair@lumenops.example,evelyn.davis.0738@mapleworks-cloud.example,How does Mapleworks Cloud handle repetitive Data research today?,"Hi Evelyn,

Curious how Mapleworks Cloud currently handles the more repetitive parts of Data research and follow-up. Most teams we talk to are doing a lot of it manually.

Worth comparing notes?

Best,
Priya",,,tmpl_07_question_led
eml_0197,thr_con_0817,act_0234,acc_074,Yarrow Labs,con_0817,outbound,outbound_send,2026-07-17,thomas.chen@lumenops.example,sophia.wilson.0817@yarrow-labs.example,Following up - Yarrow Labs,"Hi Sophia,

Following up on my note last week, in case it got buried. Still happy to share a quick example if useful.

Best,
Thomas",,,follow_up_bump
eml_0198,thr_con_0965,act_0237,acc_087,Pinebridge Health,con_0965,outbound,outbound_send,2026-07-17,alex.morgan@lumenops.example,matilde.gomes.0965@pinebridge-health.example,Financial technology teams and manual research overhead,"Hi Matilde,

Working with a few other Financial technology companies right now on reducing the manual research and busywork that piles up around RevOps. Thought it might be relevant to Pinebridge Health too.

Would you be open to comparing notes?

Best,
Alex",,,tmpl_03_industry_based
eml_0199,thr_con_0976,act_0238,acc_088,Quartzline Advisory,con_0976,outbound,outbound_send,2026-07-17,thomas.chen@lumenops.example,sofia.karjalainen.0976@quartzline-advisory.example,Following up - Quartzline Advisory,"Hi Sofia,

Following up on my note last week, in case it got buried. Still happy to share a quick example if useful.

Best,
Thomas",,,follow_up_bump
eml_0200,thr_con_0058,act_0239,acc_005,Brightforge Manufacturing,con_0058,outbound,outbound_send,2026-07-18,samira.lee@lumenops.example,sophie.thomas.0058@brightforge.example,Scaling Security at Brightforge Manufacturing without scaling headcount,"Hi Sophie,

As Brightforge Manufacturing grows, the manual side of Security work usually grows with it. We help teams keep that from becoming a bottleneck.

Open to a quick call?

Best,
Samira",,,tmpl_08_growth_angle
eml_0201,thr_con_0117,act_0240,acc_011,Copperleaf Collective,con_0117,outbound,outbound_send,2026-07-18,alex.morgan@lumenops.example,marco.ferrari.0117@copperleaf-collective.example,Quick question about Copperleaf Collective's Marketing workflows,"Hi Marco,

I noticed Copperleaf Collective has been growing its Marketing team, and most teams that size end up spending a lot of hours a week on manual research and follow-up work that doesn't need a human doing it by hand.

Worth a quick chat to see if that's true for your team too?

Best,
Alex",,,tmpl_01_quick_question
eml_0202,thr_con_0289,act_0241,acc_027,Vantagefield Collective,con_0289,outbound,outbound_send,2026-07-18,samira.lee@lumenops.example,camille.mertens.0289@vantagefield-collective.example,Cutting manual work at Vantagefield Collective,"Hi Camille,

Most IT teams lose several hours a week to manual research, data-gathering, and repetitive follow-ups. We built a way to automate a good chunk of that.

Happy to show you a 10-minute example if useful.

Best,
Samira",deal_029,,tmpl_04_value_prop_direct
eml_0203,thr_con_0473,act_0243,acc_043,Bluehaven Collective,con_0473,outbound,outbound_send,2026-07-18,oliver.bennett@lumenops.example,hanna.pawowski.0473@bluehaven-collective.example,Scaling Operations at Bluehaven Collective without scaling headcount,"Hi Hanna,

As Bluehaven Collective grows, the manual side of Operations work usually grows with it. We help teams keep that from becoming a bottleneck.

Open to a quick call?

Best,
Oliver",,,tmpl_08_growth_angle
eml_0204,thr_con_0487,act_0244,acc_044,Copperleaf Commerce,con_0487,outbound,outbound_send,2026-07-18,oliver.bennett@lumenops.example,chloe.clark.0487@copperleaf-commerce.example,Scaling E-commerce at Copperleaf Commerce without scaling headcount,"Hi Chloe,

As Copperleaf Commerce grows, the manual side of E-commerce work usually grows with it. We help teams keep that from becoming a bottleneck.

Open to a quick call?

Best,
Oliver",,,tmpl_08_growth_angle
eml_0205,thr_con_0524,act_0245,acc_048,Graniteway Networks,con_0524,inbound,inbound_reply,2026-07-18,leonardo.giordano.0524@graniteway-networks.example,oliver.bennett@lumenops.example,Re: Graniteway Networks,"Thanks for the note. Can you share a bit more detail on how this would actually work for a team like ours? Not sure it's a priority right now but curious.

Best,
Leonardo",,,reply_neutral
eml_0206,thr_con_0933,act_0247,acc_084,Meadowcrest Systems,con_0933,outbound,outbound_send,2026-07-18,thomas.chen@lumenops.example,leon.bauer.0933@meadowcrest-systems.example,Following up - Meadowcrest Systems,"Hi Leon,

Following up on my note last week, in case it got buried. Still happy to share a quick example if useful.

Best,
Thomas",,,follow_up_bump
eml_0207,thr_con_0377,act_0249,acc_035,Noviant Cloud,con_0377,outbound,outbound_send,2026-07-19,thomas.chen@lumenops.example,clodagh.doyle.0377@noviant-cloud.example,Financial technology teams and manual research overhead,"Hi Clodagh,

Working with a few other Financial technology companies right now on reducing the manual research and busywork that piles up around Product Operations. Thought it might be relevant to Noviant Cloud too.

Would you be open to comparing notes?

Best,
Thomas",,,tmpl_03_industry_based
eml_0208,thr_con_0730,act_0250,acc_066,Ironvale Energy,con_0730,outbound,outbound_send,2026-07-19,samira.lee@lumenops.example,matej.novak.0730@ironvale-energy.example,Cutting manual work at Ironvale Energy,"Hi Matěj,

Most Customer Success teams lose several hours a week to manual research, data-gathering, and repetitive follow-ups. We built a way to automate a good chunk of that.

Happy to show you a 10-minute example if useful.

Best,
Samira",,,tmpl_04_value_prop_direct
eml_0209,thr_con_0749,act_0251,acc_068,Noviant Systems,con_0749,outbound,outbound_send,2026-07-19,alex.morgan@lumenops.example,amelie.laurent.0749@noviant-systems.example,For Data Operations Managers at Noviant Systems,"Hi Amélie,

As Data Operations Manager at Noviant Systems, you're probably dealing with a lot of repetitive cross-functional requests. We help teams like yours cut that down significantly.

Open to a 15-minute call this week?

Best,
Alex",,,tmpl_02_role_based
eml_0210,thr_con_0808,act_0252,acc_073,Westmere Analytics,con_0808,outbound,outbound_send,2026-07-19,alex.morgan@lumenops.example,aksel.berg.0808@westmere-analytics.example,Quick question about Westmere Analytics's General Management workflows,"Hi Aksel,

I noticed Westmere Analytics has been growing its General Management team, and most teams that size end up spending a lot of hours a week on manual research and follow-up work that doesn't need a human doing it by hand.

Worth a quick chat to see if that's true for your team too?

Best,
Alex",,,tmpl_01_quick_question
eml_0211,thr_con_0841,act_0253,acc_076,Bluehaven Commerce,con_0841,outbound,outbound_send,2026-07-19,samira.lee@lumenops.example,amelia.thompson.0841@bluehaven-commerce.example,Introduction - Samira from Lumen Ops,"Hi Amelia,

Reaching out because we work with Security teams to cut down on manual research and repetitive follow-up work. Thought it might be relevant at Bluehaven Commerce.

Open to connecting?

Best,
Samira",,,tmpl_10_soft_intro
eml_0212,thr_con_0961,act_0254,acc_087,Pinebridge Health,con_0961,outbound,outbound_send,2026-07-19,samira.lee@lumenops.example,sofia.silva.0961@pinebridge-health.example,Introduction - Samira from Lumen Ops,"Hi Sofia,

Reaching out because we work with Finance teams to cut down on manual research and repetitive follow-up work. Thought it might be relevant at Pinebridge Health.

Open to connecting?

Best,
Samira",,,tmpl_10_soft_intro
eml_0213,thr_con_0992,act_0255,acc_090,Silvergrove Labs,con_0992,outbound,outbound_send,2026-07-19,thomas.chen@lumenops.example,baptiste.garcia.0992@silvergrove-labs.example,How other Cybersecurity teams handle this,"Hi Baptiste,

A few Cybersecurity companies we work with were spending hours a week manually pulling together research before big decisions. We helped automate most of it.

Curious if that's a pain point at Silvergrove Labs as well?

Best,
Thomas",,,tmpl_05_peer_reference
eml_0214,thr_con_0099,act_0256,acc_009,Asterline Analytics,con_0099,outbound,outbound_send,2026-07-20,alex.morgan@lumenops.example,amelie.bernard.0099@asterline-analytics.example,Scaling Finance at Asterline Analytics without scaling headcount,"Hi Amélie,

As Asterline Analytics grows, the manual side of Finance work usually grows with it. We help teams keep that from becoming a bottleneck.

Open to a quick call?

Best,
Alex",,,tmpl_08_growth_angle
eml_0215,thr_con_0488,act_0259,acc_044,Copperleaf Commerce,con_0488,outbound,outbound_send,2026-07-20,thomas.chen@lumenops.example,ethan.anderson.0488@copperleaf-commerce.example,For Director of Customer Experiences at Copperleaf Commerce,"Hi Ethan,

As Director of Customer Experience at Copperleaf Commerce, you're probably dealing with a lot of repetitive cross-functional requests. We help teams like yours cut that down significantly.

Open to a 15-minute call this week?

Best,
Thomas",,,tmpl_02_role_based
eml_0216,thr_con_0676,act_0260,acc_061,Willowgate Mobility,con_0676,outbound,outbound_send,2026-07-20,priya.nair@lumenops.example,amelia.brown.0676@willowgate-mobility.example,Following up - Willowgate Mobility,"Hi Amelia,

Following up on my note last week, in case it got buried. Still happy to share a quick example if useful.

Best,
Priya",,,follow_up_bump
eml_0217,thr_con_0762,act_0261,acc_069,Oakridge Digital,con_0762,outbound,outbound_send,2026-07-20,oliver.bennett@lumenops.example,clara.becker.0762@oakridge-digital.example,Following up - Oakridge Digital,"Hi Clara,

Following up on my note last week, in case it got buried. Still happy to share a quick example if useful.

Best,
Oliver",,,follow_up_bump
eml_0218,thr_con_0880,act_0262,acc_080,Fableworks Networks,con_0880,inbound,inbound_reply,2026-07-20,micha.zielinski.0880@fableworks-networks.example,thomas.chen@lumenops.example,Re: Fableworks Networks,"Thanks for the note. Can you share a bit more detail on how this would actually work for a team like ours? Not sure it's a priority right now but curious.

Best,
Michał",,,reply_neutral
eml_0219,thr_con_0970,act_0263,acc_088,Quartzline Advisory,con_0970,outbound,outbound_send,2026-07-20,thomas.chen@lumenops.example,oliver.korhonen.0970@quartzline-advisory.example,Following up - Quartzline Advisory,"Hi Oliver,

Following up on my note last week, in case it got buried. Still happy to share a quick example if useful.

Best,
Thomas",,,follow_up_bump
eml_0220,thr_con_0328,act_0265,acc_030,Brightpath Services,con_0328,inbound,inbound_reply,2026-07-21,evelyn.anderson.0328@brightpath-services.example,samira.lee@lumenops.example,Re: Brightpath Services,"Thanks for the note. Can you share a bit more detail on how this would actually work for a team like ours? Not sure it's a priority right now but curious.

Best,
Evelyn",,,reply_neutral
eml_0221,thr_con_0448,act_0266,acc_041,Yarrow Analytics,con_0448,outbound,outbound_send,2026-07-21,thomas.chen@lumenops.example,sofia.greco.0448@yarrow-analytics.example,Introduction - Thomas from Lumen Ops,"Hi Sofia,

Reaching out because we work with Engineering teams to cut down on manual research and repetitive follow-up work. Thought it might be relevant at Yarrow Analytics.

Open to connecting?

Best,
Thomas",,,tmpl_10_soft_intro
eml_0222,thr_con_0674,act_0267,acc_061,Willowgate Mobility,con_0674,outbound,outbound_send,2026-07-21,alex.morgan@lumenops.example,grace.edwards.0674@willowgate-mobility.example,Quick question about Willowgate Mobility's Finance workflows,"Hi Grace,

I noticed Willowgate Mobility has been growing its Finance team, and most teams that size end up spending a lot of hours a week on manual research and follow-up work that doesn't need a human doing it by hand.

Worth a quick chat to see if that's true for your team too?

Best,
Alex",,,tmpl_01_quick_question
eml_0223,thr_con_0065,act_0269,acc_006,Meadowbridge Health,con_0065,outbound,outbound_send,2026-07-22,oliver.bennett@lumenops.example,milan.brouwer.0065@meadowbridge.example,How other Healthcare teams handle this,"Hi Milan,

A few Healthcare companies we work with were spending hours a week manually pulling together research before big decisions. We helped automate most of it.

Curious if that's a pain point at Meadowbridge Health as well?

Best,
Oliver",,,tmpl_05_peer_reference
eml_0224,thr_con_0187,act_0271,acc_017,Latticepoint Industries,con_0187,outbound,outbound_send,2026-07-22,alex.morgan@lumenops.example,ella.thomas.0187@latticepoint-industries.example,How does Latticepoint Industries handle repetitive Growth research today?,"Hi Ella,

Curious how Latticepoint Industries currently handles the more repetitive parts of Growth research and follow-up. Most teams we talk to are doing a lot of it manually.

Worth comparing notes?

Best,
Alex",,,tmpl_07_question_led
eml_0225,thr_con_0226,act_0272,acc_021,Pinebridge Digital,con_0226,outbound,outbound_send,2026-07-22,oliver.bennett@lumenops.example,alina.baumann.0226@pinebridge-digital.example,For VP Technologys at Pinebridge Digital,"Hi Alina,

As VP Technology at Pinebridge Digital, you're probably dealing with a lot of repetitive cross-functional requests. We help teams like yours cut that down significantly.

Open to a 15-minute call this week?

Best,
Oliver",,,tmpl_02_role_based
eml_0226,thr_con_0315,act_0273,acc_029,Wintermere Mobility,con_0315,outbound,outbound_send,2026-07-22,oliver.bennett@lumenops.example,filip.kucera.0315@wintermere-mobility.example,Quick question about Wintermere Mobility's Operations workflows,"Hi Filip,

I noticed Wintermere Mobility has been growing its Operations team, and most teams that size end up spending a lot of hours a week on manual research and follow-up work that doesn't need a human doing it by hand.

Worth a quick chat to see if that's true for your team too?

Best,
Oliver",,,tmpl_01_quick_question
eml_0227,thr_con_0471,act_0274,acc_043,Bluehaven Collective,con_0471,outbound,outbound_send,2026-07-22,alex.morgan@lumenops.example,wiktoria.jankowski.0471@bluehaven-collective.example,Cutting manual work at Bluehaven Collective,"Hi Wiktoria,

Most Marketing Operations teams lose several hours a week to manual research, data-gathering, and repetitive follow-ups. We built a way to automate a good chunk of that.

Happy to show you a 10-minute example if useful.

Best,
Alex",,,tmpl_04_value_prop_direct
eml_0228,thr_con_0871,act_0276,acc_079,Emberfield Works,con_0871,outbound,outbound_send,2026-07-22,oliver.bennett@lumenops.example,noah.olsson.0871@emberfield-works.example,Scaling Product at Emberfield Works without scaling headcount,"Hi Noah,

As Emberfield Works grows, the manual side of Product work usually grows with it. We help teams keep that from becoming a bottleneck.

Open to a quick call?

Best,
Oliver",,,tmpl_08_growth_angle
eml_0229,thr_con_0031,act_0277,acc_002,Harborline Systems,con_0031,outbound,outbound_send,2026-07-23,priya.nair@lumenops.example,maya.roberts.0031@harborline-systems.example,The manual work behind Security at growing companies,"Hi Maya,

Most Security teams at companies Harborline Systems's size end up buried in manual research, data pulls, and follow-up that could be automated. Wondering if that resonates.

Best,
Priya",,,tmpl_09_problem_first
eml_0230,thr_con_0121,act_0278,acc_011,Copperleaf Collective,con_0121,outbound,outbound_send,2026-07-23,thomas.chen@lumenops.example,elisa.mancini.0121@copperleaf-collective.example,For IT Security Managers at Copperleaf Collective,"Hi Elisa,

As IT Security Manager at Copperleaf Collective, you're probably dealing with a lot of repetitive cross-functional requests. We help teams like yours cut that down significantly.

Open to a 15-minute call this week?

Best,
Thomas",,,tmpl_02_role_based
eml_0231,thr_con_0161,act_0279,acc_015,Graniteway Works,con_0161,inbound,inbound_reply,2026-07-23,henry.miller.0161@graniteway-works.example,oliver.bennett@lumenops.example,Re: Graniteway Works,"Thanks for the note. Can you share a bit more detail on how this would actually work for a team like ours? Not sure it's a priority right now but curious.

Best,
Henry",,,reply_neutral
eml_0232,thr_con_0563,act_0281,acc_051,Meadowcrest Cloud,con_0563,outbound,outbound_send,2026-07-23,thomas.chen@lumenops.example,emil.laine.0563@meadowcrest-cloud.example,Energy teams and manual research overhead,"Hi Emil,

Working with a few other Energy companies right now on reducing the manual research and busywork that piles up around Digital Transformation. Thought it might be relevant to Meadowcrest Cloud too.

Would you be open to comparing notes?

Best,
Thomas",,,tmpl_03_industry_based
eml_0233,thr_con_0708,act_0282,acc_064,Cedarpoint Networks,con_0708,outbound,outbound_send,2026-07-23,alex.morgan@lumenops.example,lucas.de-vos.0708@cedarpoint-networks.example,How does Cedarpoint Networks handle repetitive Marketing research today?,"Hi Lucas,

Curious how Cedarpoint Networks currently handles the more repetitive parts of Marketing research and follow-up. Most teams we talk to are doing a lot of it manually.

Worth comparing notes?

Best,
Alex",,,tmpl_07_question_led
eml_0234,thr_con_0739,act_0284,acc_067,Mapleworks Cloud,con_0739,outbound,outbound_send,2026-07-23,alex.morgan@lumenops.example,henry.smith.0739@mapleworks-cloud.example,Following up - Mapleworks Cloud,"Hi Henry,

Following up on my note last week, in case it got buried. Still happy to share a quick example if useful.

Best,
Alex",,,follow_up_bump
eml_0235,thr_con_0899,act_0285,acc_081,Graniteway Industries,con_0899,outbound,outbound_send,2026-07-23,thomas.chen@lumenops.example,emma.white.0899@graniteway-industries.example,Cutting manual work at Graniteway Industries,"Hi Emma,

Most General Management teams lose several hours a week to manual research, data-gathering, and repetitive follow-ups. We built a way to automate a good chunk of that.

Happy to show you a 10-minute example if useful.

Best,
Thomas",,,tmpl_04_value_prop_direct
eml_0236,thr_con_0997,act_0286,acc_090,Silvergrove Labs,con_0997,outbound,outbound_send,2026-07-23,oliver.bennett@lumenops.example,baptiste.fournier.0997@silvergrove-labs.example,How other Cybersecurity teams handle this,"Hi Baptiste,

A few Cybersecurity companies we work with were spending hours a week manually pulling together research before big decisions. We helped automate most of it.

Curious if that's a pain point at Silvergrove Labs as well?

Best,
Oliver",,,tmpl_05_peer_reference
eml_0237,thr_con_0201,act_0287,acc_019,Northstar Cloud,con_0201,outbound,outbound_send,2026-07-24,priya.nair@lumenops.example,julia.vos.0201@northstar-cloud.example,Healthcare teams and manual research overhead,"Hi Julia,

Working with a few other Healthcare companies right now on reducing the manual research and busywork that piles up around IT. Thought it might be relevant to Northstar Cloud too.

Would you be open to comparing notes?

Best,
Priya",deal_031,,tmpl_03_industry_based
eml_0238,thr_con_0540,act_0290,acc_049,Juniperlane Industries,con_0540,outbound,outbound_send,2026-07-24,oliver.bennett@lumenops.example,victor.goossens.0540@juniperlane-industries.example,How does Juniperlane Industries handle repetitive IT research today?,"Hi Victor,

Curious how Juniperlane Industries currently handles the more repetitive parts of IT research and follow-up. Most teams we talk to are doing a lot of it manually.

Worth comparing notes?

Best,
Oliver",,,tmpl_07_question_led
eml_0239,thr_con_0687,act_0291,acc_062,Wintermere Services,con_0687,outbound,outbound_send,2026-07-24,alex.morgan@lumenops.example,mia.klein.0687@wintermere-services.example,Cutting manual work at Wintermere Services,"Hi Mia,

Most General Management teams lose several hours a week to manual research, data-gathering, and repetitive follow-ups. We built a way to automate a good chunk of that.

Happy to show you a 10-minute example if useful.

Best,
Alex",,,tmpl_04_value_prop_direct
eml_0240,thr_con_0805,act_0292,acc_073,Westmere Analytics,con_0805,outbound,outbound_send,2026-07-24,alex.morgan@lumenops.example,william.haugen.0805@westmere-analytics.example,Scaling Digital Transformation at Westmere Analytics without scaling headcount,"Hi William,

As Westmere Analytics grows, the manual side of Digital Transformation work usually grows with it. We help teams keep that from becoming a bottleneck.

Open to a quick call?

Best,
Alex",,,tmpl_08_growth_angle
eml_0241,thr_con_0806,act_0293,acc_073,Westmere Analytics,con_0806,outbound,outbound_send,2026-07-24,oliver.bennett@lumenops.example,ella.kristiansen.0806@westmere-analytics.example,Introduction - Oliver from Lumen Ops,"Hi Ella,

Reaching out because we work with Supply Chain teams to cut down on manual research and repetitive follow-up work. Thought it might be relevant at Westmere Analytics.

Open to connecting?

Best,
Oliver",,,tmpl_10_soft_intro
eml_0242,thr_con_0843,act_0294,acc_076,Bluehaven Commerce,con_0843,outbound,outbound_send,2026-07-24,alex.morgan@lumenops.example,henry.hall.0843@bluehaven-commerce.example,Following up - Bluehaven Commerce,"Hi Henry,

Following up on my note last week, in case it got buried. Still happy to share a quick example if useful.

Best,
Alex",,,follow_up_bump
eml_0243,thr_con_0216,act_0296,acc_020,Orbitwell Systems,con_0216,outbound,outbound_send,2026-07-25,alex.morgan@lumenops.example,oliver.poulsen.0216@orbitwell-systems.example,Healthcare teams and manual research overhead,"Hi Oliver,

Working with a few other Healthcare companies right now on reducing the manual research and busywork that piles up around Digital Transformation. Thought it might be relevant to Orbitwell Systems too.

Would you be open to comparing notes?

Best,
Alex",,,tmpl_03_industry_based
eml_0244,thr_con_0460,act_0298,acc_042,Asterline Labs,con_0460,outbound,outbound_send,2026-07-25,thomas.chen@lumenops.example,nora.svensson.0460@asterline-labs.example,Following up - Asterline Labs,"Hi Nora,

Following up on my note last week, in case it got buried. Still happy to share a quick example if useful.

Best,
Thomas",,,follow_up_bump
eml_0245,thr_con_0519,act_0299,acc_047,Fableworks Works,con_0519,outbound,outbound_send,2026-07-25,thomas.chen@lumenops.example,ben.weber.0519@fableworks-works.example,For Supply Chain Managers at Fableworks Works,"Hi Ben,

As Supply Chain Manager at Fableworks Works, you're probably dealing with a lot of repetitive cross-functional requests. We help teams like yours cut that down significantly.

Open to a 15-minute call this week?

Best,
Thomas",,,tmpl_02_role_based
eml_0246,thr_con_0800,act_0301,acc_072,Solstice Advisory,con_0800,outbound,outbound_send,2026-07-25,thomas.chen@lumenops.example,clodagh.smith.0800@solstice-advisory.example,Scaling Digital Transformation at Solstice Advisory without scaling headcount,"Hi Clodagh,

As Solstice Advisory grows, the manual side of Digital Transformation work usually grows with it. We help teams keep that from becoming a bottleneck.

Open to a quick call?

Best,
Thomas",,,tmpl_08_growth_angle
eml_0247,thr_con_0801,act_0302,acc_072,Solstice Advisory,con_0801,outbound,outbound_send,2026-07-25,alex.morgan@lumenops.example,cian.quinn.0801@solstice-advisory.example,Following up - Solstice Advisory,"Hi Cian,

Following up on my note last week, in case it got buried. Still happy to share a quick example if useful.

Best,
Alex",,,follow_up_bump
eml_0248,thr_con_0816,act_0303,acc_074,Yarrow Labs,con_0816,outbound,outbound_send,2026-07-25,priya.nair@lumenops.example,william.smith.0816@yarrow-labs.example,Following up - Yarrow Labs,"Hi William,

Following up on my note last week, in case it got buried. Still happy to share a quick example if useful.

Best,
Priya",,,follow_up_bump
eml_0249,thr_con_0059,act_0304,acc_005,Brightforge Manufacturing,con_0059,outbound,outbound_send,2026-07-26,thomas.chen@lumenops.example,thomas.bertrand.0059@brightforge.example,The manual work behind Operations at growing companies,"Hi Thomas,

Most Operations teams at companies Brightforge Manufacturing's size end up buried in manual research, data pulls, and follow-up that could be automated. Wondering if that resonates.

Best,
Thomas",,,tmpl_09_problem_first
eml_0250,thr_con_007,act_0306,acc_004,Cedar & Finch Advisory,con_007,outbound,outbound_send,2026-07-26,thomas.chen@lumenops.example,nadia.rossi@cedar-finch.example,Cedar & Finch launches operations practice,"Hi Nadia,

Saw that Cedar & Finch introduced a new practice focused on operations transformation for scale-ups. Supporting repeatable account research across a growing advisory practice.

Worth a quick conversation?

Best,
Thomas",,sig_006,signal_grounded
eml_0251,thr_con_0103,act_0307,acc_010,Bluehaven Labs,con_0103,outbound,outbound_send,2026-07-26,oliver.bennett@lumenops.example,finn.schwarz.0103@bluehaven-labs.example,How does Bluehaven Labs handle repetitive IT research today?,"Hi Finn,

Curious how Bluehaven Labs currently handles the more repetitive parts of IT research and follow-up. Most teams we talk to are doing a lot of it manually.

Worth comparing notes?

Best,
Oliver",,,tmpl_07_question_led
eml_0252,thr_con_0155,act_0308,acc_015,Graniteway Works,con_0155,outbound,outbound_send,2026-07-26,samira.lee@lumenops.example,evelyn.rodriguez.0155@graniteway-works.example,Following up - Graniteway Works,"Hi Evelyn,

Following up on my note last week, in case it got buried. Still happy to share a quick example if useful.

Best,
Samira",,,follow_up_bump
eml_0253,thr_con_0174,act_0309,acc_016,Juniperlane Networks,con_0174,outbound,outbound_send,2026-07-26,alex.morgan@lumenops.example,hugo.garcia.0174@juniperlane-networks.example,Following up - Juniperlane Networks,"Hi Hugo,

Following up on my note last week, in case it got buried. Still happy to share a quick example if useful.

Best,
Alex",,,follow_up_bump
eml_0254,thr_con_0208,act_0310,acc_019,Northstar Cloud,con_0208,outbound,outbound_send,2026-07-26,alex.morgan@lumenops.example,lars.bakker.0208@northstar-cloud.example,"15 minutes, Lars?","Hi Lars,

Would it be worth 15 minutes to see if we can save your Digital Transformation team some manual work? Happy to work around your schedule.

Best,
Alex",,,tmpl_06_short_direct
eml_0255,thr_con_0341,act_0312,acc_031,Cedarpoint Works,con_0341,outbound,outbound_send,2026-07-26,oliver.bennett@lumenops.example,sophie.leroy.0341@cedarpoint-works.example,Travel teams and manual research overhead,"Hi Sophie,

Working with a few other Travel companies right now on reducing the manual research and busywork that piles up around Digital Transformation. Thought it might be relevant to Cedarpoint Works too.

Would you be open to comparing notes?

Best,
Oliver",,,tmpl_03_industry_based
eml_0256,thr_con_0402,act_0313,acc_037,Redwoodline Digital,con_0402,outbound,outbound_send,2026-07-26,samira.lee@lumenops.example,sophia.thomas.0402@redwoodline-digital.example,For Chief Information Security Officers at Redwoodline Digital,"Hi Sophia,

As Chief Information Security Officer at Redwoodline Digital, you're probably dealing with a lot of repetitive cross-functional requests. We help teams like yours cut that down significantly.

Open to a 15-minute call this week?

Best,
Samira",deal_011,,tmpl_02_role_based
eml_0257,thr_con_0612,act_0315,acc_056,Riverstone Advisory,con_0612,outbound,outbound_send,2026-07-26,alex.morgan@lumenops.example,lucas.de-vries.0612@riverstone-advisory.example,How does Riverstone Advisory handle repetitive Operations research today?,"Hi Lucas,

Curious how Riverstone Advisory currently handles the more repetitive parts of Operations research and follow-up. Most teams we talk to are doing a lot of it manually.

Worth comparing notes?

Best,
Alex",,,tmpl_07_question_led
eml_0258,thr_con_0669,act_0316,acc_061,Willowgate Mobility,con_0669,outbound,outbound_send,2026-07-26,thomas.chen@lumenops.example,grace.wright.0669@willowgate-mobility.example,"15 minutes, Grace?","Hi Grace,

Would it be worth 15 minutes to see if we can save your IT team some manual work? Happy to work around your schedule.

Best,
Thomas",deal_056,,tmpl_06_short_direct
eml_0259,thr_con_0802,act_0317,acc_073,Westmere Analytics,con_0802,outbound,outbound_send,2026-07-26,thomas.chen@lumenops.example,emil.hagen.0802@westmere-analytics.example,How does Westmere Analytics handle repetitive Operations research today?,"Hi Emil,

Curious how Westmere Analytics currently handles the more repetitive parts of Operations research and follow-up. Most teams we talk to are doing a lot of it manually.

Worth comparing notes?

Best,
Thomas",deal_020,,tmpl_07_question_led
eml_0260,thr_con_0819,act_0318,acc_074,Yarrow Labs,con_0819,outbound,outbound_send,2026-07-26,thomas.chen@lumenops.example,theodore.martin.0819@yarrow-labs.example,Quick question about Yarrow Labs's Engineering workflows,"Hi Theodore,

I noticed Yarrow Labs has been growing its Engineering team, and most teams that size end up spending a lot of hours a week on manual research and follow-up work that doesn't need a human doing it by hand.

Worth a quick chat to see if that's true for your team too?

Best,
Thomas",,,tmpl_01_quick_question
eml_0261,thr_con_0835,act_0319,acc_076,Bluehaven Commerce,con_0835,outbound,outbound_send,2026-07-26,alex.morgan@lumenops.example,arthur.white.0835@bluehaven-commerce.example,For IT Security Managers at Bluehaven Commerce,"Hi Arthur,

As IT Security Manager at Bluehaven Commerce, you're probably dealing with a lot of repetitive cross-functional requests. We help teams like yours cut that down significantly.

Open to a 15-minute call this week?

Best,
Alex",deal_050,,tmpl_02_role_based
eml_0262,thr_con_0847,act_0320,acc_077,Copperleaf Mobility,con_0847,outbound,outbound_send,2026-07-26,thomas.chen@lumenops.example,lucia.moreno.0847@copperleaf-mobility.example,How does Copperleaf Mobility handle repetitive Engineering research today?,"Hi Lucía,

Curious how Copperleaf Mobility currently handles the more repetitive parts of Engineering research and follow-up. Most teams we talk to are doing a lot of it manually.

Worth comparing notes?

Best,
Thomas",,,tmpl_07_question_led
eml_0263,thr_con_0979,act_0321,acc_088,Quartzline Advisory,con_0979,outbound,outbound_send,2026-07-26,samira.lee@lumenops.example,venla.tuominen.0979@quartzline-advisory.example,How other Financial technology teams handle this,"Hi Venla,

A few Financial technology companies we work with were spending hours a week manually pulling together research before big decisions. We helped automate most of it.

Curious if that's a pain point at Quartzline Advisory as well?

Best,
Samira",,,tmpl_05_peer_reference
eml_0264,thr_con_0040,act_0322,acc_003,Morrow Mobility,con_0040,outbound,outbound_send,2026-07-27,alex.morgan@lumenops.example,finn.klein.0040@morrow-mobility.example,For Head of Technologys at Morrow Mobility,"Hi Finn,

As Head of Technology at Morrow Mobility, you're probably dealing with a lot of repetitive cross-functional requests. We help teams like yours cut that down significantly.

Open to a 15-minute call this week?

Best,
Alex",,,tmpl_02_role_based
eml_0265,thr_con_0057,act_0323,acc_005,Brightforge Manufacturing,con_0057,outbound,outbound_send,2026-07-27,samira.lee@lumenops.example,julien.simon.0057@brightforge.example,Introduction - Samira from Lumen Ops,"Hi Julien,

Reaching out because we work with Operations teams to cut down on manual research and repetitive follow-up work. Thought it might be relevant at Brightforge Manufacturing.

Open to connecting?

Best,
Samira",,,tmpl_10_soft_intro
eml_0266,thr_con_0242,act_0324,acc_022,Quartzline Platforms,con_0242,outbound,outbound_send,2026-07-27,samira.lee@lumenops.example,ava.white.0242@quartzline-platforms.example,How does Quartzline Platforms handle repetitive Operations research today?,"Hi Ava,

Curious how Quartzline Platforms currently handles the more repetitive parts of Operations research and follow-up. Most teams we talk to are doing a lot of it manually.

Worth comparing notes?

Best,
Samira",,,tmpl_07_question_led
eml_0267,thr_con_0332,act_0325,acc_030,Brightpath Services,con_0332,outbound,outbound_send,2026-07-27,oliver.bennett@lumenops.example,ava.miller.0332@brightpath-services.example,Quick question about Brightpath Services's Consulting workflows,"Hi Ava,

I noticed Brightpath Services has been growing its Consulting team, and most teams that size end up spending a lot of hours a week on manual research and follow-up work that doesn't need a human doing it by hand.

Worth a quick chat to see if that's true for your team too?

Best,
Oliver",,,tmpl_01_quick_question
eml_0268,thr_con_0403,act_0326,acc_037,Redwoodline Digital,con_0403,outbound,outbound_send,2026-07-27,samira.lee@lumenops.example,noah.rodriguez.0403@redwoodline-digital.example,Quick question about Redwoodline Digital's Engineering workflows,"Hi Noah,

I noticed Redwoodline Digital has been growing its Engineering team, and most teams that size end up spending a lot of hours a week on manual research and follow-up work that doesn't need a human doing it by hand.

Worth a quick chat to see if that's true for your team too?

Best,
Samira",,,tmpl_01_quick_question
eml_0269,thr_con_0487,act_0327,acc_044,Copperleaf Commerce,con_0487,outbound,outbound_send,2026-07-27,oliver.bennett@lumenops.example,chloe.clark.0487@copperleaf-commerce.example,Following up - Copperleaf Commerce,"Hi Chloe,

Following up on my note last week, in case it got buried. Still happy to share a quick example if useful.

Best,
Oliver",,,follow_up_bump
eml_0270,thr_con_0722,act_0329,acc_065,Harborstone Industries,con_0722,outbound,outbound_send,2026-07-27,priya.nair@lumenops.example,david.fuchs.0722@harborstone-industries.example,How other Software teams handle this,"Hi David,

A few Software companies we work with were spending hours a week manually pulling together research before big decisions. We helped automate most of it.

Curious if that's a pain point at Harborstone Industries as well?

Best,
Priya",,,tmpl_05_peer_reference
eml_0271,thr_con_0775,act_0330,acc_070,Redwoodline Platforms,con_0775,outbound,outbound_send,2026-07-27,thomas.chen@lumenops.example,sofia.navarro.0775@redwoodline-platforms.example,Scaling IT at Redwoodline Platforms without scaling headcount,"Hi Sofía,

As Redwoodline Platforms grows, the manual side of IT work usually grows with it. We help teams keep that from becoming a bottleneck.

Open to a quick call?

Best,
Thomas",,,tmpl_08_growth_angle
eml_0272,thr_con_0792,act_0331,acc_072,Solstice Advisory,con_0792,outbound,outbound_send,2026-07-27,samira.lee@lumenops.example,eoin.murphy.0792@solstice-advisory.example,Cutting manual work at Solstice Advisory,"Hi Eoin,

Most Procurement teams lose several hours a week to manual research, data-gathering, and repetitive follow-ups. We built a way to automate a good chunk of that.

Happy to show you a 10-minute example if useful.

Best,
Samira",,,tmpl_04_value_prop_direct
eml_0273,thr_con_0855,act_0332,acc_077,Copperleaf Mobility,con_0855,outbound,outbound_send,2026-07-27,thomas.chen@lumenops.example,carmen.alonso.0855@copperleaf-mobility.example,Quick question about Copperleaf Mobility's Operations workflows,"Hi Carmen,

I noticed Copperleaf Mobility has been growing its Operations team, and most teams that size end up spending a lot of hours a week on manual research and follow-up work that doesn't need a human doing it by hand.

Worth a quick chat to see if that's true for your team too?

Best,
Thomas",,,tmpl_01_quick_question
eml_0274,thr_con_001,act_0334,acc_001,Northstar Ledger,con_001,outbound,outbound_send,2026-07-28,alex.morgan@lumenops.example,elena.marin@northstar-ledger.example,Northstar Ledger appoints new CIO,"Hi Elena,

Saw that Northstar Ledger announced a new CIO with a mandate to modernize internal systems across finance and operations. Reducing the manual work around cross-functional research and internal requests during systems change.

Worth a quick conversation?

Best,
Alex",deal_001,sig_001,signal_grounded
eml_0275,thr_con_0100,act_0335,acc_010,Bluehaven Labs,con_0100,outbound,outbound_send,2026-07-28,oliver.bennett@lumenops.example,sophie.zimmermann.0100@bluehaven-labs.example,Financial technology teams and manual research overhead,"Hi Sophie,

Working with a few other Financial technology companies right now on reducing the manual research and busywork that piles up around RevOps. Thought it might be relevant to Bluehaven Labs too.

Would you be open to comparing notes?

Best,
Oliver",deal_003,,tmpl_03_industry_based
eml_0276,thr_con_0128,act_0336,acc_012,Deltaforge Commerce,con_0128,outbound,outbound_send,2026-07-28,samira.lee@lumenops.example,thomas.claes.0128@deltaforge-commerce.example,The manual work behind Marketing at growing companies,"Hi Thomas,

Most Marketing teams at companies Deltaforge Commerce's size end up buried in manual research, data pulls, and follow-up that could be automated. Wondering if that resonates.

Best,
Samira",,,tmpl_09_problem_first
eml_0277,thr_con_0315,act_0337,acc_029,Wintermere Mobility,con_0315,inbound,inbound_reply,2026-07-28,filip.kucera.0315@wintermere-mobility.example,oliver.bennett@lumenops.example,Re: Wintermere Mobility,"Thanks for the note. Can you share a bit more detail on how this would actually work for a team like ours? Not sure it's a priority right now but curious.

Best,
Filip",,,reply_neutral
eml_0278,thr_con_0333,act_0338,acc_030,Brightpath Services,con_0333,outbound,outbound_send,2026-07-28,samira.lee@lumenops.example,evelyn.martin.0333@brightpath-services.example,How other Professional services teams handle this,"Hi Evelyn,

A few Professional services companies we work with were spending hours a week manually pulling together research before big decisions. We helped automate most of it.

Curious if that's a pain point at Brightpath Services as well?

Best,
Samira",,,tmpl_05_peer_reference
eml_0279,thr_con_0418,act_0339,acc_038,Skyward Platforms,con_0418,outbound,outbound_send,2026-07-28,samira.lee@lumenops.example,manon.leroy.0418@skyward-platforms.example,Scaling Engineering at Skyward Platforms without scaling headcount,"Hi Manon,

As Skyward Platforms grows, the manual side of Engineering work usually grows with it. We help teams keep that from becoming a bottleneck.

Open to a quick call?

Best,
Samira",,,tmpl_08_growth_angle
eml_0280,thr_con_0578,act_0340,acc_052,Northstar Systems,con_0578,outbound,outbound_send,2026-07-28,thomas.chen@lumenops.example,liam.miller.0578@northstar-systems.example,For Chief Digital Officers at Northstar Systems,"Hi Liam,

As Chief Digital Officer at Northstar Systems, you're probably dealing with a lot of repetitive cross-functional requests. We help teams like yours cut that down significantly.

Open to a 15-minute call this week?

Best,
Thomas",,,tmpl_02_role_based
eml_0281,thr_con_0749,act_0341,acc_068,Noviant Systems,con_0749,outbound,outbound_send,2026-07-28,alex.morgan@lumenops.example,amelie.laurent.0749@noviant-systems.example,Following up - Noviant Systems,"Hi Amélie,

Following up on my note last week, in case it got buried. Still happy to share a quick example if useful.

Best,
Alex",,,follow_up_bump
eml_0282,thr_con_0808,act_0342,acc_073,Westmere Analytics,con_0808,outbound,outbound_send,2026-07-28,alex.morgan@lumenops.example,aksel.berg.0808@westmere-analytics.example,Following up - Westmere Analytics,"Hi Aksel,

Following up on my note last week, in case it got buried. Still happy to share a quick example if useful.

Best,
Alex",,,follow_up_bump
eml_0283,thr_con_003,act_0344,acc_002,Harborline Systems,con_003,outbound,outbound_send,2026-07-29,samira.lee@lumenops.example,amira.khan@harborline-systems.example,Harborline launches cloud posture product,"Hi Amira,

Saw that Harborline Systems launched a new cloud posture product for distributed engineering organizations. Turning product, customer, and technical research into repeatable go-to-market workflows.

Worth a quick conversation?

Best,
Samira",deal_033,sig_003,signal_grounded
eml_0284,thr_con_0113,act_0346,acc_011,Copperleaf Collective,con_0113,outbound,outbound_send,2026-07-29,alex.morgan@lumenops.example,chiara.bruno.0113@copperleaf-collective.example,"15 minutes, Chiara?","Hi Chiara,

Would it be worth 15 minutes to see if we can save your Security team some manual work? Happy to work around your schedule.

Best,
Alex",deal_032,,tmpl_06_short_direct
eml_0285,thr_con_0163,act_0347,acc_015,Graniteway Works,con_0163,outbound,outbound_send,2026-07-29,samira.lee@lumenops.example,oliver.gonzalez.0163@graniteway-works.example,How does Graniteway Works handle repetitive Engineering research today?,"Hi Oliver,

Curious how Graniteway Works currently handles the more repetitive parts of Engineering research and follow-up. Most teams we talk to are doing a lot of it manually.

Worth comparing notes?

Best,
Samira",,,tmpl_07_question_led
eml_0286,thr_con_0311,act_0349,acc_029,Wintermere Mobility,con_0311,outbound,outbound_send,2026-07-29,samira.lee@lumenops.example,eliska.kral.0311@wintermere-mobility.example,Cutting manual work at Wintermere Mobility,"Hi Eliška,

Most Marketing Operations teams lose several hours a week to manual research, data-gathering, and repetitive follow-ups. We built a way to automate a good chunk of that.

Happy to show you a 10-minute example if useful.

Best,
Samira",,,tmpl_04_value_prop_direct
eml_0287,thr_con_0342,act_0350,acc_031,Cedarpoint Works,con_0342,outbound,outbound_send,2026-07-29,priya.nair@lumenops.example,thomas.martin.0342@cedarpoint-works.example,Cutting manual work at Cedarpoint Works,"Hi Thomas,

Most RevOps teams lose several hours a week to manual research, data-gathering, and repetitive follow-ups. We built a way to automate a good chunk of that.

Happy to show you a 10-minute example if useful.

Best,
Priya",,,tmpl_04_value_prop_direct
eml_0288,thr_con_0348,act_0351,acc_032,Harborstone Networks,con_0348,outbound,outbound_send,2026-07-29,samira.lee@lumenops.example,lukas.schneider.0348@harborstone-networks.example,Scaling Innovation at Harborstone Networks without scaling headcount,"Hi Lukas,

As Harborstone Networks grows, the manual side of Innovation work usually grows with it. We help teams keep that from becoming a bottleneck.

Open to a quick call?

Best,
Samira",,,tmpl_08_growth_angle
eml_0289,thr_con_0438,act_0353,acc_040,Westmere Advisory,con_0438,outbound,outbound_send,2026-07-29,priya.nair@lumenops.example,marta.hernandez.0438@westmere-advisory.example,How other Software teams handle this,"Hi Marta,

A few Software companies we work with were spending hours a week manually pulling together research before big decisions. We helped automate most of it.

Curious if that's a pain point at Westmere Advisory as well?

Best,
Priya",,,tmpl_05_peer_reference
eml_0290,thr_con_0571,act_0354,acc_052,Northstar Systems,con_0571,outbound,outbound_send,2026-07-29,oliver.bennett@lumenops.example,elijah.thomas.0571@northstar-systems.example,Energy teams and manual research overhead,"Hi Elijah,

Working with a few other Energy companies right now on reducing the manual research and busywork that piles up around Engineering. Thought it might be relevant to Northstar Systems too.

Would you be open to comparing notes?

Best,
Oliver",,,tmpl_03_industry_based
eml_0291,thr_con_0594,act_0355,acc_054,Pinebridge Platforms,con_0594,outbound,outbound_send,2026-07-29,alex.morgan@lumenops.example,olivia.green.0594@pinebridge-platforms.example,Scaling Product at Pinebridge Platforms without scaling headcount,"Hi Olivia,

As Pinebridge Platforms grows, the manual side of Product work usually grows with it. We help teams keep that from becoming a bottleneck.

Open to a quick call?

Best,
Alex",,,tmpl_08_growth_angle
eml_0292,thr_con_0854,act_0359,acc_077,Copperleaf Mobility,con_0854,outbound,outbound_send,2026-07-29,thomas.chen@lumenops.example,diego.martinez.0854@copperleaf-mobility.example,How other Energy teams handle this,"Hi Diego,

A few Energy companies we work with were spending hours a week manually pulling together research before big decisions. We helped automate most of it.

Curious if that's a pain point at Copperleaf Mobility as well?

Best,
Thomas",,,tmpl_05_peer_reference
eml_0293,thr_con_0112,act_0360,acc_011,Copperleaf Collective,con_0112,outbound,outbound_send,2026-07-30,alex.morgan@lumenops.example,marco.rizzo.0112@copperleaf-collective.example,How other Cybersecurity teams handle this,"Hi Marco,

A few Cybersecurity companies we work with were spending hours a week manually pulling together research before big decisions. We helped automate most of it.

Curious if that's a pain point at Copperleaf Collective as well?

Best,
Alex",,,tmpl_05_peer_reference
eml_0294,thr_con_0294,act_0361,acc_027,Vantagefield Collective,con_0294,outbound,outbound_send,2026-07-30,samira.lee@lumenops.example,camille.de-smet.0294@vantagefield-collective.example,How other Education teams handle this,"Hi Camille,

A few Education companies we work with were spending hours a week manually pulling together research before big decisions. We helped automate most of it.

Curious if that's a pain point at Vantagefield Collective as well?

Best,
Samira",,,tmpl_05_peer_reference
eml_0295,thr_con_0355,act_0363,acc_032,Harborstone Networks,con_0355,outbound,outbound_send,2026-07-30,priya.nair@lumenops.example,marie.klein.0355@harborstone-networks.example,The manual work behind Engineering at growing companies,"Hi Marie,

Most Engineering teams at companies Harborstone Networks's size end up buried in manual research, data pulls, and follow-up that could be automated. Wondering if that resonates.

Best,
Priya",,,tmpl_09_problem_first
eml_0296,thr_con_0633,act_0365,acc_057,Silvergrove Analytics,con_0633,outbound,outbound_send,2026-07-30,oliver.bennett@lumenops.example,william.poulsen.0633@silvergrove-analytics.example,Cutting manual work at Silvergrove Analytics,"Hi William,

Most Product teams lose several hours a week to manual research, data-gathering, and repetitive follow-ups. We built a way to automate a good chunk of that.

Happy to show you a 10-minute example if useful.

Best,
Oliver",,,tmpl_04_value_prop_direct
eml_0297,thr_con_0687,act_0366,acc_062,Wintermere Services,con_0687,inbound,inbound_reply,2026-07-30,mia.klein.0687@wintermere-services.example,alex.morgan@lumenops.example,Re: Wintermere Services,"Thanks for the note. Can you share a bit more detail on how this would actually work for a team like ours? Not sure it's a priority right now but curious.

Best,
Mia",,,reply_neutral
eml_0298,thr_con_0770,act_0368,acc_070,Redwoodline Platforms,con_0770,outbound,outbound_send,2026-07-30,oliver.bennett@lumenops.example,sofia.moreno.0770@redwoodline-platforms.example,Introduction - Oliver from Lumen Ops,"Hi Sofía,

Reaching out because we work with Operations teams to cut down on manual research and repetitive follow-up work. Thought it might be relevant at Redwoodline Platforms.

Open to connecting?

Best,
Oliver",,,tmpl_10_soft_intro
eml_0299,thr_con_0803,act_0369,acc_073,Westmere Analytics,con_0803,outbound,outbound_send,2026-07-30,thomas.chen@lumenops.example,aksel.jensen.0803@westmere-analytics.example,Cutting manual work at Westmere Analytics,"Hi Aksel,

Most Engineering teams lose several hours a week to manual research, data-gathering, and repetitive follow-ups. We built a way to automate a good chunk of that.

Happy to show you a 10-minute example if useful.

Best,
Thomas",,,tmpl_04_value_prop_direct
eml_0300,thr_con_0835,act_0371,acc_076,Bluehaven Commerce,con_0835,inbound,inbound_reply,2026-07-30,arthur.white.0835@bluehaven-commerce.example,alex.morgan@lumenops.example,Re: Bluehaven Commerce,"Thanks for reaching out, this is actually well-timed, we've been discussing this internally. Happy to grab 20 minutes, does later this week work?

Best,
Arthur",deal_050,,reply_positive
eml_0301,thr_con_0030,act_0373,acc_002,Harborline Systems,con_0030,outbound,outbound_send,2026-07-31,thomas.chen@lumenops.example,oscar.hughes.0030@harborline-systems.example,Introduction - Thomas from Lumen Ops,"Hi Oscar,

Reaching out because we work with Solutions Engineering teams to cut down on manual research and repetitive follow-up work. Thought it might be relevant at Harborline Systems.

Open to connecting?

Best,
Thomas",,,tmpl_10_soft_intro
eml_0302,thr_con_0233,act_0376,acc_022,Quartzline Platforms,con_0233,outbound,outbound_send,2026-07-31,priya.nair@lumenops.example,leo.brown.0233@quartzline-platforms.example,Quick question about Quartzline Platforms's Digital Transformation workflows,"Hi Leo,

I noticed Quartzline Platforms has been growing its Digital Transformation team, and most teams that size end up spending a lot of hours a week on manual research and follow-up work that doesn't need a human doing it by hand.

Worth a quick chat to see if that's true for your team too?

Best,
Priya",,,tmpl_01_quick_question
eml_0303,thr_con_0527,act_0378,acc_048,Graniteway Networks,con_0527,outbound,outbound_send,2026-07-31,samira.lee@lumenops.example,marco.costa.0527@graniteway-networks.example,"15 minutes, Marco?","Hi Marco,

Would it be worth 15 minutes to see if we can save your Supply Chain team some manual work? Happy to work around your schedule.

Best,
Samira",,,tmpl_06_short_direct
eml_0304,thr_con_0611,act_0379,acc_056,Riverstone Advisory,con_0611,outbound,outbound_send,2026-07-31,alex.morgan@lumenops.example,anna.meijer.0611@riverstone-advisory.example,Introduction - Alex from Lumen Ops,"Hi Anna,

Reaching out because we work with Consulting teams to cut down on manual research and repetitive follow-up work. Thought it might be relevant at Riverstone Advisory.

Open to connecting?

Best,
Alex",deal_013,,tmpl_10_soft_intro
eml_0305,thr_con_0864,act_0382,acc_078,Deltaforge Services,con_0864,outbound,outbound_send,2026-07-31,priya.nair@lumenops.example,beatrice.giordano.0864@deltaforge-services.example,For Chief Technology Officers at Deltaforge Services,"Hi Beatrice,

As Chief Technology Officer at Deltaforge Services, you're probably dealing with a lot of repetitive cross-functional requests. We help teams like yours cut that down significantly.

Open to a 15-minute call this week?

Best,
Priya",,,tmpl_02_role_based
eml_0306,thr_con_0031,act_0384,acc_002,Harborline Systems,con_0031,outbound,outbound_send,2026-08-01,priya.nair@lumenops.example,maya.roberts.0031@harborline-systems.example,Following up - Harborline Systems,"Hi Maya,

Following up on my note last week, in case it got buried. Still happy to share a quick example if useful.

Best,
Priya",,,follow_up_bump
eml_0307,thr_con_0103,act_0386,acc_010,Bluehaven Labs,con_0103,inbound,inbound_reply,2026-08-01,finn.schwarz.0103@bluehaven-labs.example,oliver.bennett@lumenops.example,Re: Bluehaven Labs,"Thanks for the note. Can you share a bit more detail on how this would actually work for a team like ours? Not sure it's a priority right now but curious.

Best,
Finn",,,reply_neutral
eml_0308,thr_con_0325,act_0388,acc_030,Brightpath Services,con_0325,outbound,outbound_send,2026-08-01,samira.lee@lumenops.example,isabella.thomas.0325@brightpath-services.example,Quick question about Brightpath Services's General Management workflows,"Hi Isabella,

I noticed Brightpath Services has been growing its General Management team, and most teams that size end up spending a lot of hours a week on manual research and follow-up work that doesn't need a human doing it by hand.

Worth a quick chat to see if that's true for your team too?

Best,
Samira",,,tmpl_01_quick_question
eml_0309,thr_con_0402,act_0389,acc_037,Redwoodline Digital,con_0402,inbound,inbound_reply,2026-08-01,sophia.thomas.0402@redwoodline-digital.example,samira.lee@lumenops.example,Re: Redwoodline Digital,"Thanks for the note. Can you share a bit more detail on how this would actually work for a team like ours? Not sure it's a priority right now but curious.

Best,
Sophia",deal_011,,reply_neutral
eml_0310,thr_con_0414,act_0391,acc_038,Skyward Platforms,con_0414,outbound,outbound_send,2026-08-01,oliver.bennett@lumenops.example,arthur.bertrand.0414@skyward-platforms.example,The manual work behind General Management at growing companies,"Hi Arthur,

Most General Management teams at companies Skyward Platforms's size end up buried in manual research, data pulls, and follow-up that could be automated. Wondering if that resonates.

Best,
Oliver",,,tmpl_09_problem_first
eml_0311,thr_con_0467,act_0392,acc_043,Bluehaven Collective,con_0467,outbound,outbound_send,2026-08-01,thomas.chen@lumenops.example,mateusz.nowak.0467@bluehaven-collective.example,The manual work behind Operations at growing companies,"Hi Mateusz,

Most Operations teams at companies Bluehaven Collective's size end up buried in manual research, data pulls, and follow-up that could be automated. Wondering if that resonates.

Best,
Thomas",deal_044,,tmpl_09_problem_first
eml_0312,thr_con_0570,act_0393,acc_052,Northstar Systems,con_0570,outbound,outbound_send,2026-08-01,priya.nair@lumenops.example,amelia.williams.0570@northstar-systems.example,Scaling Procurement at Northstar Systems without scaling headcount,"Hi Amelia,

As Northstar Systems grows, the manual side of Procurement work usually grows with it. We help teams keep that from becoming a bottleneck.

Open to a quick call?

Best,
Priya",,,tmpl_08_growth_angle
eml_0313,thr_con_0599,act_0394,acc_054,Pinebridge Platforms,con_0599,outbound,outbound_send,2026-08-01,thomas.chen@lumenops.example,olivia.brown.0599@pinebridge-platforms.example,Quick question about Pinebridge Platforms's Product workflows,"Hi Olivia,

I noticed Pinebridge Platforms has been growing its Product team, and most teams that size end up spending a lot of hours a week on manual research and follow-up work that doesn't need a human doing it by hand.

Worth a quick chat to see if that's true for your team too?

Best,
Thomas",,,tmpl_01_quick_question
eml_0314,thr_con_0624,act_0395,acc_057,Silvergrove Analytics,con_0624,outbound,outbound_send,2026-08-01,samira.lee@lumenops.example,elias.mortensen.0624@silvergrove-analytics.example,Scaling Digital Transformation at Silvergrove Analytics without scaling headcount,"Hi Elias,

As Silvergrove Analytics grows, the manual side of Digital Transformation work usually grows with it. We help teams keep that from becoming a bottleneck.

Open to a quick call?

Best,
Samira",,,tmpl_08_growth_angle
eml_0315,thr_con_0758,act_0396,acc_069,Oakridge Digital,con_0758,outbound,outbound_send,2026-08-01,oliver.bennett@lumenops.example,lukas.schroder.0758@oakridge-digital.example,"15 minutes, Lukas?","Hi Lukas,

Would it be worth 15 minutes to see if we can save your Marketing Operations team some manual work? Happy to work around your schedule.

Best,
Oliver",,,tmpl_06_short_direct
eml_0316,thr_con_0802,act_0397,acc_073,Westmere Analytics,con_0802,inbound,inbound_reply,2026-08-01,emil.hagen.0802@westmere-analytics.example,thomas.chen@lumenops.example,Re: Westmere Analytics,"Thanks for the note. Can you share a bit more detail on how this would actually work for a team like ours? Not sure it's a priority right now but curious.

Best,
Emil",deal_020,,reply_neutral
eml_0317,thr_con_0927,act_0399,acc_084,Meadowcrest Systems,con_0927,outbound,outbound_send,2026-08-01,priya.nair@lumenops.example,lena.klein.0927@meadowcrest-systems.example,How other Agriculture teams handle this,"Hi Lena,

A few Agriculture companies we work with were spending hours a week manually pulling together research before big decisions. We helped automate most of it.

Curious if that's a pain point at Meadowcrest Systems as well?

Best,
Priya",,,tmpl_05_peer_reference
eml_0318,thr_con_0983,act_0400,acc_089,Riverstone Analytics,con_0983,outbound,outbound_send,2026-08-01,priya.nair@lumenops.example,evelyn.hernandez.0983@riverstone-analytics.example,How does Riverstone Analytics handle repetitive Security research today?,"Hi Evelyn,

Curious how Riverstone Analytics currently handles the more repetitive parts of Security research and follow-up. Most teams we talk to are doing a lot of it manually.

Worth comparing notes?

Best,
Priya",deal_051,,tmpl_07_question_led
eml_0319,thr_con_0989,act_0401,acc_089,Riverstone Analytics,con_0989,outbound,outbound_send,2026-08-01,oliver.bennett@lumenops.example,henry.rodriguez.0989@riverstone-analytics.example,"15 minutes, Henry?","Hi Henry,

Would it be worth 15 minutes to see if we can save your Security team some manual work? Happy to work around your schedule.

Best,
Oliver",,,tmpl_06_short_direct
eml_0320,thr_con_003,act_0402,acc_002,Harborline Systems,con_003,inbound,inbound_reply,2026-08-02,amira.khan@harborline-systems.example,samira.lee@lumenops.example,Re: Harborline Systems,"Thanks for reaching out, this is actually well-timed, we've been discussing this internally. Happy to grab 20 minutes, does later this week work?

Best,
Amira",deal_033,,reply_positive
eml_0321,thr_con_0154,act_0403,acc_014,Fableworks Services,con_0154,outbound,outbound_send,2026-08-02,samira.lee@lumenops.example,iida.niemi.0154@fableworks-services.example,Scaling Engineering at Fableworks Services without scaling headcount,"Hi Iida,

As Fableworks Services grows, the manual side of Engineering work usually grows with it. We help teams keep that from becoming a bottleneck.

Open to a quick call?

Best,
Samira",,,tmpl_08_growth_angle
eml_0322,thr_con_0246,act_0405,acc_023,Riverstone Health,con_0246,outbound,outbound_send,2026-08-02,thomas.chen@lumenops.example,matilda.anderson.0246@riverstone-health.example,How other Manufacturing teams handle this,"Hi Matilda,

A few Manufacturing companies we work with were spending hours a week manually pulling together research before big decisions. We helped automate most of it.

Curious if that's a pain point at Riverstone Health as well?

Best,
Thomas",deal_028,,tmpl_05_peer_reference
eml_0323,thr_con_0305,act_0406,acc_028,Willowgate Commerce,con_0305,outbound,outbound_send,2026-08-02,thomas.chen@lumenops.example,lena.brunner.0305@willowgate-commerce.example,The manual work behind Marketing Operations at growing companies,"Hi Lena,

Most Marketing Operations teams at companies Willowgate Commerce's size end up buried in manual research, data pulls, and follow-up that could be automated. Wondering if that resonates.

Best,
Thomas",,,tmpl_09_problem_first
eml_0324,thr_con_0319,act_0407,acc_029,Wintermere Mobility,con_0319,outbound,outbound_send,2026-08-02,priya.nair@lumenops.example,karolina.fiala.0319@wintermere-mobility.example,How other Professional services teams handle this,"Hi Karolína,

A few Professional services companies we work with were spending hours a week manually pulling together research before big decisions. We helped automate most of it.

Curious if that's a pain point at Wintermere Mobility as well?

Best,
Priya",,,tmpl_05_peer_reference
eml_0325,thr_con_0463,act_0408,acc_042,Asterline Labs,con_0463,outbound,outbound_send,2026-08-02,oliver.bennett@lumenops.example,noah.persson.0463@asterline-labs.example,Data infrastructure teams and manual research overhead,"Hi Noah,

Working with a few other Data infrastructure companies right now on reducing the manual research and busywork that piles up around Engineering. Thought it might be relevant to Asterline Labs too.

Would you be open to comparing notes?

Best,
Oliver",,,tmpl_03_industry_based
eml_0326,thr_con_0623,act_0410,acc_057,Silvergrove Analytics,con_0623,outbound,outbound_send,2026-08-02,samira.lee@lumenops.example,william.larsen.0623@silvergrove-analytics.example,Travel teams and manual research overhead,"Hi William,

Working with a few other Travel companies right now on reducing the manual research and busywork that piles up around Product. Thought it might be relevant to Silvergrove Analytics too.

Would you be open to comparing notes?

Best,
Samira",deal_014,,tmpl_03_industry_based
eml_0327,thr_con_0726,act_0411,acc_066,Ironvale Energy,con_0726,outbound,outbound_send,2026-08-02,alex.morgan@lumenops.example,tereza.horak.0726@ironvale-energy.example,Scaling Product at Ironvale Energy without scaling headcount,"Hi Tereza,

As Ironvale Energy grows, the manual side of Product work usually grows with it. We help teams keep that from becoming a bottleneck.

Open to a quick call?

Best,
Alex",,,tmpl_08_growth_angle
eml_0328,thr_con_0741,act_0412,acc_067,Mapleworks Cloud,con_0741,outbound,outbound_send,2026-08-02,oliver.bennett@lumenops.example,oliver.miller.0741@mapleworks-cloud.example,How does Mapleworks Cloud handle repetitive Data research today?,"Hi Oliver,

Curious how Mapleworks Cloud currently handles the more repetitive parts of Data research and follow-up. Most teams we talk to are doing a lot of it manually.

Worth comparing notes?

Best,
Oliver",,,tmpl_07_question_led
eml_0329,thr_con_0753,act_0413,acc_068,Noviant Systems,con_0753,outbound,outbound_send,2026-08-02,priya.nair@lumenops.example,gabriel.thomas.0753@noviant-systems.example,Data infrastructure teams and manual research overhead,"Hi Gabriel,

Working with a few other Data infrastructure companies right now on reducing the manual research and busywork that piles up around Engineering. Thought it might be relevant to Noviant Systems too.

Would you be open to comparing notes?

Best,
Priya",,,tmpl_03_industry_based
eml_0330,thr_con_0835,act_0415,acc_076,Bluehaven Commerce,con_0835,outbound,meeting_confirmation,2026-08-02,alex.morgan@lumenops.example,arthur.white.0835@bluehaven-commerce.example,Confirmed: quick call this week,"Hi Arthur,

Great, sending over a calendar invite now, looking forward to it.

Best,
Alex",deal_050,,meeting_confirmation
eml_0331,thr_con_0837,act_0416,acc_076,Bluehaven Commerce,con_0837,outbound,outbound_send,2026-08-02,alex.morgan@lumenops.example,freya.jones.0837@bluehaven-commerce.example,How does Bluehaven Commerce handle repetitive Digital Transformation research today?,"Hi Freya,

Curious how Bluehaven Commerce currently handles the more repetitive parts of Digital Transformation research and follow-up. Most teams we talk to are doing a lot of it manually.

Worth comparing notes?

Best,
Alex",,,tmpl_07_question_led
eml_0332,thr_con_0900,act_0418,acc_081,Graniteway Industries,con_0900,outbound,outbound_send,2026-08-02,thomas.chen@lumenops.example,oliver.campbell.0900@graniteway-industries.example,Quick question about Graniteway Industries's IT workflows,"Hi Oliver,

I noticed Graniteway Industries has been growing its IT team, and most teams that size end up spending a lot of hours a week on manual research and follow-up work that doesn't need a human doing it by hand.

Worth a quick chat to see if that's true for your team too?

Best,
Thomas",,,tmpl_01_quick_question
eml_0333,thr_con_0094,act_0419,acc_009,Asterline Analytics,con_0094,outbound,outbound_send,2026-08-03,priya.nair@lumenops.example,amelie.david.0094@asterline-analytics.example,Financial technology teams and manual research overhead,"Hi Amélie,

Working with a few other Financial technology companies right now on reducing the manual research and busywork that piles up around IT. Thought it might be relevant to Asterline Analytics too.

Would you be open to comparing notes?

Best,
Priya",deal_036,,tmpl_03_industry_based
eml_0334,thr_con_0113,act_0420,acc_011,Copperleaf Collective,con_0113,inbound,inbound_reply,2026-08-03,chiara.bruno.0113@copperleaf-collective.example,alex.morgan@lumenops.example,Re: Copperleaf Collective,"Thanks for the note. Can you share a bit more detail on how this would actually work for a team like ours? Not sure it's a priority right now but curious.

Best,
Chiara",deal_032,,reply_neutral
eml_0335,thr_con_0133,act_0421,acc_013,Emberfield Mobility,con_0133,outbound,outbound_send,2026-08-03,thomas.chen@lumenops.example,sofia.carvalho.0133@emberfield-mobility.example,Quick question about Emberfield Mobility's Product workflows,"Hi Sofia,

I noticed Emberfield Mobility has been growing its Product team, and most teams that size end up spending a lot of hours a week on manual research and follow-up work that doesn't need a human doing it by hand.

Worth a quick chat to see if that's true for your team too?

Best,
Thomas",,,tmpl_01_quick_question
eml_0336,thr_con_0191,act_0422,acc_018,Meadowcrest Energy,con_0191,outbound,outbound_send,2026-08-03,alex.morgan@lumenops.example,mateo.rodriguez.0191@meadowcrest-energy.example,Quick question about Meadowcrest Energy's Growth workflows,"Hi Mateo,

I noticed Meadowcrest Energy has been growing its Growth team, and most teams that size end up spending a lot of hours a week on manual research and follow-up work that doesn't need a human doing it by hand.

Worth a quick chat to see if that's true for your team too?

Best,
Alex",,,tmpl_01_quick_question
eml_0337,thr_con_0239,act_0423,acc_022,Quartzline Platforms,con_0239,outbound,outbound_send,2026-08-03,thomas.chen@lumenops.example,amelia.clark.0239@quartzline-platforms.example,Quick question about Quartzline Platforms's Digital Transformation workflows,"Hi Amelia,

I noticed Quartzline Platforms has been growing its Digital Transformation team, and most teams that size end up spending a lot of hours a week on manual research and follow-up work that doesn't need a human doing it by hand.

Worth a quick chat to see if that's true for your team too?

Best,
Thomas",,,tmpl_01_quick_question
eml_0338,thr_con_0345,act_0424,acc_032,Harborstone Networks,con_0345,outbound,outbound_send,2026-08-03,samira.lee@lumenops.example,marie.fischer.0345@harborstone-networks.example,Cutting manual work at Harborstone Networks,"Hi Marie,

Most Engineering teams lose several hours a week to manual research, data-gathering, and repetitive follow-ups. We built a way to automate a good chunk of that.

Happy to show you a 10-minute example if useful.

Best,
Samira",deal_042,,tmpl_04_value_prop_direct
eml_0339,thr_con_0419,act_0425,acc_038,Skyward Platforms,con_0419,outbound,outbound_send,2026-08-03,alex.morgan@lumenops.example,arthur.martin.0419@skyward-platforms.example,"15 minutes, Arthur?","Hi Arthur,

Would it be worth 15 minutes to see if we can save your Security team some manual work? Happy to work around your schedule.

Best,
Alex",,,tmpl_06_short_direct
eml_0340,thr_con_0526,act_0427,acc_048,Graniteway Networks,con_0526,outbound,outbound_send,2026-08-03,samira.lee@lumenops.example,elisa.ferrari.0526@graniteway-networks.example,How does Graniteway Networks handle repetitive Digital Transformation research today?,"Hi Elisa,

Curious how Graniteway Networks currently handles the more repetitive parts of Digital Transformation research and follow-up. Most teams we talk to are doing a lot of it manually.

Worth comparing notes?

Best,
Samira",,,tmpl_07_question_led
eml_0341,thr_con_0532,act_0428,acc_048,Graniteway Networks,con_0532,outbound,outbound_send,2026-08-03,thomas.chen@lumenops.example,marco.rossi.0532@graniteway-networks.example,Quick question about Graniteway Networks's Digital Transformation workflows,"Hi Marco,

I noticed Graniteway Networks has been growing its Digital Transformation team, and most teams that size end up spending a lot of hours a week on manual research and follow-up work that doesn't need a human doing it by hand.

Worth a quick chat to see if that's true for your team too?

Best,
Thomas",,,tmpl_01_quick_question
eml_0342,thr_con_0915,act_0430,acc_083,Latticepoint Cloud,con_0915,outbound,outbound_send,2026-08-03,thomas.chen@lumenops.example,maxime.garcia.0915@latticepoint-cloud.example,How does Latticepoint Cloud handle repetitive Operations research today?,"Hi Maxime,

Curious how Latticepoint Cloud currently handles the more repetitive parts of Operations research and follow-up. Most teams we talk to are doing a lot of it manually.

Worth comparing notes?

Best,
Thomas",,,tmpl_07_question_led
eml_0343,thr_con_0926,act_0431,acc_084,Meadowcrest Systems,con_0926,outbound,outbound_send,2026-08-03,priya.nair@lumenops.example,jonas.muller.0926@meadowcrest-systems.example,"15 minutes, Jonas?","Hi Jonas,

Would it be worth 15 minutes to see if we can save your Engineering team some manual work? Happy to work around your schedule.

Best,
Priya",deal_022,,tmpl_06_short_direct
eml_0344,thr_con_0995,act_0433,acc_090,Silvergrove Labs,con_0995,outbound,outbound_send,2026-08-03,oliver.bennett@lumenops.example,mathieu.michel.0995@silvergrove-labs.example,How does Silvergrove Labs handle repetitive Marketing research today?,"Hi Mathieu,

Curious how Silvergrove Labs currently handles the more repetitive parts of Marketing research and follow-up. Most teams we talk to are doing a lot of it manually.

Worth comparing notes?

Best,
Oliver",,,tmpl_07_question_led
eml_0345,thr_con_005,act_0434,acc_003,Morrow Mobility,con_005,outbound,outbound_send,2026-08-04,oliver.bennett@lumenops.example,sofia.keller@morrow-mobility.example,Morrow Mobility expands into Germany,"Hi Sofia,

Saw that Morrow Mobility announced a new German operating hub and a plan to double its delivery fleet. Coordinating account research and regional outreach during expansion.

Worth a quick conversation?

Best,
Oliver",,sig_005,signal_grounded
eml_0346,thr_con_0059,act_0435,acc_005,Brightforge Manufacturing,con_0059,outbound,outbound_send,2026-08-04,thomas.chen@lumenops.example,thomas.bertrand.0059@brightforge.example,Following up - Brightforge Manufacturing,"Hi Thomas,

Following up on my note last week, in case it got buried. Still happy to share a quick example if useful.

Best,
Thomas",,,follow_up_bump
eml_0347,thr_con_0215,act_0436,acc_020,Orbitwell Systems,con_0215,outbound,outbound_send,2026-08-04,oliver.bennett@lumenops.example,laura.pedersen.0215@orbitwell-systems.example,Quick question about Orbitwell Systems's IT workflows,"Hi Laura,

I noticed Orbitwell Systems has been growing its IT team, and most teams that size end up spending a lot of hours a week on manual research and follow-up work that doesn't need a human doing it by hand.

Worth a quick chat to see if that's true for your team too?

Best,
Oliver",,,tmpl_01_quick_question
eml_0348,thr_con_0339,act_0437,acc_031,Cedarpoint Works,con_0339,outbound,outbound_send,2026-08-04,thomas.chen@lumenops.example,clara.dubois.0339@cedarpoint-works.example,Cutting manual work at Cedarpoint Works,"Hi Clara,

Most Operations teams lose several hours a week to manual research, data-gathering, and repetitive follow-ups. We built a way to automate a good chunk of that.

Happy to show you a 10-minute example if useful.

Best,
Thomas",,,tmpl_04_value_prop_direct
eml_0349,thr_con_0612,act_0441,acc_056,Riverstone Advisory,con_0612,outbound,outbound_send,2026-08-04,alex.morgan@lumenops.example,lucas.de-vries.0612@riverstone-advisory.example,Following up - Riverstone Advisory,"Hi Lucas,

Following up on my note last week, in case it got buried. Still happy to share a quick example if useful.

Best,
Alex",,,follow_up_bump
eml_0350,thr_con_0679,act_0443,acc_062,Wintermere Services,con_0679,outbound,outbound_send,2026-08-04,oliver.bennett@lumenops.example,ben.hoffmann.0679@wintermere-services.example,Financial technology teams and manual research overhead,"Hi Ben,

Working with a few other Financial technology companies right now on reducing the manual research and busywork that piles up around Risk. Thought it might be relevant to Wintermere Services too.

Would you be open to comparing notes?

Best,
Oliver",,,tmpl_03_industry_based
eml_0351,thr_con_0735,act_0444,acc_067,Mapleworks Cloud,con_0735,outbound,outbound_send,2026-08-04,samira.lee@lumenops.example,isabella.rodriguez.0735@mapleworks-cloud.example,The manual work behind Data at growing companies,"Hi Isabella,

Most Data teams at companies Mapleworks Cloud's size end up buried in manual research, data pulls, and follow-up that could be automated. Wondering if that resonates.

Best,
Samira",deal_017,,tmpl_09_problem_first
eml_0352,thr_con_0736,act_0445,acc_067,Mapleworks Cloud,con_0736,outbound,outbound_send,2026-08-04,samira.lee@lumenops.example,oliver.johnson.0736@mapleworks-cloud.example,Data infrastructure teams and manual research overhead,"Hi Oliver,

Working with a few other Data infrastructure companies right now on reducing the manual research and busywork that piles up around Engineering. Thought it might be relevant to Mapleworks Cloud too.

Would you be open to comparing notes?

Best,
Samira",,,tmpl_03_industry_based
eml_0353,thr_con_0847,act_0446,acc_077,Copperleaf Mobility,con_0847,outbound,outbound_send,2026-08-04,thomas.chen@lumenops.example,lucia.moreno.0847@copperleaf-mobility.example,Following up - Copperleaf Mobility,"Hi Lucía,

Following up on my note last week, in case it got buried. Still happy to share a quick example if useful.

Best,
Thomas",,,follow_up_bump
eml_0354,thr_con_0868,act_0447,acc_078,Deltaforge Services,con_0868,outbound,outbound_send,2026-08-04,priya.nair@lumenops.example,alessandro.marino.0868@deltaforge-services.example,"15 minutes, Alessandro?","Hi Alessandro,

Would it be worth 15 minutes to see if we can save your IT team some manual work? Happy to work around your schedule.

Best,
Priya",,,tmpl_06_short_direct
eml_0355,thr_con_0897,act_0448,acc_081,Graniteway Industries,con_0897,outbound,outbound_send,2026-08-04,alex.morgan@lumenops.example,chloe.anderson.0897@graniteway-industries.example,Cutting manual work at Graniteway Industries,"Hi Chloe,

Most Operations teams lose several hours a week to manual research, data-gathering, and repetitive follow-ups. We built a way to automate a good chunk of that.

Happy to show you a 10-minute example if useful.

Best,
Alex",,,tmpl_04_value_prop_direct
eml_0356,thr_con_003,act_0452,acc_002,Harborline Systems,con_003,outbound,meeting_confirmation,2026-08-05,samira.lee@lumenops.example,amira.khan@harborline-systems.example,Confirmed: quick call this week,"Hi Amira,

Great, sending over a calendar invite now, looking forward to it.

Best,
Samira",deal_033,,meeting_confirmation
eml_0357,thr_con_0214,act_0455,acc_020,Orbitwell Systems,con_0214,outbound,outbound_send,2026-08-05,oliver.bennett@lumenops.example,freja.petersen.0214@orbitwell-systems.example,How other Healthcare teams handle this,"Hi Freja,

A few Healthcare companies we work with were spending hours a week manually pulling together research before big decisions. We helped automate most of it.

Curious if that's a pain point at Orbitwell Systems as well?

Best,
Oliver",,,tmpl_05_peer_reference
eml_0358,thr_con_0268,act_0457,acc_025,Summitline Analytics,con_0268,outbound,outbound_send,2026-08-05,oliver.bennett@lumenops.example,paul.fischer.0268@summitline-analytics.example,The manual work behind Digital Transformation at growing companies,"Hi Paul,

Most Digital Transformation teams at companies Summitline Analytics's size end up buried in manual research, data pulls, and follow-up that could be automated. Wondering if that resonates.

Best,
Oliver",,,tmpl_09_problem_first
eml_0359,thr_con_0332,act_0458,acc_030,Brightpath Services,con_0332,outbound,outbound_send,2026-08-05,oliver.bennett@lumenops.example,ava.miller.0332@brightpath-services.example,Following up - Brightpath Services,"Hi Ava,

Following up on my note last week, in case it got buried. Still happy to share a quick example if useful.

Best,
Oliver",,,follow_up_bump
eml_0360,thr_con_0430,act_0460,acc_039,Solstice Health,con_0430,outbound,outbound_send,2026-08-05,priya.nair@lumenops.example,arthur.evans.0430@solstice-health.example,"15 minutes, Arthur?","Hi Arthur,

Would it be worth 15 minutes to see if we can save your RevOps team some manual work? Happy to work around your schedule.

Best,
Priya",,,tmpl_06_short_direct
eml_0361,thr_con_0467,act_0461,acc_043,Bluehaven Collective,con_0467,inbound,inbound_reply,2026-08-05,mateusz.nowak.0467@bluehaven-collective.example,thomas.chen@lumenops.example,Re: Bluehaven Collective,"Thanks for reaching out, this is actually well-timed, we've been discussing this internally. Happy to grab 20 minutes, does later this week work?

Best,
Mateusz",deal_044,,reply_positive
eml_0362,thr_con_0544,act_0463,acc_049,Juniperlane Industries,con_0544,outbound,outbound_send,2026-08-05,oliver.bennett@lumenops.example,jules.dubois.0544@juniperlane-industries.example,Manufacturing teams and manual research overhead,"Hi Jules,

Working with a few other Manufacturing companies right now on reducing the manual research and busywork that piles up around Operations. Thought it might be relevant to Juniperlane Industries too.

Would you be open to comparing notes?

Best,
Oliver",,,tmpl_03_industry_based
eml_0363,thr_con_0572,act_0464,acc_052,Northstar Systems,con_0572,outbound,outbound_send,2026-08-05,samira.lee@lumenops.example,mia.rodriguez.0572@northstar-systems.example,The manual work behind Digital Transformation at growing companies,"Hi Mia,

Most Digital Transformation teams at companies Northstar Systems's size end up buried in manual research, data pulls, and follow-up that could be automated. Wondering if that resonates.

Best,
Samira",,,tmpl_09_problem_first
eml_0364,thr_con_0584,act_0465,acc_053,Orbitwell Digital,con_0584,outbound,outbound_send,2026-08-05,thomas.chen@lumenops.example,hugo.durand.0584@orbitwell-digital.example,Quick question about Orbitwell Digital's IT workflows,"Hi Hugo,

I noticed Orbitwell Digital has been growing its IT team, and most teams that size end up spending a lot of hours a week on manual research and follow-up work that doesn't need a human doing it by hand.

Worth a quick chat to see if that's true for your team too?

Best,
Thomas",,,tmpl_01_quick_question
eml_0365,thr_con_0692,act_0466,acc_063,Brightpath Works,con_0692,outbound,outbound_send,2026-08-05,alex.morgan@lumenops.example,andrea.russo.0692@brightpath-works.example,Cybersecurity teams and manual research overhead,"Hi Andrea,

Working with a few other Cybersecurity companies right now on reducing the manual research and busywork that piles up around Solutions Engineering. Thought it might be relevant to Brightpath Works too.

Would you be open to comparing notes?

Best,
Alex",,,tmpl_03_industry_based
eml_0366,thr_con_0711,act_0467,acc_064,Cedarpoint Networks,con_0711,outbound,outbound_send,2026-08-05,alex.morgan@lumenops.example,noah.de-smet.0711@cedarpoint-networks.example,Scaling Engineering at Cedarpoint Networks without scaling headcount,"Hi Noah,

As Cedarpoint Networks grows, the manual side of Engineering work usually grows with it. We help teams keep that from becoming a bottleneck.

Open to a quick call?

Best,
Alex",,,tmpl_08_growth_angle
eml_0367,thr_con_0721,act_0468,acc_065,Harborstone Industries,con_0721,outbound,outbound_send,2026-08-05,priya.nair@lumenops.example,mia.reiter.0721@harborstone-industries.example,Quick question about Harborstone Industries's Customer Success workflows,"Hi Mia,

I noticed Harborstone Industries has been growing its Customer Success team, and most teams that size end up spending a lot of hours a week on manual research and follow-up work that doesn't need a human doing it by hand.

Worth a quick chat to see if that's true for your team too?

Best,
Priya",,,tmpl_01_quick_question
eml_0368,thr_con_0770,act_0469,acc_070,Redwoodline Platforms,con_0770,inbound,inbound_reply,2026-08-05,sofia.moreno.0770@redwoodline-platforms.example,oliver.bennett@lumenops.example,Re: Redwoodline Platforms,"Thanks for the note. Can you share a bit more detail on how this would actually work for a team like ours? Not sure it's a priority right now but curious.

Best,
Sofía",,,reply_neutral
eml_0369,thr_con_0775,act_0470,acc_070,Redwoodline Platforms,con_0775,outbound,outbound_send,2026-08-05,thomas.chen@lumenops.example,sofia.navarro.0775@redwoodline-platforms.example,Following up - Redwoodline Platforms,"Hi Sofía,

Following up on my note last week, in case it got buried. Still happy to share a quick example if useful.

Best,
Thomas",,,follow_up_bump
eml_0370,thr_con_0782,act_0471,acc_071,Skyward Health,con_0782,outbound,outbound_send,2026-08-05,samira.lee@lumenops.example,fleur.mulder.0782@skyward-health.example,How other Healthcare teams handle this,"Hi Fleur,

A few Healthcare companies we work with were spending hours a week manually pulling together research before big decisions. We helped automate most of it.

Curious if that's a pain point at Skyward Health as well?

Best,
Samira",,,tmpl_05_peer_reference
eml_0371,thr_con_0908,act_0472,acc_082,Juniperlane Energy,con_0908,outbound,outbound_send,2026-08-05,priya.nair@lumenops.example,sophia.loh.0908@juniperlane-energy.example,Professional services teams and manual research overhead,"Hi Sophia,

Working with a few other Professional services companies right now on reducing the manual research and busywork that piles up around Operations. Thought it might be relevant to Juniperlane Energy too.

Would you be open to comparing notes?

Best,
Priya",,,tmpl_03_industry_based
eml_0372,thr_con_0983,act_0473,acc_089,Riverstone Analytics,con_0983,inbound,inbound_reply,2026-08-05,evelyn.hernandez.0983@riverstone-analytics.example,priya.nair@lumenops.example,Re: Riverstone Analytics,"Thanks for reaching out, this is actually well-timed, we've been discussing this internally. Happy to grab 20 minutes, does later this week work?

Best,
Evelyn",deal_051,,reply_positive
eml_0373,thr_con_0128,act_0474,acc_012,Deltaforge Commerce,con_0128,outbound,outbound_send,2026-08-06,samira.lee@lumenops.example,thomas.claes.0128@deltaforge-commerce.example,Following up - Deltaforge Commerce,"Hi Thomas,

Following up on my note last week, in case it got buried. Still happy to share a quick example if useful.

Best,
Samira",,,follow_up_bump
eml_0374,thr_con_0148,act_0475,acc_014,Fableworks Services,con_0148,outbound,outbound_send,2026-08-06,oliver.bennett@lumenops.example,sofia.rantanen.0148@fableworks-services.example,How does Fableworks Services handle repetitive Engineering research today?,"Hi Sofia,

Curious how Fableworks Services currently handles the more repetitive parts of Engineering research and follow-up. Most teams we talk to are doing a lot of it manually.

Worth comparing notes?

Best,
Oliver",,,tmpl_07_question_led
eml_0375,thr_con_0334,act_0478,acc_031,Cedarpoint Works,con_0334,outbound,outbound_send,2026-08-06,alex.morgan@lumenops.example,clara.roux.0334@cedarpoint-works.example,For Chief Operating Officers at Cedarpoint Works,"Hi Clara,

As Chief Operating Officer at Cedarpoint Works, you're probably dealing with a lot of repetitive cross-functional requests. We help teams like yours cut that down significantly.

Open to a 15-minute call this week?

Best,
Alex",deal_009,,tmpl_02_role_based
eml_0376,thr_con_0418,act_0480,acc_038,Skyward Platforms,con_0418,outbound,outbound_send,2026-08-06,samira.lee@lumenops.example,manon.leroy.0418@skyward-platforms.example,Following up - Skyward Platforms,"Hi Manon,

Following up on my note last week, in case it got buried. Still happy to share a quick example if useful.

Best,
Samira",,,follow_up_bump
eml_0377,thr_con_0472,act_0481,acc_043,Bluehaven Collective,con_0472,outbound,outbound_send,2026-08-06,thomas.chen@lumenops.example,mateusz.kaminski.0472@bluehaven-collective.example,Scaling IT at Bluehaven Collective without scaling headcount,"Hi Mateusz,

As Bluehaven Collective grows, the manual side of IT work usually grows with it. We help teams keep that from becoming a bottleneck.

Open to a quick call?

Best,
Thomas",,,tmpl_08_growth_angle
eml_0378,thr_con_0856,act_0485,acc_077,Copperleaf Mobility,con_0856,outbound,outbound_send,2026-08-06,priya.nair@lumenops.example,daniel.ruiz.0856@copperleaf-mobility.example,Quick question about Copperleaf Mobility's Innovation workflows,"Hi Daniel,

I noticed Copperleaf Mobility has been growing its Innovation team, and most teams that size end up spending a lot of hours a week on manual research and follow-up work that doesn't need a human doing it by hand.

Worth a quick chat to see if that's true for your team too?

Best,
Priya",,,tmpl_01_quick_question
eml_0379,thr_con_0930,act_0486,acc_084,Meadowcrest Systems,con_0930,outbound,outbound_send,2026-08-06,thomas.chen@lumenops.example,laura.richter.0930@meadowcrest-systems.example,"15 minutes, Laura?","Hi Laura,

Would it be worth 15 minutes to see if we can save your Operations team some manual work? Happy to work around your schedule.

Best,
Thomas",,,tmpl_06_short_direct
eml_0380,thr_con_0984,act_0487,acc_089,Riverstone Analytics,con_0984,outbound,outbound_send,2026-08-06,priya.nair@lumenops.example,henry.brown.0984@riverstone-analytics.example,Introduction - Priya from Lumen Ops,"Hi Henry,

Reaching out because we work with Engineering teams to cut down on manual research and repetitive follow-up work. Thought it might be relevant at Riverstone Analytics.

Open to connecting?

Best,
Priya",,,tmpl_10_soft_intro
eml_0381,thr_con_0038,act_0488,acc_003,Morrow Mobility,con_0038,outbound,outbound_send,2026-08-07,thomas.chen@lumenops.example,max.becker.0038@morrow-mobility.example,Transportation teams and manual research overhead,"Hi Max,

Working with a few other Transportation companies right now on reducing the manual research and busywork that piles up around Operations. Thought it might be relevant to Morrow Mobility too.

Would you be open to comparing notes?

Best,
Thomas",,,tmpl_03_industry_based
eml_0382,thr_con_0094,act_0489,acc_009,Asterline Analytics,con_0094,inbound,inbound_reply,2026-08-07,amelie.david.0094@asterline-analytics.example,priya.nair@lumenops.example,Re: Asterline Analytics,"Thanks for reaching out, this is actually well-timed, we've been discussing this internally. Happy to grab 20 minutes, does later this week work?

Best,
Amélie",deal_036,,reply_positive
eml_0383,thr_con_0139,act_0491,acc_013,Emberfield Mobility,con_0139,outbound,outbound_send,2026-08-07,alex.morgan@lumenops.example,goncalo.almeida.0139@emberfield-mobility.example,Introduction - Alex from Lumen Ops,"Hi Gonçalo,

Reaching out because we work with Product teams to cut down on manual research and repetitive follow-up work. Thought it might be relevant at Emberfield Mobility.

Open to connecting?

Best,
Alex",,,tmpl_10_soft_intro
eml_0384,thr_con_0166,act_0492,acc_015,Graniteway Works,con_0166,outbound,outbound_send,2026-08-07,alex.morgan@lumenops.example,henry.lopez.0166@graniteway-works.example,How does Graniteway Works handle repetitive Engineering research today?,"Hi Henry,

Curious how Graniteway Works currently handles the more repetitive parts of Engineering research and follow-up. Most teams we talk to are doing a lot of it manually.

Worth comparing notes?

Best,
Alex",,,tmpl_07_question_led
eml_0385,thr_con_0342,act_0494,acc_031,Cedarpoint Works,con_0342,outbound,outbound_send,2026-08-07,priya.nair@lumenops.example,thomas.martin.0342@cedarpoint-works.example,Following up - Cedarpoint Works,"Hi Thomas,

Following up on my note last week, in case it got buried. Still happy to share a quick example if useful.

Best,
Priya",,,follow_up_bump
eml_0386,thr_con_0345,act_0495,acc_032,Harborstone Networks,con_0345,inbound,inbound_reply,2026-08-07,marie.fischer.0345@harborstone-networks.example,samira.lee@lumenops.example,Re: Harborstone Networks,"Thanks for reaching out, this is actually well-timed, we've been discussing this internally. Happy to grab 20 minutes, does later this week work?

Best,
Marie",deal_042,,reply_positive
eml_0387,thr_con_0348,act_0496,acc_032,Harborstone Networks,con_0348,outbound,outbound_send,2026-08-07,samira.lee@lumenops.example,lukas.schneider.0348@harborstone-networks.example,Following up - Harborstone Networks,"Hi Lukas,

Following up on my note last week, in case it got buried. Still happy to share a quick example if useful.

Best,
Samira",,,follow_up_bump
eml_0388,thr_con_0446,act_0497,acc_041,Yarrow Analytics,con_0446,outbound,outbound_send,2026-08-07,alex.morgan@lumenops.example,alice.esposito.0446@yarrow-analytics.example,How other Data infrastructure teams handle this,"Hi Alice,

A few Data infrastructure companies we work with were spending hours a week manually pulling together research before big decisions. We helped automate most of it.

Curious if that's a pain point at Yarrow Analytics as well?

Best,
Alex",deal_024,,tmpl_05_peer_reference
eml_0389,thr_con_0476,act_0498,acc_043,Bluehaven Collective,con_0476,outbound,outbound_send,2026-08-07,priya.nair@lumenops.example,wiktoria.grabowski.0476@bluehaven-collective.example,E-commerce teams and manual research overhead,"Hi Wiktoria,

Working with a few other E-commerce companies right now on reducing the manual research and busywork that piles up around Customer Success. Thought it might be relevant to Bluehaven Collective too.

Would you be open to comparing notes?

Best,
Priya",,,tmpl_03_industry_based
eml_0390,thr_con_0480,act_0499,acc_044,Copperleaf Commerce,con_0480,outbound,outbound_send,2026-08-07,alex.morgan@lumenops.example,oliver.johnson.0480@copperleaf-commerce.example,Introduction - Alex from Lumen Ops,"Hi Oliver,

Reaching out because we work with Growth teams to cut down on manual research and repetitive follow-up work. Thought it might be relevant at Copperleaf Commerce.

Open to connecting?

Best,
Alex",,,tmpl_10_soft_intro
eml_0391,thr_con_0534,act_0501,acc_049,Juniperlane Industries,con_0534,outbound,outbound_send,2026-08-07,priya.nair@lumenops.example,jules.de-smet.0534@juniperlane-industries.example,"15 minutes, Jules?","Hi Jules,

Would it be worth 15 minutes to see if we can save your IT team some manual work? Happy to work around your schedule.

Best,
Priya",,,tmpl_06_short_direct
eml_0392,thr_con_0594,act_0502,acc_054,Pinebridge Platforms,con_0594,outbound,outbound_send,2026-08-07,alex.morgan@lumenops.example,olivia.green.0594@pinebridge-platforms.example,Following up - Pinebridge Platforms,"Hi Olivia,

Following up on my note last week, in case it got buried. Still happy to share a quick example if useful.

Best,
Alex",,,follow_up_bump
eml_0393,thr_con_0607,act_0503,acc_055,Quartzline Health,con_0607,outbound,outbound_send,2026-08-07,thomas.chen@lumenops.example,adrian.moreno.0607@quartzline-health.example,"15 minutes, Adrián?","Hi Adrián,

Would it be worth 15 minutes to see if we can save your Consulting team some manual work? Happy to work around your schedule.

Best,
Thomas",,,tmpl_06_short_direct
eml_0394,thr_con_0624,act_0505,acc_057,Silvergrove Analytics,con_0624,inbound,inbound_reply,2026-08-07,elias.mortensen.0624@silvergrove-analytics.example,samira.lee@lumenops.example,Re: Silvergrove Analytics,"Thanks for the note. Can you share a bit more detail on how this would actually work for a team like ours? Not sure it's a priority right now but curious.

Best,
Elias",,,reply_neutral
eml_0395,thr_con_0861,act_0509,acc_078,Deltaforge Services,con_0861,outbound,outbound_send,2026-08-07,thomas.chen@lumenops.example,aurora.rizzo.0861@deltaforge-services.example,How does Deltaforge Services handle repetitive Innovation research today?,"Hi Aurora,

Curious how Deltaforge Services currently handles the more repetitive parts of Innovation research and follow-up. Most teams we talk to are doing a lot of it manually.

Worth comparing notes?

Best,
Thomas",,,tmpl_07_question_led
eml_0396,thr_con_0913,act_0510,acc_083,Latticepoint Cloud,con_0913,outbound,outbound_send,2026-08-07,thomas.chen@lumenops.example,gabriel.leroy.0913@latticepoint-cloud.example,Quick question about Latticepoint Cloud's RevOps workflows,"Hi Gabriel,

I noticed Latticepoint Cloud has been growing its RevOps team, and most teams that size end up spending a lot of hours a week on manual research and follow-up work that doesn't need a human doing it by hand.

Worth a quick chat to see if that's true for your team too?

Best,
Thomas",,,tmpl_01_quick_question
eml_0397,thr_con_0917,act_0512,acc_083,Latticepoint Cloud,con_0917,outbound,outbound_send,2026-08-07,thomas.chen@lumenops.example,louis.bernard.0917@latticepoint-cloud.example,The manual work behind Digital Transformation at growing companies,"Hi Louis,

Most Digital Transformation teams at companies Latticepoint Cloud's size end up buried in manual research, data pulls, and follow-up that could be automated. Wondering if that resonates.

Best,
Thomas",,,tmpl_09_problem_first
eml_0398,thr_con_0925,act_0513,acc_084,Meadowcrest Systems,con_0925,outbound,outbound_send,2026-08-07,samira.lee@lumenops.example,laura.becker.0925@meadowcrest-systems.example,For Chief Operating Officers at Meadowcrest Systems,"Hi Laura,

As Chief Operating Officer at Meadowcrest Systems, you're probably dealing with a lot of repetitive cross-functional requests. We help teams like yours cut that down significantly.

Open to a 15-minute call this week?

Best,
Samira",,,tmpl_02_role_based
eml_0399,thr_con_0927,act_0515,acc_084,Meadowcrest Systems,con_0927,inbound,inbound_reply,2026-08-07,lena.klein.0927@meadowcrest-systems.example,priya.nair@lumenops.example,Re: Meadowcrest Systems,"Thanks for the note. Can you share a bit more detail on how this would actually work for a team like ours? Not sure it's a priority right now but curious.

Best,
Lena",,,reply_neutral
eml_0400,thr_con_0932,act_0516,acc_084,Meadowcrest Systems,con_0932,outbound,outbound_send,2026-08-07,alex.morgan@lumenops.example,lena.zimmermann.0932@meadowcrest-systems.example,How other Agriculture teams handle this,"Hi Lena,

A few Agriculture companies we work with were spending hours a week manually pulling together research before big decisions. We helped automate most of it.

Curious if that's a pain point at Meadowcrest Systems as well?

Best,
Alex",,,tmpl_05_peer_reference
eml_0401,thr_con_0989,act_0517,acc_089,Riverstone Analytics,con_0989,outbound,outbound_send,2026-08-07,oliver.bennett@lumenops.example,henry.rodriguez.0989@riverstone-analytics.example,Following up - Riverstone Analytics,"Hi Henry,

Following up on my note last week, in case it got buried. Still happy to share a quick example if useful.

Best,
Oliver",,,follow_up_bump
eml_0402,thr_con_0043,act_0518,acc_003,Morrow Mobility,con_0043,outbound,outbound_send,2026-08-08,alex.morgan@lumenops.example,max.richter.0043@morrow-mobility.example,For Chief Operating Officers at Morrow Mobility,"Hi Max,

As Chief Operating Officer at Morrow Mobility, you're probably dealing with a lot of repetitive cross-functional requests. We help teams like yours cut that down significantly.

Open to a 15-minute call this week?

Best,
Alex",,,tmpl_02_role_based
eml_0403,thr_con_012,act_0520,acc_006,Meadowbridge Health,con_012,outbound,outbound_send,2026-08-08,thomas.chen@lumenops.example,ruben.visser@meadowbridge.example,Quick question about Meadowbridge Health's IT workflows,"Hi Ruben,

I noticed Meadowbridge Health has been growing its IT team, and most teams that size end up spending a lot of hours a week on manual research and follow-up work that doesn't need a human doing it by hand.

Worth a quick chat to see if that's true for your team too?

Best,
Thomas",,,tmpl_01_quick_question
eml_0404,thr_con_0144,act_0521,acc_014,Fableworks Services,con_0144,outbound,outbound_send,2026-08-08,priya.nair@lumenops.example,iida.makela.0144@fableworks-services.example,Introduction - Priya from Lumen Ops,"Hi Iida,

Reaching out because we work with IT teams to cut down on manual research and repetitive follow-up work. Thought it might be relevant at Fableworks Services.

Open to connecting?

Best,
Priya",,,tmpl_10_soft_intro
eml_0405,thr_con_0250,act_0522,acc_023,Riverstone Health,con_0250,outbound,outbound_send,2026-08-08,priya.nair@lumenops.example,olivia.jones.0250@riverstone-health.example,Manufacturing teams and manual research overhead,"Hi Olivia,

Working with a few other Manufacturing companies right now on reducing the manual research and busywork that piles up around Operations. Thought it might be relevant to Riverstone Health too.

Would you be open to comparing notes?

Best,
Priya",,,tmpl_03_industry_based
eml_0406,thr_con_0330,act_0525,acc_030,Brightpath Services,con_0330,outbound,outbound_send,2026-08-08,oliver.bennett@lumenops.example,isabella.smith.0330@brightpath-services.example,How does Brightpath Services handle repetitive IT research today?,"Hi Isabella,

Curious how Brightpath Services currently handles the more repetitive parts of IT research and follow-up. Most teams we talk to are doing a lot of it manually.

Worth comparing notes?

Best,
Oliver",,,tmpl_07_question_led
eml_0407,thr_con_0355,act_0526,acc_032,Harborstone Networks,con_0355,outbound,outbound_send,2026-08-08,priya.nair@lumenops.example,marie.klein.0355@harborstone-networks.example,Following up - Harborstone Networks,"Hi Marie,

Following up on my note last week, in case it got buried. Still happy to share a quick example if useful.

Best,
Priya",,,follow_up_bump
eml_0408,thr_con_0467,act_0527,acc_043,Bluehaven Collective,con_0467,outbound,meeting_confirmation,2026-08-08,thomas.chen@lumenops.example,mateusz.nowak.0467@bluehaven-collective.example,Confirmed: quick call this week,"Hi Mateusz,

Great, sending over a calendar invite now, looking forward to it.

Best,
Thomas",deal_044,,meeting_confirmation
eml_0409,thr_con_0963,act_0530,acc_087,Pinebridge Health,con_0963,outbound,outbound_send,2026-08-08,samira.lee@lumenops.example,carolina.rodrigues.0963@pinebridge-health.example,The manual work behind Engineering at growing companies,"Hi Carolina,

Most Engineering teams at companies Pinebridge Health's size end up buried in manual research, data pulls, and follow-up that could be automated. Wondering if that resonates.

Best,
Samira",,,tmpl_09_problem_first
eml_0410,thr_con_0983,act_0531,acc_089,Riverstone Analytics,con_0983,outbound,meeting_confirmation,2026-08-08,priya.nair@lumenops.example,evelyn.hernandez.0983@riverstone-analytics.example,Confirmed: quick call this week,"Hi Evelyn,

Great, sending over a calendar invite now, looking forward to it.

Best,
Priya",deal_051,,meeting_confirmation
eml_0411,thr_con_0996,act_0532,acc_090,Silvergrove Labs,con_0996,outbound,outbound_send,2026-08-08,samira.lee@lumenops.example,chloe.petit.0996@silvergrove-labs.example,Quick question about Silvergrove Labs's Solutions Engineering workflows,"Hi Chloé,

I noticed Silvergrove Labs has been growing its Solutions Engineering team, and most teams that size end up spending a lot of hours a week on manual research and follow-up work that doesn't need a human doing it by hand.

Worth a quick chat to see if that's true for your team too?

Best,
Samira",,,tmpl_01_quick_question
eml_0412,thr_con_0054,act_0535,acc_005,Brightforge Manufacturing,con_0054,outbound,outbound_send,2026-08-09,oliver.bennett@lumenops.example,thomas.laurent.0054@brightforge.example,How other Manufacturing teams handle this,"Hi Thomas,

A few Manufacturing companies we work with were spending hours a week manually pulling together research before big decisions. We helped automate most of it.

Curious if that's a pain point at Brightforge Manufacturing as well?

Best,
Oliver",,,tmpl_05_peer_reference
eml_0413,thr_con_0105,act_0536,acc_010,Bluehaven Labs,con_0105,outbound,outbound_send,2026-08-09,priya.nair@lumenops.example,sophie.fischer.0105@bluehaven-labs.example,Scaling Risk at Bluehaven Labs without scaling headcount,"Hi Sophie,

As Bluehaven Labs grows, the manual side of Risk work usually grows with it. We help teams keep that from becoming a bottleneck.

Open to a quick call?

Best,
Priya",,,tmpl_08_growth_angle
eml_0414,thr_con_0131,act_0537,acc_012,Deltaforge Commerce,con_0131,outbound,outbound_send,2026-08-09,alex.morgan@lumenops.example,simon.willems.0131@deltaforge-commerce.example,How does Deltaforge Commerce handle repetitive Engineering research today?,"Hi Simon,

Curious how Deltaforge Commerce currently handles the more repetitive parts of Engineering research and follow-up. Most teams we talk to are doing a lot of it manually.

Worth comparing notes?

Best,
Alex",,,tmpl_07_question_led
eml_0415,thr_con_0143,act_0538,acc_014,Fableworks Services,con_0143,outbound,outbound_send,2026-08-09,priya.nair@lumenops.example,sofia.saarinen.0143@fableworks-services.example,How other Software teams handle this,"Hi Sofia,

A few Software companies we work with were spending hours a week manually pulling together research before big decisions. We helped automate most of it.

Curious if that's a pain point at Fableworks Services as well?

Best,
Priya",deal_005,,tmpl_05_peer_reference
eml_0416,thr_con_0149,act_0539,acc_014,Fableworks Services,con_0149,outbound,outbound_send,2026-08-09,alex.morgan@lumenops.example,iida.jarvinen.0149@fableworks-services.example,For VP Products at Fableworks Services,"Hi Iida,

As VP Product at Fableworks Services, you're probably dealing with a lot of repetitive cross-functional requests. We help teams like yours cut that down significantly.

Open to a 15-minute call this week?

Best,
Alex",,,tmpl_02_role_based
eml_0417,thr_con_0184,act_0540,acc_017,Latticepoint Industries,con_0184,outbound,outbound_send,2026-08-09,alex.morgan@lumenops.example,emily.roberts.0184@latticepoint-industries.example,Introduction - Alex from Lumen Ops,"Hi Emily,

Reaching out because we work with Marketing Operations teams to cut down on manual research and repetitive follow-up work. Thought it might be relevant at Latticepoint Industries.

Open to connecting?

Best,
Alex",,,tmpl_10_soft_intro
eml_0418,thr_con_0277,act_0544,acc_025,Summitline Analytics,con_0277,outbound,outbound_send,2026-08-09,priya.nair@lumenops.example,mia.muller.0277@summitline-analytics.example,Introduction - Priya from Lumen Ops,"Hi Mia,

Reaching out because we work with IT teams to cut down on manual research and repetitive follow-up work. Thought it might be relevant at Summitline Analytics.

Open to connecting?

Best,
Priya",,,tmpl_10_soft_intro
eml_0419,thr_con_0288,act_0545,acc_027,Vantagefield Collective,con_0288,outbound,outbound_send,2026-08-09,samira.lee@lumenops.example,thomas.vermeulen.0288@vantagefield-collective.example,The manual work behind Digital Transformation at growing companies,"Hi Thomas,

Most Digital Transformation teams at companies Vantagefield Collective's size end up buried in manual research, data pulls, and follow-up that could be automated. Wondering if that resonates.

Best,
Samira",,,tmpl_09_problem_first
eml_0420,thr_con_0298,act_0546,acc_027,Vantagefield Collective,con_0298,outbound,outbound_send,2026-08-09,samira.lee@lumenops.example,thomas.janssens.0298@vantagefield-collective.example,The manual work behind Digital Transformation at growing companies,"Hi Thomas,

Most Digital Transformation teams at companies Vantagefield Collective's size end up buried in manual research, data pulls, and follow-up that could be automated. Wondering if that resonates.

Best,
Samira",,,tmpl_09_problem_first
eml_0421,thr_con_0335,act_0547,acc_031,Cedarpoint Works,con_0335,outbound,outbound_send,2026-08-09,alex.morgan@lumenops.example,julien.simon.0335@cedarpoint-works.example,Quick question about Cedarpoint Works's Product workflows,"Hi Julien,

I noticed Cedarpoint Works has been growing its Product team, and most teams that size end up spending a lot of hours a week on manual research and follow-up work that doesn't need a human doing it by hand.

Worth a quick chat to see if that's true for your team too?

Best,
Alex",,,tmpl_01_quick_question
eml_0422,thr_con_0346,act_0548,acc_032,Harborstone Networks,con_0346,outbound,outbound_send,2026-08-09,samira.lee@lumenops.example,elias.neumann.0346@harborstone-networks.example,Introduction - Samira from Lumen Ops,"Hi Elias,

Reaching out because we work with Digital Transformation teams to cut down on manual research and repetitive follow-up work. Thought it might be relevant at Harborstone Networks.

Open to connecting?

Best,
Samira",,,tmpl_10_soft_intro
eml_0423,thr_con_0408,act_0549,acc_037,Redwoodline Digital,con_0408,outbound,outbound_send,2026-08-09,thomas.chen@lumenops.example,noah.wilson.0408@redwoodline-digital.example,The manual work behind Security at growing companies,"Hi Noah,

Most Security teams at companies Redwoodline Digital's size end up buried in manual research, data pulls, and follow-up that could be automated. Wondering if that resonates.

Best,
Thomas",,,tmpl_09_problem_first
eml_0424,thr_con_0532,act_0552,acc_048,Graniteway Networks,con_0532,inbound,inbound_reply,2026-08-09,marco.rossi.0532@graniteway-networks.example,thomas.chen@lumenops.example,Re: Graniteway Networks,"Thanks for the note. Can you share a bit more detail on how this would actually work for a team like ours? Not sure it's a priority right now but curious.

Best,
Marco",,,reply_neutral
eml_0425,thr_con_0562,act_0555,acc_051,Meadowcrest Cloud,con_0562,outbound,outbound_send,2026-08-09,priya.nair@lumenops.example,iida.heinonen.0562@meadowcrest-cloud.example,Scaling Engineering at Meadowcrest Cloud without scaling headcount,"Hi Iida,

As Meadowcrest Cloud grows, the manual side of Engineering work usually grows with it. We help teams keep that from becoming a bottleneck.

Open to a quick call?

Best,
Priya",,,tmpl_08_growth_angle
eml_0426,thr_con_0625,act_0556,acc_057,Silvergrove Analytics,con_0625,outbound,outbound_send,2026-08-09,oliver.bennett@lumenops.example,agnes.kristensen.0625@silvergrove-analytics.example,Travel teams and manual research overhead,"Hi Agnes,

Working with a few other Travel companies right now on reducing the manual research and busywork that piles up around RevOps. Thought it might be relevant to Silvergrove Analytics too.

Would you be open to comparing notes?

Best,
Oliver",,,tmpl_03_industry_based
eml_0427,thr_con_0811,act_0558,acc_073,Westmere Analytics,con_0811,outbound,outbound_send,2026-08-09,thomas.chen@lumenops.example,ella.eriksen.0811@westmere-analytics.example,"15 minutes, Ella?","Hi Ella,

Would it be worth 15 minutes to see if we can save your Digital Transformation team some manual work? Happy to work around your schedule.

Best,
Thomas",,,tmpl_06_short_direct
eml_0428,thr_con_0824,act_0559,acc_074,Yarrow Labs,con_0824,outbound,outbound_send,2026-08-09,priya.nair@lumenops.example,theodore.jones.0824@yarrow-labs.example,How other Logistics teams handle this,"Hi Theodore,

A few Logistics companies we work with were spending hours a week manually pulling together research before big decisions. We helped automate most of it.

Curious if that's a pain point at Yarrow Labs as well?

Best,
Priya",,,tmpl_05_peer_reference
eml_0429,thr_con_0862,act_0560,acc_078,Deltaforge Services,con_0862,outbound,outbound_send,2026-08-09,samira.lee@lumenops.example,matteo.bruno.0862@deltaforge-services.example,Introduction - Samira from Lumen Ops,"Hi Matteo,

Reaching out because we work with IT teams to cut down on manual research and repetitive follow-up work. Thought it might be relevant at Deltaforge Services.

Open to connecting?

Best,
Samira",,,tmpl_10_soft_intro
eml_0430,thr_con_0864,act_0561,acc_078,Deltaforge Services,con_0864,outbound,outbound_send,2026-08-09,priya.nair@lumenops.example,beatrice.giordano.0864@deltaforge-services.example,Following up - Deltaforge Services,"Hi Beatrice,

Following up on my note last week, in case it got buried. Still happy to share a quick example if useful.

Best,
Priya",,,follow_up_bump
eml_0431,thr_con_0986,act_0564,acc_089,Riverstone Analytics,con_0986,outbound,outbound_send,2026-08-09,samira.lee@lumenops.example,oliver.martinez.0986@riverstone-analytics.example,Scaling Product at Riverstone Analytics without scaling headcount,"Hi Oliver,

As Riverstone Analytics grows, the manual side of Product work usually grows with it. We help teams keep that from becoming a bottleneck.

Open to a quick call?

Best,
Samira",,,tmpl_08_growth_angle
eml_0432,thr_con_0018,act_0565,acc_001,Northstar Ledger,con_0018,outbound,outbound_send,2026-08-10,oliver.bennett@lumenops.example,nina.michel.0018@northstar-ledger.example,Cutting manual work at Northstar Ledger,"Hi Nina,

Most Engineering teams lose several hours a week to manual research, data-gathering, and repetitive follow-ups. We built a way to automate a good chunk of that.

Happy to show you a 10-minute example if useful.

Best,
Oliver",,,tmpl_04_value_prop_direct
eml_0433,thr_con_0025,act_0566,acc_001,Northstar Ledger,con_0025,outbound,outbound_send,2026-08-10,thomas.chen@lumenops.example,manon.robert.0025@northstar-ledger.example,Financial technology teams and manual research overhead,"Hi Manon,

Working with a few other Financial technology companies right now on reducing the manual research and busywork that piles up around Risk. Thought it might be relevant to Northstar Ledger too.

Would you be open to comparing notes?

Best,
Thomas",,,tmpl_03_industry_based
eml_0434,thr_con_009,act_0567,acc_005,Brightforge Manufacturing,con_009,outbound,outbound_send,2026-08-10,oliver.bennett@lumenops.example,claire.morel@brightforge.example,Brightforge announces digital plant program,"Hi Claire,

Saw that Brightforge is consolidating operational data across several plants as part of a digital transformation program. Making research and internal knowledge easier to use across a distributed transformation program.

Worth a quick conversation?

Best,
Oliver",deal_035,sig_007,signal_grounded
eml_0435,thr_con_0094,act_0568,acc_009,Asterline Analytics,con_0094,outbound,meeting_confirmation,2026-08-10,priya.nair@lumenops.example,amelie.david.0094@asterline-analytics.example,Confirmed: quick call this week,"Hi Amélie,

Great, sending over a calendar invite now, looking forward to it.

Best,
Priya",deal_036,,meeting_confirmation
eml_0436,thr_con_0095,act_0569,acc_009,Asterline Analytics,con_0095,outbound,outbound_send,2026-08-10,priya.nair@lumenops.example,maxime.leroy.0095@asterline-analytics.example,How other Financial technology teams handle this,"Hi Maxime,

A few Financial technology companies we work with were spending hours a week manually pulling together research before big decisions. We helped automate most of it.

Curious if that's a pain point at Asterline Analytics as well?

Best,
Priya",,,tmpl_05_peer_reference
eml_0437,thr_con_0218,act_0570,acc_020,Orbitwell Systems,con_0218,outbound,outbound_send,2026-08-10,oliver.bennett@lumenops.example,oscar.hansen.0218@orbitwell-systems.example,How does Orbitwell Systems handle repetitive IT research today?,"Hi Oscar,

Curious how Orbitwell Systems currently handles the more repetitive parts of IT research and follow-up. Most teams we talk to are doing a lot of it manually.

Worth comparing notes?

Best,
Oliver",,,tmpl_07_question_led
eml_0438,thr_con_0237,act_0571,acc_022,Quartzline Platforms,con_0237,outbound,outbound_send,2026-08-10,oliver.bennett@lumenops.example,ava.thompson.0237@quartzline-platforms.example,For VP Technologys at Quartzline Platforms,"Hi Ava,

As VP Technology at Quartzline Platforms, you're probably dealing with a lot of repetitive cross-functional requests. We help teams like yours cut that down significantly.

Open to a 15-minute call this week?

Best,
Oliver",,,tmpl_02_role_based
eml_0439,thr_con_0272,act_0572,acc_025,Summitline Analytics,con_0272,outbound,outbound_send,2026-08-10,priya.nair@lumenops.example,mia.schroder.0272@summitline-analytics.example,Cutting manual work at Summitline Analytics,"Hi Mia,

Most Procurement teams lose several hours a week to manual research, data-gathering, and repetitive follow-ups. We built a way to automate a good chunk of that.

Happy to show you a 10-minute example if useful.

Best,
Priya",,,tmpl_04_value_prop_direct
eml_0440,thr_con_0324,act_0573,acc_030,Brightpath Services,con_0324,outbound,outbound_send,2026-08-10,alex.morgan@lumenops.example,henry.williams.0324@brightpath-services.example,Quick question about Brightpath Services's IT workflows,"Hi Henry,

I noticed Brightpath Services has been growing its IT team, and most teams that size end up spending a lot of hours a week on manual research and follow-up work that doesn't need a human doing it by hand.

Worth a quick chat to see if that's true for your team too?

Best,
Alex",deal_053,,tmpl_01_quick_question
eml_0441,thr_con_0335,act_0575,acc_031,Cedarpoint Works,con_0335,outbound,outbound_send,2026-08-10,alex.morgan@lumenops.example,julien.simon.0335@cedarpoint-works.example,Following up - Cedarpoint Works,"Hi Julien,

Following up on my note last week, in case it got buried. Still happy to share a quick example if useful.

Best,
Alex",,,follow_up_bump
eml_0442,thr_con_0339,act_0576,acc_031,Cedarpoint Works,con_0339,inbound,inbound_reply,2026-08-10,clara.dubois.0339@cedarpoint-works.example,thomas.chen@lumenops.example,Re: Cedarpoint Works,"Thanks for the note. Can you share a bit more detail on how this would actually work for a team like ours? Not sure it's a priority right now but curious.

Best,
Clara",,,reply_neutral
eml_0443,thr_con_0345,act_0577,acc_032,Harborstone Networks,con_0345,outbound,meeting_confirmation,2026-08-10,samira.lee@lumenops.example,marie.fischer.0345@harborstone-networks.example,Confirmed: quick call this week,"Hi Marie,

Great, sending over a calendar invite now, looking forward to it.

Best,
Samira",deal_042,,meeting_confirmation
eml_0444,thr_con_0393,act_0578,acc_036,Oakridge Systems,con_0393,outbound,outbound_send,2026-08-10,oliver.bennett@lumenops.example,emma.dahl.0393@oakridge-systems.example,How other Financial technology teams handle this,"Hi Emma,

A few Financial technology companies we work with were spending hours a week manually pulling together research before big decisions. We helped automate most of it.

Curious if that's a pain point at Oakridge Systems as well?

Best,
Oliver",,,tmpl_05_peer_reference
eml_0445,thr_con_0414,act_0579,acc_038,Skyward Platforms,con_0414,outbound,outbound_send,2026-08-10,oliver.bennett@lumenops.example,arthur.bertrand.0414@skyward-platforms.example,Following up - Skyward Platforms,"Hi Arthur,

Following up on my note last week, in case it got buried. Still happy to share a quick example if useful.

Best,
Oliver",,,follow_up_bump
eml_0446,thr_con_0483,act_0580,acc_044,Copperleaf Commerce,con_0483,outbound,outbound_send,2026-08-10,samira.lee@lumenops.example,ethan.wilson.0483@copperleaf-commerce.example,E-commerce teams and manual research overhead,"Hi Ethan,

Working with a few other E-commerce companies right now on reducing the manual research and busywork that piles up around Marketing Operations. Thought it might be relevant to Copperleaf Commerce too.

Would you be open to comparing notes?

Best,
Samira",,,tmpl_03_industry_based
eml_0447,thr_con_0529,act_0581,acc_048,Graniteway Networks,con_0529,outbound,outbound_send,2026-08-10,thomas.chen@lumenops.example,leonardo.russo.0529@graniteway-networks.example,Cutting manual work at Graniteway Networks,"Hi Leonardo,

Most Operations teams lose several hours a week to manual research, data-gathering, and repetitive follow-ups. We built a way to automate a good chunk of that.

Happy to show you a 10-minute example if useful.

Best,
Thomas",,,tmpl_04_value_prop_direct
eml_0448,thr_con_0551,act_0584,acc_050,Latticepoint Energy,con_0551,outbound,outbound_send,2026-08-10,alex.morgan@lumenops.example,martim.goncalves.0551@latticepoint-energy.example,Quick question about Latticepoint Energy's IT workflows,"Hi Martim,

I noticed Latticepoint Energy has been growing its IT team, and most teams that size end up spending a lot of hours a week on manual research and follow-up work that doesn't need a human doing it by hand.

Worth a quick chat to see if that's true for your team too?

Best,
Alex",,,tmpl_01_quick_question
eml_0449,thr_con_0570,act_0585,acc_052,Northstar Systems,con_0570,outbound,outbound_send,2026-08-10,priya.nair@lumenops.example,amelia.williams.0570@northstar-systems.example,Following up - Northstar Systems,"Hi Amelia,

Following up on my note last week, in case it got buried. Still happy to share a quick example if useful.

Best,
Priya",,,follow_up_bump
eml_0450,thr_con_0573,act_0586,acc_052,Northstar Systems,con_0573,outbound,outbound_send,2026-08-10,priya.nair@lumenops.example,liam.johnson.0573@northstar-systems.example,Cutting manual work at Northstar Systems,"Hi Liam,

Most Operations teams lose several hours a week to manual research, data-gathering, and repetitive follow-ups. We built a way to automate a good chunk of that.

Happy to show you a 10-minute example if useful.

Best,
Priya",,,tmpl_04_value_prop_direct
eml_0451,thr_con_0599,act_0587,acc_054,Pinebridge Platforms,con_0599,outbound,outbound_send,2026-08-10,thomas.chen@lumenops.example,olivia.brown.0599@pinebridge-platforms.example,Following up - Pinebridge Platforms,"Hi Olivia,

Following up on my note last week, in case it got buried. Still happy to share a quick example if useful.

Best,
Thomas",,,follow_up_bump
eml_0452,thr_con_0714,act_0588,acc_065,Harborstone Industries,con_0714,outbound,outbound_send,2026-08-10,samira.lee@lumenops.example,lukas.berger.0714@harborstone-industries.example,Quick question about Harborstone Industries's Marketing Operations workflows,"Hi Lukas,

I noticed Harborstone Industries has been growing its Marketing Operations team, and most teams that size end up spending a lot of hours a week on manual research and follow-up work that doesn't need a human doing it by hand.

Worth a quick chat to see if that's true for your team too?

Best,
Samira",,,tmpl_01_quick_question
eml_0453,thr_con_0735,act_0589,acc_067,Mapleworks Cloud,con_0735,inbound,inbound_reply,2026-08-10,isabella.rodriguez.0735@mapleworks-cloud.example,samira.lee@lumenops.example,Re: Mapleworks Cloud,"Thanks for the note. Can you share a bit more detail on how this would actually work for a team like ours? Not sure it's a priority right now but curious.

Best,
Isabella",deal_017,,reply_neutral
eml_0454,thr_con_0736,act_0590,acc_067,Mapleworks Cloud,con_0736,inbound,inbound_reply,2026-08-10,oliver.johnson.0736@mapleworks-cloud.example,samira.lee@lumenops.example,Re: Mapleworks Cloud,"Thanks for the note. Can you share a bit more detail on how this would actually work for a team like ours? Not sure it's a priority right now but curious.

Best,
Oliver",,,reply_neutral
eml_0455,thr_con_0830,act_0591,acc_075,Asterline Collective,con_0830,outbound,outbound_send,2026-08-10,oliver.bennett@lumenops.example,mathieu.thomas.0830@asterline-collective.example,Manufacturing teams and manual research overhead,"Hi Mathieu,

Working with a few other Manufacturing companies right now on reducing the manual research and busywork that piles up around IT. Thought it might be relevant to Asterline Collective too.

Would you be open to comparing notes?

Best,
Oliver",,,tmpl_03_industry_based
eml_0456,thr_con_0874,act_0592,acc_079,Emberfield Works,con_0874,outbound,outbound_send,2026-08-10,thomas.chen@lumenops.example,oscar.larsson.0874@emberfield-works.example,For Director of ITs at Emberfield Works,"Hi Oscar,

As Director of IT at Emberfield Works, you're probably dealing with a lot of repetitive cross-functional requests. We help teams like yours cut that down significantly.

Open to a 15-minute call this week?

Best,
Thomas",,,tmpl_02_role_based
eml_0457,thr_con_0998,act_0593,acc_090,Silvergrove Labs,con_0998,outbound,outbound_send,2026-08-10,priya.nair@lumenops.example,ines.lefebvre.0998@silvergrove-labs.example,How other Cybersecurity teams handle this,"Hi Inès,

A few Cybersecurity companies we work with were spending hours a week manually pulling together research before big decisions. We helped automate most of it.

Curious if that's a pain point at Silvergrove Labs as well?

Best,
Priya",,,tmpl_05_peer_reference
eml_0458,thr_con_0069,act_0594,acc_006,Meadowbridge Health,con_0069,outbound,outbound_send,2026-08-11,thomas.chen@lumenops.example,eva.mulder.0069@meadowbridge.example,Cutting manual work at Meadowbridge Health,"Hi Eva,

Most IT teams lose several hours a week to manual research, data-gathering, and repetitive follow-ups. We built a way to automate a good chunk of that.

Happy to show you a 10-minute example if useful.

Best,
Thomas",,,tmpl_04_value_prop_direct
eml_0459,thr_con_0209,act_0595,acc_019,Northstar Cloud,con_0209,outbound,outbound_send,2026-08-11,alex.morgan@lumenops.example,eva.dekker.0209@northstar-cloud.example,Healthcare teams and manual research overhead,"Hi Eva,

Working with a few other Healthcare companies right now on reducing the manual research and busywork that piles up around Operations. Thought it might be relevant to Northstar Cloud too.

Would you be open to comparing notes?

Best,
Alex",,,tmpl_03_industry_based
eml_0460,thr_con_0257,act_0596,acc_024,Silvergrove Advisory,con_0257,outbound,outbound_send,2026-08-11,priya.nair@lumenops.example,oliver.edwards.0257@silvergrove-advisory.example,The manual work behind Digital Transformation at growing companies,"Hi Oliver,

Most Digital Transformation teams at companies Silvergrove Advisory's size end up buried in manual research, data pulls, and follow-up that could be automated. Wondering if that resonates.

Best,
Priya",deal_007,,tmpl_09_problem_first
eml_0461,thr_con_0258,act_0597,acc_024,Silvergrove Advisory,con_0258,outbound,outbound_send,2026-08-11,priya.nair@lumenops.example,oscar.johnson.0258@silvergrove-advisory.example,Cutting manual work at Silvergrove Advisory,"Hi Oscar,

Most IT teams lose several hours a week to manual research, data-gathering, and repetitive follow-ups. We built a way to automate a good chunk of that.

Happy to show you a 10-minute example if useful.

Best,
Priya",,,tmpl_04_value_prop_direct
eml_0462,thr_con_0295,act_0598,acc_027,Vantagefield Collective,con_0295,outbound,outbound_send,2026-08-11,oliver.bennett@lumenops.example,arthur.maes.0295@vantagefield-collective.example,The manual work behind Marketing Operations at growing companies,"Hi Arthur,

Most Marketing Operations teams at companies Vantagefield Collective's size end up buried in manual research, data pulls, and follow-up that could be automated. Wondering if that resonates.

Best,
Oliver",,,tmpl_09_problem_first
eml_0463,thr_con_0423,act_0599,acc_039,Solstice Health,con_0423,outbound,outbound_send,2026-08-11,samira.lee@lumenops.example,henry.hughes.0423@solstice-health.example,For Director of ITs at Solstice Health,"Hi Henry,

As Director of IT at Solstice Health, you're probably dealing with a lot of repetitive cross-functional requests. We help teams like yours cut that down significantly.

Open to a 15-minute call this week?

Best,
Samira",,,tmpl_02_role_based
eml_0464,thr_con_0446,act_0600,acc_041,Yarrow Analytics,con_0446,inbound,inbound_reply,2026-08-11,alice.esposito.0446@yarrow-analytics.example,alex.morgan@lumenops.example,Re: Yarrow Analytics,"Thanks for reaching out, this is actually well-timed, we've been discussing this internally. Happy to grab 20 minutes, does later this week work?

Best,
Alice",deal_024,,reply_positive
eml_0465,thr_con_0463,act_0601,acc_042,Asterline Labs,con_0463,outbound,outbound_send,2026-08-11,oliver.bennett@lumenops.example,noah.persson.0463@asterline-labs.example,Following up - Asterline Labs,"Hi Noah,

Following up on my note last week, in case it got buried. Still happy to share a quick example if useful.

Best,
Oliver",,,follow_up_bump
eml_0466,thr_con_0481,act_0602,acc_044,Copperleaf Commerce,con_0481,outbound,outbound_send,2026-08-11,alex.morgan@lumenops.example,theo.brown.0481@copperleaf-commerce.example,Quick question about Copperleaf Commerce's E-commerce workflows,"Hi Theo,

I noticed Copperleaf Commerce has been growing its E-commerce team, and most teams that size end up spending a lot of hours a week on manual research and follow-up work that doesn't need a human doing it by hand.

Worth a quick chat to see if that's true for your team too?

Best,
Alex",,,tmpl_01_quick_question
eml_0467,thr_con_0500,act_0603,acc_045,Deltaforge Mobility,con_0500,outbound,outbound_send,2026-08-11,samira.lee@lumenops.example,maya.chong.0500@deltaforge-mobility.example,Healthcare teams and manual research overhead,"Hi Maya,

Working with a few other Healthcare companies right now on reducing the manual research and busywork that piles up around IT. Thought it might be relevant to Deltaforge Mobility too.

Would you be open to comparing notes?

Best,
Samira",,,tmpl_03_industry_based
eml_0468,thr_con_0582,act_0604,acc_053,Orbitwell Digital,con_0582,outbound,outbound_send,2026-08-11,priya.nair@lumenops.example,baptiste.martin.0582@orbitwell-digital.example,Scaling Operations at Orbitwell Digital without scaling headcount,"Hi Baptiste,

As Orbitwell Digital grows, the manual side of Operations work usually grows with it. We help teams keep that from becoming a bottleneck.

Open to a quick call?

Best,
Priya",,,tmpl_08_growth_angle
eml_0469,thr_con_0715,act_0605,acc_065,Harborstone Industries,con_0715,outbound,outbound_send,2026-08-11,samira.lee@lumenops.example,tobias.gruber.0715@harborstone-industries.example,"15 minutes, Tobias?","Hi Tobias,

Would it be worth 15 minutes to see if we can save your Customer Success team some manual work? Happy to work around your schedule.

Best,
Samira",,,tmpl_06_short_direct
eml_0470,thr_con_0777,act_0606,acc_070,Redwoodline Platforms,con_0777,outbound,outbound_send,2026-08-11,oliver.bennett@lumenops.example,lucas.martinez.0777@redwoodline-platforms.example,For VP Growths at Redwoodline Platforms,"Hi Lucas,

As VP Growth at Redwoodline Platforms, you're probably dealing with a lot of repetitive cross-functional requests. We help teams like yours cut that down significantly.

Open to a 15-minute call this week?

Best,
Oliver",,,tmpl_02_role_based
eml_0471,thr_con_0785,act_0607,acc_071,Skyward Health,con_0785,outbound,outbound_send,2026-08-11,priya.nair@lumenops.example,sem.de-boer.0785@skyward-health.example,How other Healthcare teams handle this,"Hi Sem,

A few Healthcare companies we work with were spending hours a week manually pulling together research before big decisions. We helped automate most of it.

Curious if that's a pain point at Skyward Health as well?

Best,
Priya",,,tmpl_05_peer_reference
eml_0472,thr_con_0853,act_0608,acc_077,Copperleaf Mobility,con_0853,outbound,outbound_send,2026-08-11,alex.morgan@lumenops.example,clara.hernandez.0853@copperleaf-mobility.example,"15 minutes, Clara?","Hi Clara,

Would it be worth 15 minutes to see if we can save your Engineering team some manual work? Happy to work around your schedule.

Best,
Alex",,,tmpl_06_short_direct
eml_0473,thr_con_0900,act_0609,acc_081,Graniteway Industries,con_0900,outbound,outbound_send,2026-08-11,thomas.chen@lumenops.example,oliver.campbell.0900@graniteway-industries.example,Following up - Graniteway Industries,"Hi Oliver,

Following up on my note last week, in case it got buried. Still happy to share a quick example if useful.

Best,
Thomas",,,follow_up_bump
eml_0474,thr_con_0904,act_0610,acc_082,Juniperlane Energy,con_0904,outbound,outbound_send,2026-08-11,thomas.chen@lumenops.example,daniel.wong.0904@juniperlane-energy.example,Introduction - Thomas from Lumen Ops,"Hi Daniel,

Reaching out because we work with Marketing Operations teams to cut down on manual research and repetitive follow-up work. Thought it might be relevant at Juniperlane Energy.

Open to connecting?

Best,
Thomas",,,tmpl_10_soft_intro
eml_0475,thr_con_0908,act_0611,acc_082,Juniperlane Energy,con_0908,inbound,inbound_reply,2026-08-11,sophia.loh.0908@juniperlane-energy.example,priya.nair@lumenops.example,Re: Juniperlane Energy,"Thanks for the note. Can you share a bit more detail on how this would actually work for a team like ours? Not sure it's a priority right now but curious.

Best,
Sophia",,,reply_neutral
eml_0476,thr_con_0972,act_0613,acc_088,Quartzline Advisory,con_0972,outbound,outbound_send,2026-08-11,thomas.chen@lumenops.example,iida.laine.0972@quartzline-advisory.example,Scaling IT at Quartzline Advisory without scaling headcount,"Hi Iida,

As Quartzline Advisory grows, the manual side of IT work usually grows with it. We help teams keep that from becoming a bottleneck.

Open to a quick call?

Best,
Thomas",deal_026,,tmpl_08_growth_angle
eml_0477,thr_con_0076,act_0614,acc_007,Atelier Nova,con_0076,outbound,outbound_send,2026-08-12,alex.morgan@lumenops.example,gabriele.ricci.0076@atelier-nova.example,Design services teams and manual research overhead,"Hi Gabriele,

Working with a few other Design services companies right now on reducing the manual research and busywork that piles up around Business Development. Thought it might be relevant to Atelier Nova too.

Would you be open to comparing notes?

Best,
Alex",,,tmpl_03_industry_based
eml_0478,thr_con_010,act_0616,acc_005,Brightforge Manufacturing,con_010,outbound,outbound_send,2026-08-12,oliver.bennett@lumenops.example,hugo.bernard@brightforge.example,Introduction - Oliver from Lumen Ops,"Hi Hugo,

Reaching out because we work with Security teams to cut down on manual research and repetitive follow-up work. Thought it might be relevant at Brightforge Manufacturing.

Open to connecting?

Best,
Oliver",,,tmpl_10_soft_intro
eml_0479,thr_con_0138,act_0617,acc_013,Emberfield Mobility,con_0138,outbound,outbound_send,2026-08-12,samira.lee@lumenops.example,sofia.pereira.0138@emberfield-mobility.example,The manual work behind Engineering at growing companies,"Hi Sofia,

Most Engineering teams at companies Emberfield Mobility's size end up buried in manual research, data pulls, and follow-up that could be automated. Wondering if that resonates.

Best,
Samira",,,tmpl_09_problem_first
eml_0480,thr_con_0239,act_0618,acc_022,Quartzline Platforms,con_0239,outbound,outbound_send,2026-08-12,thomas.chen@lumenops.example,amelia.clark.0239@quartzline-platforms.example,Following up - Quartzline Platforms,"Hi Amelia,

Following up on my note last week, in case it got buried. Still happy to share a quick example if useful.

Best,
Thomas",,,follow_up_bump
eml_0481,thr_con_0385,act_0620,acc_035,Noviant Cloud,con_0385,outbound,outbound_send,2026-08-12,oliver.bennett@lumenops.example,grace.kennedy.0385@noviant-cloud.example,How does Noviant Cloud handle repetitive IT research today?,"Hi Grace,

Curious how Noviant Cloud currently handles the more repetitive parts of IT research and follow-up. Most teams we talk to are doing a lot of it manually.

Worth comparing notes?

Best,
Oliver",,,tmpl_07_question_led
eml_0482,thr_con_0472,act_0622,acc_043,Bluehaven Collective,con_0472,inbound,inbound_reply,2026-08-12,mateusz.kaminski.0472@bluehaven-collective.example,thomas.chen@lumenops.example,Re: Bluehaven Collective,"Thanks for the note. Can you share a bit more detail on how this would actually work for a team like ours? Not sure it's a priority right now but curious.

Best,
Mateusz",,,reply_neutral
eml_0483,thr_con_0537,act_0623,acc_049,Juniperlane Industries,con_0537,outbound,outbound_send,2026-08-12,alex.morgan@lumenops.example,charlotte.wouters.0537@juniperlane-industries.example,Manufacturing teams and manual research overhead,"Hi Charlotte,

Working with a few other Manufacturing companies right now on reducing the manual research and busywork that piles up around Security. Thought it might be relevant to Juniperlane Industries too.

Would you be open to comparing notes?

Best,
Alex",,,tmpl_03_industry_based
eml_0484,thr_con_0689,act_0624,acc_063,Brightpath Works,con_0689,outbound,outbound_send,2026-08-12,thomas.chen@lumenops.example,lorenzo.ferrari.0689@brightpath-works.example,How other Cybersecurity teams handle this,"Hi Lorenzo,

A few Cybersecurity companies we work with were spending hours a week manually pulling together research before big decisions. We helped automate most of it.

Curious if that's a pain point at Brightpath Works as well?

Best,
Thomas",deal_048,,tmpl_05_peer_reference
eml_0485,thr_con_0695,act_0625,acc_063,Brightpath Works,con_0695,outbound,outbound_send,2026-08-12,priya.nair@lumenops.example,davide.rossi.0695@brightpath-works.example,Introduction - Priya from Lumen Ops,"Hi Davide,

Reaching out because we work with Security teams to cut down on manual research and repetitive follow-up work. Thought it might be relevant at Brightpath Works.

Open to connecting?

Best,
Priya",,,tmpl_10_soft_intro
eml_0486,thr_con_0713,act_0626,acc_064,Cedarpoint Networks,con_0713,outbound,outbound_send,2026-08-12,priya.nair@lumenops.example,lucas.leclercq.0713@cedarpoint-networks.example,How does Cedarpoint Networks handle repetitive Product research today?,"Hi Lucas,

Curious how Cedarpoint Networks currently handles the more repetitive parts of Product research and follow-up. Most teams we talk to are doing a lot of it manually.

Worth comparing notes?

Best,
Priya",,,tmpl_07_question_led
eml_0487,thr_con_0859,act_0627,acc_078,Deltaforge Services,con_0859,outbound,outbound_send,2026-08-12,thomas.chen@lumenops.example,beatrice.gallo.0859@deltaforge-services.example,For Chief Digital Officers at Deltaforge Services,"Hi Beatrice,

As Chief Digital Officer at Deltaforge Services, you're probably dealing with a lot of repetitive cross-functional requests. We help teams like yours cut that down significantly.

Open to a 15-minute call this week?

Best,
Thomas",deal_021,,tmpl_02_role_based
eml_0488,thr_con_0901,act_0628,acc_081,Graniteway Industries,con_0901,outbound,outbound_send,2026-08-12,samira.lee@lumenops.example,theo.roy.0901@graniteway-industries.example,The manual work behind General Management at growing companies,"Hi Theo,

Most General Management teams at companies Graniteway Industries's size end up buried in manual research, data pulls, and follow-up that could be automated. Wondering if that resonates.

Best,
Samira",,,tmpl_09_problem_first
eml_0489,thr_con_0971,act_0631,acc_088,Quartzline Advisory,con_0971,outbound,outbound_send,2026-08-12,oliver.bennett@lumenops.example,sofia.heinonen.0971@quartzline-advisory.example,Introduction - Oliver from Lumen Ops,"Hi Sofia,

Reaching out because we work with Finance teams to cut down on manual research and repetitive follow-up work. Thought it might be relevant at Quartzline Advisory.

Open to connecting?

Best,
Oliver",,,tmpl_10_soft_intro
eml_0490,thr_con_0984,act_0633,acc_089,Riverstone Analytics,con_0984,inbound,inbound_reply,2026-08-12,henry.brown.0984@riverstone-analytics.example,priya.nair@lumenops.example,Re: Riverstone Analytics,"Thanks for the note. Can you share a bit more detail on how this would actually work for a team like ours? Not sure it's a priority right now but curious.

Best,
Henry",,,reply_neutral
eml_0491,thr_con_0995,act_0635,acc_090,Silvergrove Labs,con_0995,outbound,outbound_send,2026-08-12,oliver.bennett@lumenops.example,mathieu.michel.0995@silvergrove-labs.example,Following up - Silvergrove Labs,"Hi Mathieu,

Following up on my note last week, in case it got buried. Still happy to share a quick example if useful.

Best,
Oliver",,,follow_up_bump
eml_0492,thr_con_0048,act_0637,acc_004,Cedar & Finch Advisory,con_0048,outbound,outbound_send,2026-08-13,priya.nair@lumenops.example,louis.mertens.0048@cedar-finch.example,How other Professional services teams handle this,"Hi Louis,

A few Professional services companies we work with were spending hours a week manually pulling together research before big decisions. We helped automate most of it.

Curious if that's a pain point at Cedar & Finch Advisory as well?

Best,
Priya",,,tmpl_05_peer_reference
eml_0493,thr_con_005,act_0638,acc_003,Morrow Mobility,con_005,outbound,outbound_send,2026-08-13,oliver.bennett@lumenops.example,sofia.keller@morrow-mobility.example,Following up - Morrow Mobility,"Hi Sofia,

Following up on my note last week, in case it got buried. Still happy to share a quick example if useful.

Best,
Oliver",,,follow_up_bump
eml_0494,thr_con_0066,act_0640,acc_006,Meadowbridge Health,con_0066,outbound,outbound_send,2026-08-13,alex.morgan@lumenops.example,julia.de-groot.0066@meadowbridge.example,The manual work behind IT at growing companies,"Hi Julia,

Most IT teams at companies Meadowbridge Health's size end up buried in manual research, data pulls, and follow-up that could be automated. Wondering if that resonates.

Best,
Alex",,,tmpl_09_problem_first
eml_0495,thr_con_0067,act_0641,acc_006,Meadowbridge Health,con_0067,outbound,outbound_send,2026-08-13,priya.nair@lumenops.example,daan.bakker.0067@meadowbridge.example,Healthcare teams and manual research overhead,"Hi Daan,

Working with a few other Healthcare companies right now on reducing the manual research and busywork that piles up around Innovation. Thought it might be relevant to Meadowbridge Health too.

Would you be open to comparing notes?

Best,
Priya",,,tmpl_03_industry_based
eml_0496,thr_con_0078,act_0642,acc_007,Atelier Nova,con_0078,outbound,outbound_send,2026-08-13,priya.nair@lumenops.example,matteo.de-luca.0078@atelier-nova.example,Quick question about Atelier Nova's General Management workflows,"Hi Matteo,

I noticed Atelier Nova has been growing its General Management team, and most teams that size end up spending a lot of hours a week on manual research and follow-up work that doesn't need a human doing it by hand.

Worth a quick chat to see if that's true for your team too?

Best,
Priya",,,tmpl_01_quick_question
eml_0497,thr_con_0160,act_0646,acc_015,Graniteway Works,con_0160,outbound,outbound_send,2026-08-13,alex.morgan@lumenops.example,evelyn.wilson.0160@graniteway-works.example,Data infrastructure teams and manual research overhead,"Hi Evelyn,

Working with a few other Data infrastructure companies right now on reducing the manual research and busywork that piles up around Engineering. Thought it might be relevant to Graniteway Works too.

Would you be open to comparing notes?

Best,
Alex",,,tmpl_03_industry_based
eml_0498,thr_con_0177,act_0647,acc_016,Juniperlane Networks,con_0177,outbound,outbound_send,2026-08-13,thomas.chen@lumenops.example,baptiste.michel.0177@juniperlane-networks.example,Scaling Data at Juniperlane Networks without scaling headcount,"Hi Baptiste,

As Juniperlane Networks grows, the manual side of Data work usually grows with it. We help teams keep that from becoming a bottleneck.

Open to a quick call?

Best,
Thomas",,,tmpl_08_growth_angle
eml_0499,thr_con_0449,act_0652,acc_041,Yarrow Analytics,con_0449,outbound,outbound_send,2026-08-13,alex.morgan@lumenops.example,valentina.ferrari.0449@yarrow-analytics.example,How does Yarrow Analytics handle repetitive Data research today?,"Hi Valentina,

Curious how Yarrow Analytics currently handles the more repetitive parts of Data research and follow-up. Most teams we talk to are doing a lot of it manually.

Worth comparing notes?

Best,
Alex",,,tmpl_07_question_led
eml_0500,thr_con_0468,act_0653,acc_043,Bluehaven Collective,con_0468,outbound,outbound_send,2026-08-13,alex.morgan@lumenops.example,hanna.mazur.0468@bluehaven-collective.example,Quick question about Bluehaven Collective's Growth workflows,"Hi Hanna,

I noticed Bluehaven Collective has been growing its Growth team, and most teams that size end up spending a lot of hours a week on manual research and follow-up work that doesn't need a human doing it by hand.

Worth a quick chat to see if that's true for your team too?

Best,
Alex",,,tmpl_01_quick_question
eml_0501,thr_con_0502,act_0654,acc_046,Emberfield Services,con_0502,outbound,outbound_send,2026-08-13,alex.morgan@lumenops.example,louis.dubois.0502@emberfield-services.example,How does Emberfield Services handle repetitive Innovation research today?,"Hi Louis,

Curious how Emberfield Services currently handles the more repetitive parts of Innovation research and follow-up. Most teams we talk to are doing a lot of it manually.

Worth comparing notes?

Best,
Alex",deal_045,,tmpl_07_question_led
eml_0502,thr_con_0534,act_0656,acc_049,Juniperlane Industries,con_0534,inbound,inbound_reply,2026-08-13,jules.de-smet.0534@juniperlane-industries.example,priya.nair@lumenops.example,Re: Juniperlane Industries,"Thanks for the note. Can you share a bit more detail on how this would actually work for a team like ours? Not sure it's a priority right now but curious.

Best,
Jules",,,reply_neutral
eml_0503,thr_con_0614,act_0657,acc_056,Riverstone Advisory,con_0614,outbound,outbound_send,2026-08-13,alex.morgan@lumenops.example,nora.smit.0614@riverstone-advisory.example,Introduction - Alex from Lumen Ops,"Hi Nora,

Reaching out because we work with Marketing Operations teams to cut down on manual research and repetitive follow-up work. Thought it might be relevant at Riverstone Advisory.

Open to connecting?

Best,
Alex",,,tmpl_10_soft_intro
eml_0504,thr_con_0678,act_0658,acc_062,Wintermere Services,con_0678,outbound,outbound_send,2026-08-13,samira.lee@lumenops.example,paul.neumann.0678@wintermere-services.example,Financial technology teams and manual research overhead,"Hi Paul,

Working with a few other Financial technology companies right now on reducing the manual research and busywork that piles up around Engineering. Thought it might be relevant to Wintermere Services too.

Would you be open to comparing notes?

Best,
Samira",deal_015,,tmpl_03_industry_based
eml_0505,thr_con_0685,act_0659,acc_062,Wintermere Services,con_0685,outbound,outbound_send,2026-08-13,oliver.bennett@lumenops.example,emma.becker.0685@wintermere-services.example,How does Wintermere Services handle repetitive Risk research today?,"Hi Emma,

Curious how Wintermere Services currently handles the more repetitive parts of Risk research and follow-up. Most teams we talk to are doing a lot of it manually.

Worth comparing notes?

Best,
Oliver",,,tmpl_07_question_led
eml_0506,thr_con_0706,act_0660,acc_064,Cedarpoint Networks,con_0706,outbound,outbound_send,2026-08-13,oliver.bennett@lumenops.example,noah.mertens.0706@cedarpoint-networks.example,How does Cedarpoint Networks handle repetitive Security research today?,"Hi Noah,

Curious how Cedarpoint Networks currently handles the more repetitive parts of Security research and follow-up. Most teams we talk to are doing a lot of it manually.

Worth comparing notes?

Best,
Oliver",,,tmpl_07_question_led
eml_0507,thr_con_0723,act_0661,acc_065,Harborstone Industries,con_0723,outbound,outbound_send,2026-08-13,samira.lee@lumenops.example,lena.pichler.0723@harborstone-industries.example,"15 minutes, Lena?","Hi Lena,

Would it be worth 15 minutes to see if we can save your Product team some manual work? Happy to work around your schedule.

Best,
Samira",,,tmpl_06_short_direct
eml_0508,thr_con_0765,act_0662,acc_069,Oakridge Digital,con_0765,outbound,outbound_send,2026-08-13,thomas.chen@lumenops.example,marie.wagner.0765@oakridge-digital.example,Scaling IT at Oakridge Digital without scaling headcount,"Hi Marie,

As Oakridge Digital grows, the manual side of IT work usually grows with it. We help teams keep that from becoming a bottleneck.

Open to a quick call?

Best,
Thomas",,,tmpl_08_growth_angle
eml_0509,thr_con_0776,act_0663,acc_070,Redwoodline Platforms,con_0776,outbound,outbound_send,2026-08-13,thomas.chen@lumenops.example,nuria.hernandez.0776@redwoodline-platforms.example,Quick question about Redwoodline Platforms's Operations workflows,"Hi Nuria,

I noticed Redwoodline Platforms has been growing its Operations team, and most teams that size end up spending a lot of hours a week on manual research and follow-up work that doesn't need a human doing it by hand.

Worth a quick chat to see if that's true for your team too?

Best,
Thomas",,,tmpl_01_quick_question
eml_0510,thr_con_0846,act_0664,acc_077,Copperleaf Mobility,con_0846,outbound,outbound_send,2026-08-13,priya.nair@lumenops.example,daniel.fernandez.0846@copperleaf-mobility.example,Scaling Procurement at Copperleaf Mobility without scaling headcount,"Hi Daniel,

As Copperleaf Mobility grows, the manual side of Procurement work usually grows with it. We help teams keep that from becoming a bottleneck.

Open to a quick call?

Best,
Priya",,,tmpl_08_growth_angle
eml_0511,thr_con_0881,act_0666,acc_080,Fableworks Networks,con_0881,outbound,outbound_send,2026-08-13,oliver.bennett@lumenops.example,alicja.kowalski.0881@fableworks-networks.example,How does Fableworks Networks handle repetitive Operations research today?,"Hi Alicja,

Curious how Fableworks Networks currently handles the more repetitive parts of Operations research and follow-up. Most teams we talk to are doing a lot of it manually.

Worth comparing notes?

Best,
Oliver",deal_025,,tmpl_07_question_led
eml_0512,thr_con_0931,act_0667,acc_084,Meadowcrest Systems,con_0931,outbound,outbound_send,2026-08-13,alex.morgan@lumenops.example,jonas.meyer.0931@meadowcrest-systems.example,How other Agriculture teams handle this,"Hi Jonas,

A few Agriculture companies we work with were spending hours a week manually pulling together research before big decisions. We helped automate most of it.

Curious if that's a pain point at Meadowcrest Systems as well?

Best,
Alex",,,tmpl_05_peer_reference
eml_0513,thr_con_004,act_0670,acc_002,Harborline Systems,con_004,outbound,outbound_send,2026-08-14,oliver.bennett@lumenops.example,theo.meyer@harborline-systems.example,Harborline publishes guide to security operations,"Hi Theo,

Saw that the demand generation team published a guide on scaling security operations without adding manual reporting work. Using existing research and content signals to create more relevant account follow-up.

Worth a quick conversation?

Best,
Oliver",,sig_004,signal_grounded
eml_0514,thr_con_0043,act_0671,acc_003,Morrow Mobility,con_0043,outbound,outbound_send,2026-08-14,alex.morgan@lumenops.example,max.richter.0043@morrow-mobility.example,Following up - Morrow Mobility,"Hi Max,

Following up on my note last week, in case it got buried. Still happy to share a quick example if useful.

Best,
Alex",,,follow_up_bump
eml_0515,thr_con_009,act_0673,acc_005,Brightforge Manufacturing,con_009,inbound,inbound_reply,2026-08-14,claire.morel@brightforge.example,oliver.bennett@lumenops.example,Re: Brightforge Manufacturing,"Thanks for reaching out, this is actually well-timed, we've been discussing this internally. Happy to grab 20 minutes, does later this week work?

Best,
Claire",deal_035,,reply_positive
eml_0516,thr_con_0090,act_0674,acc_009,Asterline Analytics,con_0090,outbound,outbound_send,2026-08-14,alex.morgan@lumenops.example,maxime.thomas.0090@asterline-analytics.example,"15 minutes, Maxime?","Hi Maxime,

Would it be worth 15 minutes to see if we can save your Risk team some manual work? Happy to work around your schedule.

Best,
Alex",,,tmpl_06_short_direct
eml_0517,thr_con_0105,act_0677,acc_010,Bluehaven Labs,con_0105,outbound,outbound_send,2026-08-14,priya.nair@lumenops.example,sophie.fischer.0105@bluehaven-labs.example,Following up - Bluehaven Labs,"Hi Sophie,

Following up on my note last week, in case it got buried. Still happy to share a quick example if useful.

Best,
Priya",,,follow_up_bump
eml_0518,thr_con_0200,act_0678,acc_018,Meadowcrest Energy,con_0200,outbound,outbound_send,2026-08-14,samira.lee@lumenops.example,paula.garcia.0200@meadowcrest-energy.example,Introduction - Samira from Lumen Ops,"Hi Paula,

Reaching out because we work with Marketing Operations teams to cut down on manual research and repetitive follow-up work. Thought it might be relevant at Meadowcrest Energy.

Open to connecting?

Best,
Samira",,,tmpl_10_soft_intro
eml_0519,thr_con_0228,act_0679,acc_021,Pinebridge Digital,con_0228,outbound,outbound_send,2026-08-14,thomas.chen@lumenops.example,laura.roth.0228@pinebridge-digital.example,Logistics teams and manual research overhead,"Hi Laura,

Working with a few other Logistics companies right now on reducing the manual research and busywork that piles up around Digital Transformation. Thought it might be relevant to Pinebridge Digital too.

Would you be open to comparing notes?

Best,
Thomas",,,tmpl_03_industry_based
eml_0520,thr_con_0245,act_0680,acc_022,Quartzline Platforms,con_0245,outbound,outbound_send,2026-08-14,samira.lee@lumenops.example,william.miller.0245@quartzline-platforms.example,How does Quartzline Platforms handle repetitive Digital Transformation research today?,"Hi William,

Curious how Quartzline Platforms currently handles the more repetitive parts of Digital Transformation research and follow-up. Most teams we talk to are doing a lot of it manually.

Worth comparing notes?

Best,
Samira",,,tmpl_07_question_led
eml_0521,thr_con_0312,act_0681,acc_029,Wintermere Mobility,con_0312,outbound,outbound_send,2026-08-14,priya.nair@lumenops.example,jakub.vesely.0312@wintermere-mobility.example,Introduction - Priya from Lumen Ops,"Hi Jakub,

Reaching out because we work with IT teams to cut down on manual research and repetitive follow-up work. Thought it might be relevant at Wintermere Mobility.

Open to connecting?

Best,
Priya",deal_041,,tmpl_10_soft_intro
eml_0522,thr_con_0326,act_0682,acc_030,Brightpath Services,con_0326,outbound,outbound_send,2026-08-14,alex.morgan@lumenops.example,oliver.rodriguez.0326@brightpath-services.example,How does Brightpath Services handle repetitive Consulting research today?,"Hi Oliver,

Curious how Brightpath Services currently handles the more repetitive parts of Consulting research and follow-up. Most teams we talk to are doing a lot of it manually.

Worth comparing notes?

Best,
Alex",,,tmpl_07_question_led
eml_0523,thr_con_0351,act_0685,acc_032,Harborstone Networks,con_0351,outbound,outbound_send,2026-08-14,priya.nair@lumenops.example,elias.schmidt.0351@harborstone-networks.example,Quick question about Harborstone Networks's Digital Transformation workflows,"Hi Elias,

I noticed Harborstone Networks has been growing its Digital Transformation team, and most teams that size end up spending a lot of hours a week on manual research and follow-up work that doesn't need a human doing it by hand.

Worth a quick chat to see if that's true for your team too?

Best,
Priya",,,tmpl_01_quick_question
eml_0524,thr_con_0446,act_0687,acc_041,Yarrow Analytics,con_0446,outbound,meeting_confirmation,2026-08-14,alex.morgan@lumenops.example,alice.esposito.0446@yarrow-analytics.example,Confirmed: quick call this week,"Hi Alice,

Great, sending over a calendar invite now, looking forward to it.

Best,
Alex",deal_024,,meeting_confirmation
eml_0525,thr_con_0447,act_0688,acc_041,Yarrow Analytics,con_0447,outbound,outbound_send,2026-08-14,alex.morgan@lumenops.example,francesco.giordano.0447@yarrow-analytics.example,How other Data infrastructure teams handle this,"Hi Francesco,

A few Data infrastructure companies we work with were spending hours a week manually pulling together research before big decisions. We helped automate most of it.

Curious if that's a pain point at Yarrow Analytics as well?

Best,
Alex",,,tmpl_05_peer_reference
eml_0526,thr_con_0503,act_0689,acc_046,Emberfield Services,con_0503,outbound,outbound_send,2026-08-14,priya.nair@lumenops.example,gabriel.david.0503@emberfield-services.example,How other Healthcare teams handle this,"Hi Gabriel,

A few Healthcare companies we work with were spending hours a week manually pulling together research before big decisions. We helped automate most of it.

Curious if that's a pain point at Emberfield Services as well?

Best,
Priya",,,tmpl_05_peer_reference
eml_0527,thr_con_0584,act_0692,acc_053,Orbitwell Digital,con_0584,outbound,outbound_send,2026-08-14,thomas.chen@lumenops.example,hugo.durand.0584@orbitwell-digital.example,Following up - Orbitwell Digital,"Hi Hugo,

Following up on my note last week, in case it got buried. Still happy to share a quick example if useful.

Best,
Thomas",,,follow_up_bump
eml_0528,thr_con_0733,act_0695,acc_066,Ironvale Energy,con_0733,outbound,outbound_send,2026-08-14,oliver.bennett@lumenops.example,adam.sedlacek.0733@ironvale-energy.example,How other Software teams handle this,"Hi Adam,

A few Software companies we work with were spending hours a week manually pulling together research before big decisions. We helped automate most of it.

Curious if that's a pain point at Ironvale Energy as well?

Best,
Oliver",,,tmpl_05_peer_reference
eml_0529,thr_con_0872,act_0697,acc_079,Emberfield Works,con_0872,outbound,outbound_send,2026-08-14,oliver.bennett@lumenops.example,astrid.lindstrom.0872@emberfield-works.example,"15 minutes, Astrid?","Hi Astrid,

Would it be worth 15 minutes to see if we can save your Operations team some manual work? Happy to work around your schedule.

Best,
Oliver",,,tmpl_06_short_direct
eml_0530,thr_con_0968,act_0698,acc_087,Pinebridge Health,con_0968,outbound,outbound_send,2026-08-14,alex.morgan@lumenops.example,carolina.goncalves.0968@pinebridge-health.example,Quick question about Pinebridge Health's IT workflows,"Hi Carolina,

I noticed Pinebridge Health has been growing its IT team, and most teams that size end up spending a lot of hours a week on manual research and follow-up work that doesn't need a human doing it by hand.

Worth a quick chat to see if that's true for your team too?

Best,
Alex",,,tmpl_01_quick_question
eml_0531,thr_con_0017,act_0699,acc_001,Northstar Ledger,con_0017,outbound,outbound_send,2026-08-15,alex.morgan@lumenops.example,camille.bernard.0017@northstar-ledger.example,For Chief Information Officers at Northstar Ledger,"Hi Camille,

As Chief Information Officer at Northstar Ledger, you're probably dealing with a lot of repetitive cross-functional requests. We help teams like yours cut that down significantly.

Open to a 15-minute call this week?

Best,
Alex",,,tmpl_02_role_based
eml_0532,thr_con_0039,act_0700,acc_003,Morrow Mobility,con_0039,outbound,outbound_send,2026-08-15,samira.lee@lumenops.example,hannah.muller.0039@morrow-mobility.example,Introduction - Samira from Lumen Ops,"Hi Hannah,

Reaching out because we work with Operations teams to cut down on manual research and repetitive follow-up work. Thought it might be relevant at Morrow Mobility.

Open to connecting?

Best,
Samira",,,tmpl_10_soft_intro
eml_0533,thr_con_0041,act_0701,acc_003,Morrow Mobility,con_0041,outbound,outbound_send,2026-08-15,alex.morgan@lumenops.example,anna.wagner.0041@morrow-mobility.example,The manual work behind IT at growing companies,"Hi Anna,

Most IT teams at companies Morrow Mobility's size end up buried in manual research, data pulls, and follow-up that could be automated. Wondering if that resonates.

Best,
Alex",,,tmpl_09_problem_first
eml_0534,thr_con_0157,act_0703,acc_015,Graniteway Works,con_0157,outbound,outbound_send,2026-08-15,thomas.chen@lumenops.example,isabella.anderson.0157@graniteway-works.example,Introduction - Thomas from Lumen Ops,"Hi Isabella,

Reaching out because we work with Engineering teams to cut down on manual research and repetitive follow-up work. Thought it might be relevant at Graniteway Works.

Open to connecting?

Best,
Thomas",,,tmpl_10_soft_intro
eml_0535,thr_con_0236,act_0704,acc_022,Quartzline Platforms,con_0236,outbound,outbound_send,2026-08-15,thomas.chen@lumenops.example,jack.smith.0236@quartzline-platforms.example,Quick question about Quartzline Platforms's Operations workflows,"Hi Jack,

I noticed Quartzline Platforms has been growing its Operations team, and most teams that size end up spending a lot of hours a week on manual research and follow-up work that doesn't need a human doing it by hand.

Worth a quick chat to see if that's true for your team too?

Best,
Thomas",,,tmpl_01_quick_question
eml_0536,thr_con_0247,act_0705,acc_023,Riverstone Health,con_0247,outbound,outbound_send,2026-08-15,oliver.bennett@lumenops.example,theodore.williams.0247@riverstone-health.example,Quick question about Riverstone Health's Operations workflows,"Hi Theodore,

I noticed Riverstone Health has been growing its Operations team, and most teams that size end up spending a lot of hours a week on manual research and follow-up work that doesn't need a human doing it by hand.

Worth a quick chat to see if that's true for your team too?

Best,
Oliver",,,tmpl_01_quick_question
eml_0537,thr_con_0255,act_0706,acc_023,Riverstone Health,con_0255,outbound,outbound_send,2026-08-15,alex.morgan@lumenops.example,olivia.johnson.0255@riverstone-health.example,How does Riverstone Health handle repetitive IT research today?,"Hi Olivia,

Curious how Riverstone Health currently handles the more repetitive parts of IT research and follow-up. Most teams we talk to are doing a lot of it manually.

Worth comparing notes?

Best,
Alex",,,tmpl_07_question_led
eml_0538,thr_con_0300,act_0707,acc_028,Willowgate Commerce,con_0300,outbound,outbound_send,2026-08-15,thomas.chen@lumenops.example,lena.leitner.0300@willowgate-commerce.example,"15 minutes, Lena?","Hi Lena,

Would it be worth 15 minutes to see if we can save your Marketing Operations team some manual work? Happy to work around your schedule.

Best,
Thomas",,,tmpl_06_short_direct
eml_0539,thr_con_0406,act_0708,acc_037,Redwoodline Digital,con_0406,outbound,outbound_send,2026-08-15,thomas.chen@lumenops.example,william.davis.0406@redwoodline-digital.example,Cutting manual work at Redwoodline Digital,"Hi William,

Most Marketing teams lose several hours a week to manual research, data-gathering, and repetitive follow-ups. We built a way to automate a good chunk of that.

Happy to show you a 10-minute example if useful.

Best,
Thomas",,,tmpl_04_value_prop_direct
eml_0540,thr_con_0512,act_0710,acc_046,Emberfield Services,con_0512,outbound,outbound_send,2026-08-15,thomas.chen@lumenops.example,louis.lefebvre.0512@emberfield-services.example,Quick question about Emberfield Services's Operations workflows,"Hi Louis,

I noticed Emberfield Services has been growing its Operations team, and most teams that size end up spending a lot of hours a week on manual research and follow-up work that doesn't need a human doing it by hand.

Worth a quick chat to see if that's true for your team too?

Best,
Thomas",,,tmpl_01_quick_question
eml_0541,thr_con_0518,act_0711,acc_047,Fableworks Works,con_0518,outbound,outbound_send,2026-08-15,samira.lee@lumenops.example,paul.bauer.0518@fableworks-works.example,Scaling Digital Transformation at Fableworks Works without scaling headcount,"Hi Paul,

As Fableworks Works grows, the manual side of Digital Transformation work usually grows with it. We help teams keep that from becoming a bottleneck.

Open to a quick call?

Best,
Samira",,,tmpl_08_growth_angle
eml_0542,thr_con_0580,act_0712,acc_053,Orbitwell Digital,con_0580,outbound,outbound_send,2026-08-15,thomas.chen@lumenops.example,mathieu.david.0580@orbitwell-digital.example,How other Education teams handle this,"Hi Mathieu,

A few Education companies we work with were spending hours a week manually pulling together research before big decisions. We helped automate most of it.

Curious if that's a pain point at Orbitwell Digital as well?

Best,
Thomas",,,tmpl_05_peer_reference
eml_0543,thr_con_0590,act_0713,acc_053,Orbitwell Digital,con_0590,outbound,outbound_send,2026-08-15,oliver.bennett@lumenops.example,mathieu.richard.0590@orbitwell-digital.example,How other Education teams handle this,"Hi Mathieu,

A few Education companies we work with were spending hours a week manually pulling together research before big decisions. We helped automate most of it.

Curious if that's a pain point at Orbitwell Digital as well?

Best,
Oliver",,,tmpl_05_peer_reference
eml_0544,thr_con_0592,act_0714,acc_054,Pinebridge Platforms,con_0592,outbound,outbound_send,2026-08-15,samira.lee@lumenops.example,sophie.wright.0592@pinebridge-platforms.example,The manual work behind IT at growing companies,"Hi Sophie,

Most IT teams at companies Pinebridge Platforms's size end up buried in manual research, data pulls, and follow-up that could be automated. Wondering if that resonates.

Best,
Samira",,,tmpl_09_problem_first
eml_0545,thr_con_0609,act_0715,acc_055,Quartzline Health,con_0609,outbound,outbound_send,2026-08-15,samira.lee@lumenops.example,alvaro.garcia.0609@quartzline-health.example,For Director of Business Developments at Quartzline Health,"Hi Álvaro,

As Director of Business Development at Quartzline Health, you're probably dealing with a lot of repetitive cross-functional requests. We help teams like yours cut that down significantly.

Open to a 15-minute call this week?

Best,
Samira",,,tmpl_02_role_based
eml_0546,thr_con_0617,act_0716,acc_056,Riverstone Advisory,con_0617,outbound,outbound_send,2026-08-15,priya.nair@lumenops.example,lucas.visser.0617@riverstone-advisory.example,How other Professional services teams handle this,"Hi Lucas,

A few Professional services companies we work with were spending hours a week manually pulling together research before big decisions. We helped automate most of it.

Curious if that's a pain point at Riverstone Advisory as well?

Best,
Priya",,,tmpl_05_peer_reference
eml_0547,thr_con_0640,act_0717,acc_058,Summitline Labs,con_0640,outbound,outbound_send,2026-08-15,thomas.chen@lumenops.example,nico.brunner.0640@summitline-labs.example,The manual work behind Engineering at growing companies,"Hi Nico,

Most Engineering teams at companies Summitline Labs's size end up buried in manual research, data pulls, and follow-up that could be automated. Wondering if that resonates.

Best,
Thomas",deal_047,,tmpl_09_problem_first
eml_0548,thr_con_0731,act_0719,acc_066,Ironvale Energy,con_0731,outbound,outbound_send,2026-08-15,thomas.chen@lumenops.example,tereza.hajek.0731@ironvale-energy.example,Cutting manual work at Ironvale Energy,"Hi Tereza,

Most Engineering teams lose several hours a week to manual research, data-gathering, and repetitive follow-ups. We built a way to automate a good chunk of that.

Happy to show you a 10-minute example if useful.

Best,
Thomas",,,tmpl_04_value_prop_direct
eml_0549,thr_con_0766,act_0720,acc_069,Oakridge Digital,con_0766,outbound,outbound_send,2026-08-15,alex.morgan@lumenops.example,elias.braun.0766@oakridge-digital.example,How other E-commerce teams handle this,"Hi Elias,

A few E-commerce companies we work with were spending hours a week manually pulling together research before big decisions. We helped automate most of it.

Curious if that's a pain point at Oakridge Digital as well?

Best,
Alex",,,tmpl_05_peer_reference
eml_0550,thr_con_0865,act_0722,acc_078,Deltaforge Services,con_0865,outbound,outbound_send,2026-08-15,thomas.chen@lumenops.example,gabriele.greco.0865@deltaforge-services.example,Energy teams and manual research overhead,"Hi Gabriele,

Working with a few other Energy companies right now on reducing the manual research and busywork that piles up around Digital Transformation. Thought it might be relevant to Deltaforge Services too.

Would you be open to comparing notes?

Best,
Thomas",,,tmpl_03_industry_based
eml_0551,thr_con_0962,act_0724,acc_087,Pinebridge Health,con_0962,outbound,outbound_send,2026-08-15,priya.nair@lumenops.example,goncalo.lopes.0962@pinebridge-health.example,Introduction - Priya from Lumen Ops,"Hi Gonçalo,

Reaching out because we work with IT teams to cut down on manual research and repetitive follow-up work. Thought it might be relevant at Pinebridge Health.

Open to connecting?

Best,
Priya",,,tmpl_10_soft_intro
eml_0552,thr_con_0972,act_0725,acc_088,Quartzline Advisory,con_0972,inbound,inbound_reply,2026-08-15,iida.laine.0972@quartzline-advisory.example,thomas.chen@lumenops.example,Re: Quartzline Advisory,"Thanks for reaching out, this is actually well-timed, we've been discussing this internally. Happy to grab 20 minutes, does later this week work?

Best,
Iida",deal_026,,reply_positive
eml_0553,thr_con_0986,act_0726,acc_089,Riverstone Analytics,con_0986,inbound,inbound_reply,2026-08-15,oliver.martinez.0986@riverstone-analytics.example,samira.lee@lumenops.example,Re: Riverstone Analytics,"Thanks for the note. Can you share a bit more detail on how this would actually work for a team like ours? Not sure it's a priority right now but curious.

Best,
Oliver",,,reply_neutral
eml_0554,thr_con_0051,act_0727,acc_004,Cedar & Finch Advisory,con_0051,outbound,outbound_send,2026-08-16,alex.morgan@lumenops.example,liam.jacobs.0051@cedar-finch.example,Quick question about Cedar & Finch Advisory's Marketing Operations workflows,"Hi Liam,

I noticed Cedar & Finch Advisory has been growing its Marketing Operations team, and most teams that size end up spending a lot of hours a week on manual research and follow-up work that doesn't need a human doing it by hand.

Worth a quick chat to see if that's true for your team too?

Best,
Alex",,,tmpl_01_quick_question
eml_0555,thr_con_0070,act_0728,acc_006,Meadowbridge Health,con_0070,outbound,outbound_send,2026-08-16,priya.nair@lumenops.example,milan.van-dijk.0070@meadowbridge.example,The manual work behind Digital Transformation at growing companies,"Hi Milan,

Most Digital Transformation teams at companies Meadowbridge Health's size end up buried in manual research, data pulls, and follow-up that could be automated. Wondering if that resonates.

Best,
Priya",,,tmpl_09_problem_first
eml_0556,thr_con_0073,act_0729,acc_007,Atelier Nova,con_0073,outbound,outbound_send,2026-08-16,priya.nair@lumenops.example,matteo.marino.0073@atelier-nova.example,The manual work behind Marketing Operations at growing companies,"Hi Matteo,

Most Marketing Operations teams at companies Atelier Nova's size end up buried in manual research, data pulls, and follow-up that could be automated. Wondering if that resonates.

Best,
Priya",,,tmpl_09_problem_first
eml_0557,thr_con_0079,act_0730,acc_007,Atelier Nova,con_0079,outbound,outbound_send,2026-08-16,thomas.chen@lumenops.example,alessandro.colombo.0079@atelier-nova.example,"15 minutes, Alessandro?","Hi Alessandro,

Would it be worth 15 minutes to see if we can save your Operations team some manual work? Happy to work around your schedule.

Best,
Thomas",,,tmpl_06_short_direct
eml_0558,thr_con_0167,act_0732,acc_015,Graniteway Works,con_0167,outbound,outbound_send,2026-08-16,oliver.bennett@lumenops.example,isabella.jones.0167@graniteway-works.example,Quick question about Graniteway Works's Engineering workflows,"Hi Isabella,

I noticed Graniteway Works has been growing its Engineering team, and most teams that size end up spending a lot of hours a week on manual research and follow-up work that doesn't need a human doing it by hand.

Worth a quick chat to see if that's true for your team too?

Best,
Oliver",,,tmpl_01_quick_question
eml_0559,thr_con_0189,act_0734,acc_018,Meadowcrest Energy,con_0189,outbound,outbound_send,2026-08-16,thomas.chen@lumenops.example,alvaro.romero.0189@meadowcrest-energy.example,E-commerce teams and manual research overhead,"Hi Álvaro,

Working with a few other E-commerce companies right now on reducing the manual research and busywork that piles up around IT. Thought it might be relevant to Meadowcrest Energy too.

Would you be open to comparing notes?

Best,
Thomas",deal_038,,tmpl_03_industry_based
eml_0560,thr_con_0252,act_0735,acc_023,Riverstone Health,con_0252,outbound,outbound_send,2026-08-16,thomas.chen@lumenops.example,theodore.white.0252@riverstone-health.example,Quick question about Riverstone Health's Security workflows,"Hi Theodore,

I noticed Riverstone Health has been growing its Security team, and most teams that size end up spending a lot of hours a week on manual research and follow-up work that doesn't need a human doing it by hand.

Worth a quick chat to see if that's true for your team too?

Best,
Thomas",,,tmpl_01_quick_question
eml_0561,thr_con_0272,act_0738,acc_025,Summitline Analytics,con_0272,inbound,inbound_reply,2026-08-16,mia.schroder.0272@summitline-analytics.example,priya.nair@lumenops.example,Re: Summitline Analytics,"Thanks for the note. Can you share a bit more detail on how this would actually work for a team like ours? Not sure it's a priority right now but curious.

Best,
Mia",,,reply_neutral
eml_0562,thr_con_0291,act_0739,acc_027,Vantagefield Collective,con_0291,outbound,outbound_send,2026-08-16,oliver.bennett@lumenops.example,simon.de-vos.0291@vantagefield-collective.example,For Product Managers at Vantagefield Collective,"Hi Simon,

As Product Manager at Vantagefield Collective, you're probably dealing with a lot of repetitive cross-functional requests. We help teams like yours cut that down significantly.

Open to a 15-minute call this week?

Best,
Oliver",,,tmpl_02_role_based
eml_0563,thr_con_0390,act_0741,acc_036,Oakridge Systems,con_0390,outbound,outbound_send,2026-08-16,alex.morgan@lumenops.example,elias.hansen.0390@oakridge-systems.example,Scaling IT at Oakridge Systems without scaling headcount,"Hi Elias,

As Oakridge Systems grows, the manual side of IT work usually grows with it. We help teams keep that from becoming a bottleneck.

Open to a quick call?

Best,
Alex",deal_010,,tmpl_08_growth_angle
eml_0564,thr_con_0476,act_0742,acc_043,Bluehaven Collective,con_0476,outbound,outbound_send,2026-08-16,priya.nair@lumenops.example,wiktoria.grabowski.0476@bluehaven-collective.example,Following up - Bluehaven Collective,"Hi Wiktoria,

Following up on my note last week, in case it got buried. Still happy to share a quick example if useful.

Best,
Priya",,,follow_up_bump
eml_0565,thr_con_0480,act_0743,acc_044,Copperleaf Commerce,con_0480,outbound,outbound_send,2026-08-16,alex.morgan@lumenops.example,oliver.johnson.0480@copperleaf-commerce.example,Following up - Copperleaf Commerce,"Hi Oliver,

Following up on my note last week, in case it got buried. Still happy to share a quick example if useful.

Best,
Alex",,,follow_up_bump
eml_0566,thr_con_0539,act_0745,acc_049,Juniperlane Industries,con_0539,outbound,outbound_send,2026-08-16,priya.nair@lumenops.example,jules.dupont.0539@juniperlane-industries.example,How does Juniperlane Industries handle repetitive Digital Transformation research today?,"Hi Jules,

Curious how Juniperlane Industries currently handles the more repetitive parts of Digital Transformation research and follow-up. Most teams we talk to are doing a lot of it manually.

Worth comparing notes?

Best,
Priya",,,tmpl_07_question_led
eml_0567,thr_con_0680,act_0746,acc_062,Wintermere Services,con_0680,outbound,outbound_send,2026-08-16,samira.lee@lumenops.example,emma.schneider.0680@wintermere-services.example,How does Wintermere Services handle repetitive RevOps research today?,"Hi Emma,

Curious how Wintermere Services currently handles the more repetitive parts of RevOps research and follow-up. Most teams we talk to are doing a lot of it manually.

Worth comparing notes?

Best,
Samira",,,tmpl_07_question_led
eml_0568,thr_con_0689,act_0747,acc_063,Brightpath Works,con_0689,inbound,inbound_reply,2026-08-16,lorenzo.ferrari.0689@brightpath-works.example,thomas.chen@lumenops.example,Re: Brightpath Works,"Thanks for reaching out, this is actually well-timed, we've been discussing this internally. Happy to grab 20 minutes, does later this week work?

Best,
Lorenzo",deal_048,,reply_positive
eml_0569,thr_con_0812,act_0750,acc_073,Westmere Analytics,con_0812,outbound,outbound_send,2026-08-16,samira.lee@lumenops.example,emil.pedersen.0812@westmere-analytics.example,How other Logistics teams handle this,"Hi Emil,

A few Logistics companies we work with were spending hours a week manually pulling together research before big decisions. We helped automate most of it.

Curious if that's a pain point at Westmere Analytics as well?

Best,
Samira",,,tmpl_05_peer_reference
eml_0570,thr_con_0861,act_0752,acc_078,Deltaforge Services,con_0861,outbound,outbound_send,2026-08-16,thomas.chen@lumenops.example,aurora.rizzo.0861@deltaforge-services.example,Following up - Deltaforge Services,"Hi Aurora,

Following up on my note last week, in case it got buried. Still happy to share a quick example if useful.

Best,
Thomas",,,follow_up_bump
eml_0571,thr_con_0898,act_0754,acc_081,Graniteway Industries,con_0898,outbound,outbound_send,2026-08-16,oliver.bennett@lumenops.example,ethan.gagnon.0898@graniteway-industries.example,"15 minutes, Ethan?","Hi Ethan,

Would it be worth 15 minutes to see if we can save your Business Development team some manual work? Happy to work around your schedule.

Best,
Oliver",,,tmpl_06_short_direct
eml_0572,thr_con_0917,act_0756,acc_083,Latticepoint Cloud,con_0917,outbound,outbound_send,2026-08-16,thomas.chen@lumenops.example,louis.bernard.0917@latticepoint-cloud.example,Following up - Latticepoint Cloud,"Hi Louis,

Following up on my note last week, in case it got buried. Still happy to share a quick example if useful.

Best,
Thomas",,,follow_up_bump
eml_0573,thr_con_0967,act_0757,acc_087,Pinebridge Health,con_0967,outbound,outbound_send,2026-08-16,samira.lee@lumenops.example,goncalo.carvalho.0967@pinebridge-health.example,"15 minutes, Gonçalo?","Hi Gonçalo,

Would it be worth 15 minutes to see if we can save your Finance team some manual work? Happy to work around your schedule.

Best,
Samira",,,tmpl_06_short_direct
eml_0574,thr_con_0026,act_0758,acc_002,Harborline Systems,con_0026,outbound,outbound_send,2026-08-17,samira.lee@lumenops.example,maya.williams.0026@harborline-systems.example,Quick question about Harborline Systems's Engineering workflows,"Hi Maya,

I noticed Harborline Systems has been growing its Engineering team, and most teams that size end up spending a lot of hours a week on manual research and follow-up work that doesn't need a human doing it by hand.

Worth a quick chat to see if that's true for your team too?

Best,
Samira",,,tmpl_01_quick_question
eml_0575,thr_con_0061,act_0761,acc_005,Brightforge Manufacturing,con_0061,outbound,outbound_send,2026-08-17,samira.lee@lumenops.example,clara.dubois.0061@brightforge.example,Introduction - Samira from Lumen Ops,"Hi Clara,

Reaching out because we work with IT teams to cut down on manual research and repetitive follow-up work. Thought it might be relevant at Brightforge Manufacturing.

Open to connecting?

Best,
Samira",,,tmpl_10_soft_intro
eml_0576,thr_con_009,act_0764,acc_005,Brightforge Manufacturing,con_009,outbound,meeting_confirmation,2026-08-17,oliver.bennett@lumenops.example,claire.morel@brightforge.example,Confirmed: quick call this week,"Hi Claire,

Great, sending over a calendar invite now, looking forward to it.

Best,
Oliver",deal_035,,meeting_confirmation
eml_0577,thr_con_012,act_0765,acc_006,Meadowbridge Health,con_012,outbound,outbound_send,2026-08-17,thomas.chen@lumenops.example,ruben.visser@meadowbridge.example,Following up - Meadowbridge Health,"Hi Ruben,

Following up on my note last week, in case it got buried. Still happy to share a quick example if useful.

Best,
Thomas",,,follow_up_bump
eml_0578,thr_con_0140,act_0769,acc_013,Emberfield Mobility,con_0140,outbound,outbound_send,2026-08-17,alex.morgan@lumenops.example,carolina.sousa.0140@emberfield-mobility.example,The manual work behind IT at growing companies,"Hi Carolina,

Most IT teams at companies Emberfield Mobility's size end up buried in manual research, data pulls, and follow-up that could be automated. Wondering if that resonates.

Best,
Alex",,,tmpl_09_problem_first
eml_0579,thr_con_0151,act_0770,acc_014,Fableworks Services,con_0151,outbound,outbound_send,2026-08-17,oliver.bennett@lumenops.example,venla.koskela.0151@fableworks-services.example,Quick question about Fableworks Services's RevOps workflows,"Hi Venla,

I noticed Fableworks Services has been growing its RevOps team, and most teams that size end up spending a lot of hours a week on manual research and follow-up work that doesn't need a human doing it by hand.

Worth a quick chat to see if that's true for your team too?

Best,
Oliver",,,tmpl_01_quick_question
eml_0580,thr_con_0282,act_0771,acc_026,Terravale Labs,con_0282,outbound,outbound_send,2026-08-17,samira.lee@lumenops.example,francesco.colombo.0282@terravale-labs.example,How other Energy teams handle this,"Hi Francesco,

A few Energy companies we work with were spending hours a week manually pulling together research before big decisions. We helped automate most of it.

Curious if that's a pain point at Terravale Labs as well?

Best,
Samira",,,tmpl_05_peer_reference
eml_0581,thr_con_0396,act_0774,acc_036,Oakridge Systems,con_0396,outbound,outbound_send,2026-08-17,thomas.chen@lumenops.example,ida.solberg.0396@oakridge-systems.example,Financial technology teams and manual research overhead,"Hi Ida,

Working with a few other Financial technology companies right now on reducing the manual research and busywork that piles up around IT. Thought it might be relevant to Oakridge Systems too.

Would you be open to comparing notes?

Best,
Thomas",,,tmpl_03_industry_based
eml_0582,thr_con_0502,act_0777,acc_046,Emberfield Services,con_0502,inbound,inbound_reply,2026-08-17,louis.dubois.0502@emberfield-services.example,alex.morgan@lumenops.example,Re: Emberfield Services,"Thanks for reaching out, this is actually well-timed, we've been discussing this internally. Happy to grab 20 minutes, does later this week work?

Best,
Louis",deal_045,,reply_positive
eml_0583,thr_con_0728,act_0780,acc_066,Ironvale Energy,con_0728,outbound,outbound_send,2026-08-17,alex.morgan@lumenops.example,adam.kral.0728@ironvale-energy.example,How does Ironvale Energy handle repetitive RevOps research today?,"Hi Adam,

Curious how Ironvale Energy currently handles the more repetitive parts of RevOps research and follow-up. Most teams we talk to are doing a lot of it manually.

Worth comparing notes?

Best,
Alex",,,tmpl_07_question_led
eml_0584,thr_con_0831,act_0785,acc_075,Asterline Collective,con_0831,outbound,outbound_send,2026-08-17,samira.lee@lumenops.example,chloe.bertrand.0831@asterline-collective.example,How does Asterline Collective handle repetitive Operations research today?,"Hi Chloé,

Curious how Asterline Collective currently handles the more repetitive parts of Operations research and follow-up. Most teams we talk to are doing a lot of it manually.

Worth comparing notes?

Best,
Samira",,,tmpl_07_question_led
eml_0585,thr_con_0881,act_0786,acc_080,Fableworks Networks,con_0881,inbound,inbound_reply,2026-08-17,alicja.kowalski.0881@fableworks-networks.example,oliver.bennett@lumenops.example,Re: Fableworks Networks,"Thanks for reaching out, this is actually well-timed, we've been discussing this internally. Happy to grab 20 minutes, does later this week work?

Best,
Alicja",deal_025,,reply_positive
eml_0586,thr_con_0963,act_0787,acc_087,Pinebridge Health,con_0963,outbound,outbound_send,2026-08-17,samira.lee@lumenops.example,carolina.rodrigues.0963@pinebridge-health.example,Following up - Pinebridge Health,"Hi Carolina,

Following up on my note last week, in case it got buried. Still happy to share a quick example if useful.

Best,
Samira",,,follow_up_bump
eml_0587,thr_con_0033,act_0788,acc_002,Harborline Systems,con_0033,outbound,outbound_send,2026-08-18,thomas.chen@lumenops.example,isla.white.0033@harborline-systems.example,Quick question about Harborline Systems's Security workflows,"Hi Isla,

I noticed Harborline Systems has been growing its Security team, and most teams that size end up spending a lot of hours a week on manual research and follow-up work that doesn't need a human doing it by hand.

Worth a quick chat to see if that's true for your team too?

Best,
Thomas",,,tmpl_01_quick_question
eml_0588,thr_con_0034,act_0789,acc_002,Harborline Systems,con_0034,outbound,outbound_send,2026-08-18,priya.nair@lumenops.example,oliver.thomas.0034@harborline-systems.example,How does Harborline Systems handle repetitive Product research today?,"Hi Oliver,

Curious how Harborline Systems currently handles the more repetitive parts of Product research and follow-up. Most teams we talk to are doing a lot of it manually.

Worth comparing notes?

Best,
Priya",,,tmpl_07_question_led
eml_0589,thr_con_0052,act_0790,acc_005,Brightforge Manufacturing,con_0052,outbound,outbound_send,2026-08-18,samira.lee@lumenops.example,julien.richard.0052@brightforge.example,Scaling Security at Brightforge Manufacturing without scaling headcount,"Hi Julien,

As Brightforge Manufacturing grows, the manual side of Security work usually grows with it. We help teams keep that from becoming a bottleneck.

Open to a quick call?

Best,
Samira",,,tmpl_08_growth_angle
eml_0590,thr_con_0123,act_0792,acc_012,Deltaforge Commerce,con_0123,outbound,outbound_send,2026-08-18,oliver.bennett@lumenops.example,thomas.janssens.0123@deltaforge-commerce.example,The manual work behind Solutions Engineering at growing companies,"Hi Thomas,

Most Solutions Engineering teams at companies Deltaforge Commerce's size end up buried in manual research, data pulls, and follow-up that could be automated. Wondering if that resonates.

Best,
Oliver",,,tmpl_09_problem_first
eml_0591,thr_con_0186,act_0793,acc_017,Latticepoint Industries,con_0186,outbound,outbound_send,2026-08-18,priya.nair@lumenops.example,james.white.0186@latticepoint-industries.example,How does Latticepoint Industries handle repetitive Operations research today?,"Hi James,

Curious how Latticepoint Industries currently handles the more repetitive parts of Operations research and follow-up. Most teams we talk to are doing a lot of it manually.

Worth comparing notes?

Best,
Priya",,,tmpl_07_question_led
eml_0592,thr_con_0254,act_0796,acc_023,Riverstone Health,con_0254,outbound,outbound_send,2026-08-18,priya.nair@lumenops.example,william.walker.0254@riverstone-health.example,How does Riverstone Health handle repetitive Digital Transformation research today?,"Hi William,

Curious how Riverstone Health currently handles the more repetitive parts of Digital Transformation research and follow-up. Most teams we talk to are doing a lot of it manually.

Worth comparing notes?

Best,
Priya",,,tmpl_07_question_led
eml_0593,thr_con_0280,act_0797,acc_026,Terravale Labs,con_0280,outbound,outbound_send,2026-08-18,alex.morgan@lumenops.example,luca.rossi.0280@terravale-labs.example,The manual work behind Operations at growing companies,"Hi Luca,

Most Operations teams at companies Terravale Labs's size end up buried in manual research, data pulls, and follow-up that could be automated. Wondering if that resonates.

Best,
Alex",,,tmpl_09_problem_first
eml_0594,thr_con_0288,act_0798,acc_027,Vantagefield Collective,con_0288,outbound,outbound_send,2026-08-18,samira.lee@lumenops.example,thomas.vermeulen.0288@vantagefield-collective.example,Following up - Vantagefield Collective,"Hi Thomas,

Following up on my note last week, in case it got buried. Still happy to share a quick example if useful.

Best,
Samira",,,follow_up_bump
eml_0595,thr_con_0312,act_0801,acc_029,Wintermere Mobility,con_0312,inbound,inbound_reply,2026-08-18,jakub.vesely.0312@wintermere-mobility.example,priya.nair@lumenops.example,Re: Wintermere Mobility,"Thanks for reaching out, this is actually well-timed, we've been discussing this internally. Happy to grab 20 minutes, does later this week work?

Best,
Jakub",deal_041,,reply_positive
eml_0596,thr_con_0416,act_0803,acc_038,Skyward Platforms,con_0416,outbound,outbound_send,2026-08-18,oliver.bennett@lumenops.example,nina.dubois.0416@skyward-platforms.example,How does Skyward Platforms handle repetitive Solutions Engineering research today?,"Hi Nina,

Curious how Skyward Platforms currently handles the more repetitive parts of Solutions Engineering research and follow-up. Most teams we talk to are doing a lot of it manually.

Worth comparing notes?

Best,
Oliver",,,tmpl_07_question_led
eml_0597,thr_con_0431,act_0804,acc_039,Solstice Health,con_0431,outbound,outbound_send,2026-08-18,thomas.chen@lumenops.example,amelia.smith.0431@solstice-health.example,How other Software teams handle this,"Hi Amelia,

A few Software companies we work with were spending hours a week manually pulling together research before big decisions. We helped automate most of it.

Curious if that's a pain point at Solstice Health as well?

Best,
Thomas",,,tmpl_05_peer_reference
eml_0598,thr_con_0548,act_0808,acc_050,Latticepoint Energy,con_0548,outbound,outbound_send,2026-08-18,alex.morgan@lumenops.example,joana.gomes.0548@latticepoint-energy.example,Quick question about Latticepoint Energy's Security workflows,"Hi Joana,

I noticed Latticepoint Energy has been growing its Security team, and most teams that size end up spending a lot of hours a week on manual research and follow-up work that doesn't need a human doing it by hand.

Worth a quick chat to see if that's true for your team too?

Best,
Alex",,,tmpl_01_quick_question
eml_0599,thr_con_0552,act_0809,acc_050,Latticepoint Energy,con_0552,outbound,outbound_send,2026-08-18,oliver.bennett@lumenops.example,pedro.oliveira.0552@latticepoint-energy.example,Manufacturing teams and manual research overhead,"Hi Pedro,

Working with a few other Manufacturing companies right now on reducing the manual research and busywork that piles up around Operations. Thought it might be relevant to Latticepoint Energy too.

Would you be open to comparing notes?

Best,
Oliver",,,tmpl_03_industry_based
eml_0600,thr_con_0565,act_0810,acc_051,Meadowcrest Cloud,con_0565,outbound,outbound_send,2026-08-18,thomas.chen@lumenops.example,oliver.salminen.0565@meadowcrest-cloud.example,For Head of Innovations at Meadowcrest Cloud,"Hi Oliver,

As Head of Innovation at Meadowcrest Cloud, you're probably dealing with a lot of repetitive cross-functional requests. We help teams like yours cut that down significantly.

Open to a 15-minute call this week?

Best,
Thomas",,,tmpl_02_role_based
eml_0601,thr_con_0625,act_0811,acc_057,Silvergrove Analytics,con_0625,outbound,outbound_send,2026-08-18,oliver.bennett@lumenops.example,agnes.kristensen.0625@silvergrove-analytics.example,Following up - Silvergrove Analytics,"Hi Agnes,

Following up on my note last week, in case it got buried. Still happy to share a quick example if useful.

Best,
Oliver",,,follow_up_bump
eml_0602,thr_con_0693,act_0813,acc_063,Brightpath Works,con_0693,outbound,outbound_send,2026-08-18,thomas.chen@lumenops.example,francesca.mancini.0693@brightpath-works.example,"15 minutes, Francesca?","Hi Francesca,

Would it be worth 15 minutes to see if we can save your Security team some manual work? Happy to work around your schedule.

Best,
Thomas",,,tmpl_06_short_direct
eml_0603,thr_con_0779,act_0817,acc_071,Skyward Health,con_0779,outbound,outbound_send,2026-08-18,alex.morgan@lumenops.example,lotte.de-groot.0779@skyward-health.example,How does Skyward Health handle repetitive Innovation research today?,"Hi Lotte,

Curious how Skyward Health currently handles the more repetitive parts of Innovation research and follow-up. Most teams we talk to are doing a lot of it manually.

Worth comparing notes?

Best,
Alex",deal_018,,tmpl_07_question_led
eml_0604,thr_con_0781,act_0818,acc_071,Skyward Health,con_0781,outbound,outbound_send,2026-08-18,alex.morgan@lumenops.example,sophie.dekker.0781@skyward-health.example,How does Skyward Health handle repetitive IT research today?,"Hi Sophie,

Curious how Skyward Health currently handles the more repetitive parts of IT research and follow-up. Most teams we talk to are doing a lot of it manually.

Worth comparing notes?

Best,
Alex",,,tmpl_07_question_led
eml_0605,thr_con_0884,act_0819,acc_080,Fableworks Networks,con_0884,outbound,outbound_send,2026-08-18,oliver.bennett@lumenops.example,jakub.nowak.0884@fableworks-networks.example,Introduction - Oliver from Lumen Ops,"Hi Jakub,

Reaching out because we work with Marketing Operations teams to cut down on manual research and repetitive follow-up work. Thought it might be relevant at Fableworks Networks.

Open to connecting?

Best,
Oliver",,,tmpl_10_soft_intro
eml_0606,thr_con_0972,act_0821,acc_088,Quartzline Advisory,con_0972,outbound,meeting_confirmation,2026-08-18,thomas.chen@lumenops.example,iida.laine.0972@quartzline-advisory.example,Confirmed: quick call this week,"Hi Iida,

Great, sending over a calendar invite now, looking forward to it.

Best,
Thomas",deal_026,,meeting_confirmation
eml_0607,thr_con_002,act_0823,acc_001,Northstar Ledger,con_002,outbound,outbound_send,2026-08-19,thomas.chen@lumenops.example,jonas.vega@northstar-ledger.example,Northstar Ledger opens three operations roles,"Hi Jonas,

Saw that the company is hiring for revenue operations and customer operations roles across France. Helping a growing operations team standardize research and follow-up workflows.

Worth a quick conversation?

Best,
Thomas",,sig_002,signal_grounded
eml_0608,thr_con_0134,act_0825,acc_013,Emberfield Mobility,con_0134,outbound,outbound_send,2026-08-19,thomas.chen@lumenops.example,goncalo.goncalves.0134@emberfield-mobility.example,Quick question about Emberfield Mobility's IT workflows,"Hi Gonçalo,

I noticed Emberfield Mobility has been growing its IT team, and most teams that size end up spending a lot of hours a week on manual research and follow-up work that doesn't need a human doing it by hand.

Worth a quick chat to see if that's true for your team too?

Best,
Thomas",,,tmpl_01_quick_question
eml_0609,thr_con_0165,act_0826,acc_015,Graniteway Works,con_0165,outbound,outbound_send,2026-08-19,thomas.chen@lumenops.example,evelyn.jackson.0165@graniteway-works.example,For Chief Data Officers at Graniteway Works,"Hi Evelyn,

As Chief Data Officer at Graniteway Works, you're probably dealing with a lot of repetitive cross-functional requests. We help teams like yours cut that down significantly.

Open to a 15-minute call this week?

Best,
Thomas",,,tmpl_02_role_based
eml_0610,thr_con_0177,act_0827,acc_016,Juniperlane Networks,con_0177,inbound,inbound_reply,2026-08-19,baptiste.michel.0177@juniperlane-networks.example,thomas.chen@lumenops.example,Re: Juniperlane Networks,"Thanks for the note. Can you share a bit more detail on how this would actually work for a team like ours? Not sure it's a priority right now but curious.

Best,
Baptiste",,,reply_neutral
eml_0611,thr_con_0218,act_0828,acc_020,Orbitwell Systems,con_0218,outbound,outbound_send,2026-08-19,oliver.bennett@lumenops.example,oscar.hansen.0218@orbitwell-systems.example,Following up - Orbitwell Systems,"Hi Oscar,

Following up on my note last week, in case it got buried. Still happy to share a quick example if useful.

Best,
Oliver",,,follow_up_bump
eml_0612,thr_con_0314,act_0830,acc_029,Wintermere Mobility,con_0314,outbound,outbound_send,2026-08-19,priya.nair@lumenops.example,karolina.hajek.0314@wintermere-mobility.example,How other Professional services teams handle this,"Hi Karolína,

A few Professional services companies we work with were spending hours a week manually pulling together research before big decisions. We helped automate most of it.

Curious if that's a pain point at Wintermere Mobility as well?

Best,
Priya",,,tmpl_05_peer_reference
eml_0613,thr_con_0380,act_0831,acc_035,Noviant Cloud,con_0380,outbound,outbound_send,2026-08-19,oliver.bennett@lumenops.example,grace.o-neill.0380@noviant-cloud.example,How does Noviant Cloud handle repetitive Engineering research today?,"Hi Grace,

Curious how Noviant Cloud currently handles the more repetitive parts of Engineering research and follow-up. Most teams we talk to are doing a lot of it manually.

Worth comparing notes?

Best,
Oliver",,,tmpl_07_question_led
eml_0614,thr_con_0391,act_0832,acc_036,Oakridge Systems,con_0391,outbound,outbound_send,2026-08-19,alex.morgan@lumenops.example,ida.berg.0391@oakridge-systems.example,How other Financial technology teams handle this,"Hi Ida,

A few Financial technology companies we work with were spending hours a week manually pulling together research before big decisions. We helped automate most of it.

Curious if that's a pain point at Oakridge Systems as well?

Best,
Alex",,,tmpl_05_peer_reference
eml_0615,thr_con_0411,act_0833,acc_037,Redwoodline Digital,con_0411,outbound,outbound_send,2026-08-19,samira.lee@lumenops.example,william.gonzalez.0411@redwoodline-digital.example,Cutting manual work at Redwoodline Digital,"Hi William,

Most Product teams lose several hours a week to manual research, data-gathering, and repetitive follow-ups. We built a way to automate a good chunk of that.

Happy to show you a 10-minute example if useful.

Best,
Samira",,,tmpl_04_value_prop_direct
eml_0616,thr_con_0468,act_0834,acc_043,Bluehaven Collective,con_0468,outbound,outbound_send,2026-08-19,alex.morgan@lumenops.example,hanna.mazur.0468@bluehaven-collective.example,Following up - Bluehaven Collective,"Hi Hanna,

Following up on my note last week, in case it got buried. Still happy to share a quick example if useful.

Best,
Alex",,,follow_up_bump
eml_0617,thr_con_0483,act_0835,acc_044,Copperleaf Commerce,con_0483,outbound,outbound_send,2026-08-19,samira.lee@lumenops.example,ethan.wilson.0483@copperleaf-commerce.example,Following up - Copperleaf Commerce,"Hi Ethan,

Following up on my note last week, in case it got buried. Still happy to share a quick example if useful.

Best,
Samira",,,follow_up_bump
eml_0618,thr_con_0506,act_0836,acc_046,Emberfield Services,con_0506,outbound,outbound_send,2026-08-19,oliver.bennett@lumenops.example,lea.garcia.0506@emberfield-services.example,How other Healthcare teams handle this,"Hi Léa,

A few Healthcare companies we work with were spending hours a week manually pulling together research before big decisions. We helped automate most of it.

Curious if that's a pain point at Emberfield Services as well?

Best,
Oliver",,,tmpl_05_peer_reference
eml_0619,thr_con_0591,act_0837,acc_054,Pinebridge Platforms,con_0591,outbound,outbound_send,2026-08-19,alex.morgan@lumenops.example,leo.hall.0591@pinebridge-platforms.example,Introduction - Alex from Lumen Ops,"Hi Leo,

Reaching out because we work with Marketing Operations teams to cut down on manual research and repetitive follow-up work. Thought it might be relevant at Pinebridge Platforms.

Open to connecting?

Best,
Alex",deal_055,,tmpl_10_soft_intro
eml_0620,thr_con_0635,act_0839,acc_057,Silvergrove Analytics,con_0635,outbound,outbound_send,2026-08-19,priya.nair@lumenops.example,agnes.hansen.0635@silvergrove-analytics.example,Travel teams and manual research overhead,"Hi Agnes,

Working with a few other Travel companies right now on reducing the manual research and busywork that piles up around RevOps. Thought it might be relevant to Silvergrove Analytics too.

Would you be open to comparing notes?

Best,
Priya",,,tmpl_03_industry_based
eml_0621,thr_con_0636,act_0840,acc_058,Summitline Labs,con_0636,outbound,outbound_send,2026-08-19,alex.morgan@lumenops.example,laura.zimmermann.0636@summitline-labs.example,Scaling General Management at Summitline Labs without scaling headcount,"Hi Laura,

As Summitline Labs grows, the manual side of General Management work usually grows with it. We help teams keep that from becoming a bottleneck.

Open to a quick call?

Best,
Alex",,,tmpl_08_growth_angle
eml_0622,thr_con_0640,act_0841,acc_058,Summitline Labs,con_0640,inbound,inbound_reply,2026-08-19,nico.brunner.0640@summitline-labs.example,thomas.chen@lumenops.example,Re: Summitline Labs,"Thanks for reaching out, this is actually well-timed, we've been discussing this internally. Happy to grab 20 minutes, does later this week work?

Best,
Nico",deal_047,,reply_positive
eml_0623,thr_con_0689,act_0843,acc_063,Brightpath Works,con_0689,outbound,meeting_confirmation,2026-08-19,thomas.chen@lumenops.example,lorenzo.ferrari.0689@brightpath-works.example,Confirmed: quick call this week,"Hi Lorenzo,

Great, sending over a calendar invite now, looking forward to it.

Best,
Thomas",deal_048,,meeting_confirmation
eml_0624,thr_con_0704,act_0844,acc_064,Cedarpoint Networks,con_0704,outbound,outbound_send,2026-08-19,alex.morgan@lumenops.example,emma.martin.0704@cedarpoint-networks.example,"15 minutes, Emma?","Hi Emma,

Would it be worth 15 minutes to see if we can save your Security team some manual work? Happy to work around your schedule.

Best,
Alex",deal_057,,tmpl_06_short_direct
eml_0625,thr_con_0716,act_0845,acc_065,Harborstone Industries,con_0716,outbound,outbound_send,2026-08-19,priya.nair@lumenops.example,mia.schmid.0716@harborstone-industries.example,Quick question about Harborstone Industries's Engineering workflows,"Hi Mia,

I noticed Harborstone Industries has been growing its Engineering team, and most teams that size end up spending a lot of hours a week on manual research and follow-up work that doesn't need a human doing it by hand.

Worth a quick chat to see if that's true for your team too?

Best,
Priya",,,tmpl_01_quick_question
eml_0626,thr_con_0725,act_0846,acc_066,Ironvale Energy,con_0725,outbound,outbound_send,2026-08-19,alex.morgan@lumenops.example,matej.jelinek.0725@ironvale-energy.example,For Chief Technology Officers at Ironvale Energy,"Hi Matěj,

As Chief Technology Officer at Ironvale Energy, you're probably dealing with a lot of repetitive cross-functional requests. We help teams like yours cut that down significantly.

Open to a 15-minute call this week?

Best,
Alex",deal_016,,tmpl_02_role_based
eml_0627,thr_con_0768,act_0847,acc_070,Redwoodline Platforms,con_0768,outbound,outbound_send,2026-08-19,oliver.bennett@lumenops.example,alba.gomez.0768@redwoodline-platforms.example,How other E-commerce teams handle this,"Hi Alba,

A few E-commerce companies we work with were spending hours a week manually pulling together research before big decisions. We helped automate most of it.

Curious if that's a pain point at Redwoodline Platforms as well?

Best,
Oliver",,,tmpl_05_peer_reference
eml_0628,thr_con_0857,act_0849,acc_078,Deltaforge Services,con_0857,outbound,outbound_send,2026-08-19,alex.morgan@lumenops.example,matteo.romano.0857@deltaforge-services.example,The manual work behind Procurement at growing companies,"Hi Matteo,

Most Procurement teams at companies Deltaforge Services's size end up buried in manual research, data pulls, and follow-up that could be automated. Wondering if that resonates.

Best,
Alex",,,tmpl_09_problem_first
eml_0629,thr_con_0874,act_0850,acc_079,Emberfield Works,con_0874,outbound,outbound_send,2026-08-19,thomas.chen@lumenops.example,oscar.larsson.0874@emberfield-works.example,Following up - Emberfield Works,"Hi Oscar,

Following up on my note last week, in case it got buried. Still happy to share a quick example if useful.

Best,
Thomas",,,follow_up_bump
eml_0630,thr_con_0882,act_0851,acc_080,Fableworks Networks,con_0882,outbound,outbound_send,2026-08-19,oliver.bennett@lumenops.example,szymon.kwiatkowski.0882@fableworks-networks.example,"15 minutes, Szymon?","Hi Szymon,

Would it be worth 15 minutes to see if we can save your Product team some manual work? Happy to work around your schedule.

Best,
Oliver",,,tmpl_06_short_direct
eml_0631,thr_con_0060,act_0853,acc_005,Brightforge Manufacturing,con_0060,outbound,outbound_send,2026-08-20,priya.nair@lumenops.example,elodie.moreau.0060@brightforge.example,How does Brightforge Manufacturing handle repetitive Digital Transformation research today?,"Hi Élodie,

Curious how Brightforge Manufacturing currently handles the more repetitive parts of Digital Transformation research and follow-up. Most teams we talk to are doing a lot of it manually.

Worth comparing notes?

Best,
Priya",,,tmpl_07_question_led
eml_0632,thr_con_0069,act_0854,acc_006,Meadowbridge Health,con_0069,outbound,outbound_send,2026-08-20,thomas.chen@lumenops.example,eva.mulder.0069@meadowbridge.example,Following up - Meadowbridge Health,"Hi Eva,

Following up on my note last week, in case it got buried. Still happy to share a quick example if useful.

Best,
Thomas",,,follow_up_bump
eml_0633,thr_con_0093,act_0855,acc_009,Asterline Analytics,con_0093,outbound,outbound_send,2026-08-20,oliver.bennett@lumenops.example,gabriel.dubois.0093@asterline-analytics.example,Financial technology teams and manual research overhead,"Hi Gabriel,

Working with a few other Financial technology companies right now on reducing the manual research and busywork that piles up around Finance. Thought it might be relevant to Asterline Analytics too.

Would you be open to comparing notes?

Best,
Oliver",,,tmpl_03_industry_based
eml_0634,thr_con_0097,act_0856,acc_009,Asterline Analytics,con_0097,outbound,outbound_send,2026-08-20,samira.lee@lumenops.example,louis.garcia.0097@asterline-analytics.example,How other Financial technology teams handle this,"Hi Louis,

A few Financial technology companies we work with were spending hours a week manually pulling together research before big decisions. We helped automate most of it.

Curious if that's a pain point at Asterline Analytics as well?

Best,
Samira",,,tmpl_05_peer_reference
eml_0635,thr_con_0129,act_0857,acc_012,Deltaforge Commerce,con_0129,outbound,outbound_send,2026-08-20,priya.nair@lumenops.example,camille.dubois.0129@deltaforge-commerce.example,Quick question about Deltaforge Commerce's Solutions Engineering workflows,"Hi Camille,

I noticed Deltaforge Commerce has been growing its Solutions Engineering team, and most teams that size end up spending a lot of hours a week on manual research and follow-up work that doesn't need a human doing it by hand.

Worth a quick chat to see if that's true for your team too?

Best,
Priya",,,tmpl_01_quick_question
eml_0636,thr_con_0189,act_0858,acc_018,Meadowcrest Energy,con_0189,inbound,inbound_reply,2026-08-20,alvaro.romero.0189@meadowcrest-energy.example,thomas.chen@lumenops.example,Re: Meadowcrest Energy,"Thanks for reaching out, this is actually well-timed, we've been discussing this internally. Happy to grab 20 minutes, does later this week work?

Best,
Álvaro",deal_038,,reply_positive
eml_0637,thr_con_0209,act_0859,acc_019,Northstar Cloud,con_0209,outbound,outbound_send,2026-08-20,alex.morgan@lumenops.example,eva.dekker.0209@northstar-cloud.example,Following up - Northstar Cloud,"Hi Eva,

Following up on my note last week, in case it got buried. Still happy to share a quick example if useful.

Best,
Alex",,,follow_up_bump
eml_0638,thr_con_0269,act_0860,acc_025,Summitline Analytics,con_0269,outbound,outbound_send,2026-08-20,samira.lee@lumenops.example,ben.neumann.0269@summitline-analytics.example,"15 minutes, Ben?","Hi Ben,

Would it be worth 15 minutes to see if we can save your Operations team some manual work? Happy to work around your schedule.

Best,
Samira",,,tmpl_06_short_direct
eml_0639,thr_con_0295,act_0862,acc_027,Vantagefield Collective,con_0295,outbound,outbound_send,2026-08-20,oliver.bennett@lumenops.example,arthur.maes.0295@vantagefield-collective.example,Following up - Vantagefield Collective,"Hi Arthur,

Following up on my note last week, in case it got buried. Still happy to share a quick example if useful.

Best,
Oliver",,,follow_up_bump
eml_0640,thr_con_0405,act_0863,acc_037,Redwoodline Digital,con_0405,outbound,outbound_send,2026-08-20,oliver.bennett@lumenops.example,harper.anderson.0405@redwoodline-digital.example,Cybersecurity teams and manual research overhead,"Hi Harper,

Working with a few other Cybersecurity companies right now on reducing the manual research and busywork that piles up around Product. Thought it might be relevant to Redwoodline Digital too.

Would you be open to comparing notes?

Best,
Oliver",,,tmpl_03_industry_based
eml_0641,thr_con_0481,act_0864,acc_044,Copperleaf Commerce,con_0481,outbound,outbound_send,2026-08-20,alex.morgan@lumenops.example,theo.brown.0481@copperleaf-commerce.example,Following up - Copperleaf Commerce,"Hi Theo,

Following up on my note last week, in case it got buried. Still happy to share a quick example if useful.

Best,
Alex",,,follow_up_bump
eml_0642,thr_con_0492,act_0865,acc_045,Deltaforge Mobility,con_0492,outbound,outbound_send,2026-08-20,oliver.bennett@lumenops.example,adrian.koh.0492@deltaforge-mobility.example,Cutting manual work at Deltaforge Mobility,"Hi Adrian,

Most Innovation teams lose several hours a week to manual research, data-gathering, and repetitive follow-ups. We built a way to automate a good chunk of that.

Happy to show you a 10-minute example if useful.

Best,
Oliver",deal_012,,tmpl_04_value_prop_direct
eml_0643,thr_con_0494,act_0866,acc_045,Deltaforge Mobility,con_0494,outbound,outbound_send,2026-08-20,oliver.bennett@lumenops.example,benjamin.ang.0494@deltaforge-mobility.example,Cutting manual work at Deltaforge Mobility,"Hi Benjamin,

Most IT teams lose several hours a week to manual research, data-gathering, and repetitive follow-ups. We built a way to automate a good chunk of that.

Happy to show you a 10-minute example if useful.

Best,
Oliver",,,tmpl_04_value_prop_direct
eml_0644,thr_con_0500,act_0867,acc_045,Deltaforge Mobility,con_0500,outbound,outbound_send,2026-08-20,samira.lee@lumenops.example,maya.chong.0500@deltaforge-mobility.example,Following up - Deltaforge Mobility,"Hi Maya,

Following up on my note last week, in case it got buried. Still happy to share a quick example if useful.

Best,
Samira",,,follow_up_bump
eml_0645,thr_con_0502,act_0868,acc_046,Emberfield Services,con_0502,outbound,meeting_confirmation,2026-08-20,alex.morgan@lumenops.example,louis.dubois.0502@emberfield-services.example,Confirmed: quick call this week,"Hi Louis,

Great, sending over a calendar invite now, looking forward to it.

Best,
Alex",deal_045,,meeting_confirmation
eml_0646,thr_con_0547,act_0869,acc_050,Latticepoint Energy,con_0547,outbound,outbound_send,2026-08-20,samira.lee@lumenops.example,pedro.teixeira.0547@latticepoint-energy.example,Manufacturing teams and manual research overhead,"Hi Pedro,

Working with a few other Manufacturing companies right now on reducing the manual research and busywork that piles up around Operations. Thought it might be relevant to Latticepoint Energy too.

Would you be open to comparing notes?

Best,
Samira",,,tmpl_03_industry_based
eml_0647,thr_con_0555,act_0870,acc_050,Latticepoint Energy,con_0555,outbound,outbound_send,2026-08-20,oliver.bennett@lumenops.example,leonor.pereira.0555@latticepoint-energy.example,Manufacturing teams and manual research overhead,"Hi Leonor,

Working with a few other Manufacturing companies right now on reducing the manual research and busywork that piles up around Operations. Thought it might be relevant to Latticepoint Energy too.

Would you be open to comparing notes?

Best,
Oliver",,,tmpl_03_industry_based
eml_0648,thr_con_0557,act_0871,acc_050,Latticepoint Energy,con_0557,outbound,outbound_send,2026-08-20,samira.lee@lumenops.example,pedro.sousa.0557@latticepoint-energy.example,Introduction - Samira from Lumen Ops,"Hi Pedro,

Reaching out because we work with IT teams to cut down on manual research and repetitive follow-up work. Thought it might be relevant at Latticepoint Energy.

Open to connecting?

Best,
Samira",,,tmpl_10_soft_intro
eml_0649,thr_con_0592,act_0872,acc_054,Pinebridge Platforms,con_0592,outbound,outbound_send,2026-08-20,samira.lee@lumenops.example,sophie.wright.0592@pinebridge-platforms.example,Following up - Pinebridge Platforms,"Hi Sophie,

Following up on my note last week, in case it got buried. Still happy to share a quick example if useful.

Best,
Samira",,,follow_up_bump
eml_0650,thr_con_0733,act_0873,acc_066,Ironvale Energy,con_0733,inbound,inbound_reply,2026-08-20,adam.sedlacek.0733@ironvale-energy.example,oliver.bennett@lumenops.example,Re: Ironvale Energy,"Thanks for the note. Can you share a bit more detail on how this would actually work for a team like ours? Not sure it's a priority right now but curious.

Best,
Adam",,,reply_neutral
eml_0651,thr_con_0785,act_0874,acc_071,Skyward Health,con_0785,outbound,outbound_send,2026-08-20,priya.nair@lumenops.example,sem.de-boer.0785@skyward-health.example,Following up - Skyward Health,"Hi Sem,

Following up on my note last week, in case it got buried. Still happy to share a quick example if useful.

Best,
Priya",,,follow_up_bump
eml_0652,thr_con_0794,act_0875,acc_072,Solstice Advisory,con_0794,outbound,outbound_send,2026-08-20,samira.lee@lumenops.example,sean.byrne.0794@solstice-advisory.example,Quick question about Solstice Advisory's Digital Transformation workflows,"Hi Seán,

I noticed Solstice Advisory has been growing its Digital Transformation team, and most teams that size end up spending a lot of hours a week on manual research and follow-up work that doesn't need a human doing it by hand.

Worth a quick chat to see if that's true for your team too?

Best,
Samira",,,tmpl_01_quick_question
eml_0653,thr_con_0881,act_0876,acc_080,Fableworks Networks,con_0881,outbound,meeting_confirmation,2026-08-20,oliver.bennett@lumenops.example,alicja.kowalski.0881@fableworks-networks.example,Confirmed: quick call this week,"Hi Alicja,

Great, sending over a calendar invite now, looking forward to it.

Best,
Oliver",deal_025,,meeting_confirmation
eml_0654,thr_con_0928,act_0877,acc_084,Meadowcrest Systems,con_0928,outbound,outbound_send,2026-08-20,thomas.chen@lumenops.example,leon.wagner.0928@meadowcrest-systems.example,Quick question about Meadowcrest Systems's Supply Chain workflows,"Hi Leon,

I noticed Meadowcrest Systems has been growing its Supply Chain team, and most teams that size end up spending a lot of hours a week on manual research and follow-up work that doesn't need a human doing it by hand.

Worth a quick chat to see if that's true for your team too?

Best,
Thomas",,,tmpl_01_quick_question
eml_0655,thr_con_0076,act_0878,acc_007,Atelier Nova,con_0076,outbound,outbound_send,2026-08-21,alex.morgan@lumenops.example,gabriele.ricci.0076@atelier-nova.example,Following up - Atelier Nova,"Hi Gabriele,

Following up on my note last week, in case it got buried. Still happy to share a quick example if useful.

Best,
Alex",,,follow_up_bump
eml_0656,thr_con_010,act_0880,acc_005,Brightforge Manufacturing,con_010,outbound,outbound_send,2026-08-21,oliver.bennett@lumenops.example,hugo.bernard@brightforge.example,Following up - Brightforge Manufacturing,"Hi Hugo,

Following up on my note last week, in case it got buried. Still happy to share a quick example if useful.

Best,
Oliver",,,follow_up_bump
eml_0657,thr_con_0104,act_0881,acc_010,Bluehaven Labs,con_0104,outbound,outbound_send,2026-08-21,alex.morgan@lumenops.example,anna.koch.0104@bluehaven-labs.example,For VP Engineerings at Bluehaven Labs,"Hi Anna,

As VP Engineering at Bluehaven Labs, you're probably dealing with a lot of repetitive cross-functional requests. We help teams like yours cut that down significantly.

Open to a 15-minute call this week?

Best,
Alex",,,tmpl_02_role_based
eml_0658,thr_con_0227,act_0882,acc_021,Pinebridge Digital,con_0227,outbound,outbound_send,2026-08-21,alex.morgan@lumenops.example,nico.schmid.0227@pinebridge-digital.example,Logistics teams and manual research overhead,"Hi Nico,

Working with a few other Logistics companies right now on reducing the manual research and busywork that piles up around Operations. Thought it might be relevant to Pinebridge Digital too.

Would you be open to comparing notes?

Best,
Alex",,,tmpl_03_industry_based
eml_0659,thr_con_0300,act_0884,acc_028,Willowgate Commerce,con_0300,inbound,inbound_reply,2026-08-21,lena.leitner.0300@willowgate-commerce.example,thomas.chen@lumenops.example,Re: Willowgate Commerce,"Thanks for the note. Can you share a bit more detail on how this would actually work for a team like ours? Not sure it's a priority right now but curious.

Best,
Lena",,,reply_neutral
eml_0660,thr_con_0312,act_0885,acc_029,Wintermere Mobility,con_0312,outbound,meeting_confirmation,2026-08-21,priya.nair@lumenops.example,jakub.vesely.0312@wintermere-mobility.example,Confirmed: quick call this week,"Hi Jakub,

Great, sending over a calendar invite now, looking forward to it.

Best,
Priya",deal_041,,meeting_confirmation
eml_0661,thr_con_0629,act_0888,acc_057,Silvergrove Analytics,con_0629,outbound,outbound_send,2026-08-21,samira.lee@lumenops.example,elias.andersen.0629@silvergrove-analytics.example,Quick question about Silvergrove Analytics's Digital Transformation workflows,"Hi Elias,

I noticed Silvergrove Analytics has been growing its Digital Transformation team, and most teams that size end up spending a lot of hours a week on manual research and follow-up work that doesn't need a human doing it by hand.

Worth a quick chat to see if that's true for your team too?

Best,
Samira",,,tmpl_01_quick_question
eml_0662,thr_con_0641,act_0889,acc_058,Summitline Labs,con_0641,outbound,outbound_send,2026-08-21,thomas.chen@lumenops.example,laura.kunz.0641@summitline-labs.example,Cutting manual work at Summitline Labs,"Hi Laura,

Most Digital Transformation teams lose several hours a week to manual research, data-gathering, and repetitive follow-ups. We built a way to automate a good chunk of that.

Happy to show you a 10-minute example if useful.

Best,
Thomas",,,tmpl_04_value_prop_direct
eml_0663,thr_con_0705,act_0890,acc_064,Cedarpoint Networks,con_0705,outbound,outbound_send,2026-08-21,oliver.bennett@lumenops.example,elise.vermeulen.0705@cedarpoint-networks.example,Cybersecurity teams and manual research overhead,"Hi Elise,

Working with a few other Cybersecurity companies right now on reducing the manual research and busywork that piles up around Engineering. Thought it might be relevant to Cedarpoint Networks too.

Would you be open to comparing notes?

Best,
Oliver",,,tmpl_03_industry_based
eml_0664,thr_con_0725,act_0891,acc_066,Ironvale Energy,con_0725,outbound,outbound_send,2026-08-21,alex.morgan@lumenops.example,matej.jelinek.0725@ironvale-energy.example,Following up - Ironvale Energy,"Hi Matěj,

Following up on my note last week, in case it got buried. Still happy to share a quick example if useful.

Best,
Alex",deal_016,,follow_up_bump
eml_0665,thr_con_0793,act_0893,acc_072,Solstice Advisory,con_0793,outbound,outbound_send,2026-08-21,samira.lee@lumenops.example,grace.doherty.0793@solstice-advisory.example,Healthcare teams and manual research overhead,"Hi Grace,

Working with a few other Healthcare companies right now on reducing the manual research and busywork that piles up around IT. Thought it might be relevant to Solstice Advisory too.

Would you be open to comparing notes?

Best,
Samira",deal_019,,tmpl_03_industry_based
eml_0666,thr_con_0829,act_0894,acc_075,Asterline Collective,con_0829,outbound,outbound_send,2026-08-21,priya.nair@lumenops.example,hugo.simon.0829@asterline-collective.example,Cutting manual work at Asterline Collective,"Hi Hugo,

Most Digital Transformation teams lose several hours a week to manual research, data-gathering, and repetitive follow-ups. We built a way to automate a good chunk of that.

Happy to show you a 10-minute example if useful.

Best,
Priya",,,tmpl_04_value_prop_direct
eml_0667,thr_con_0023,act_0896,acc_001,Northstar Ledger,con_0023,outbound,outbound_send,2026-08-22,oliver.bennett@lumenops.example,nina.vincent.0023@northstar-ledger.example,Introduction - Oliver from Lumen Ops,"Hi Nina,

Reaching out because we work with IT teams to cut down on manual research and repetitive follow-up work. Thought it might be relevant at Northstar Ledger.

Open to connecting?

Best,
Oliver",,,tmpl_10_soft_intro
eml_0668,thr_con_0141,act_0897,acc_013,Emberfield Mobility,con_0141,outbound,outbound_send,2026-08-22,priya.nair@lumenops.example,miguel.ferreira.0141@emberfield-mobility.example,"15 minutes, Miguel?","Hi Miguel,

Would it be worth 15 minutes to see if we can save your RevOps team some manual work? Happy to work around your schedule.

Best,
Priya",,,tmpl_06_short_direct
eml_0669,thr_con_0176,act_0898,acc_016,Juniperlane Networks,con_0176,outbound,outbound_send,2026-08-22,oliver.bennett@lumenops.example,chloe.bernard.0176@juniperlane-networks.example,"15 minutes, Chloé?","Hi Chloé,

Would it be worth 15 minutes to see if we can save your Marketing team some manual work? Happy to work around your schedule.

Best,
Oliver",,,tmpl_06_short_direct
eml_0670,thr_con_0198,act_0900,acc_018,Meadowcrest Energy,con_0198,outbound,outbound_send,2026-08-22,priya.nair@lumenops.example,marta.moreno.0198@meadowcrest-energy.example,E-commerce teams and manual research overhead,"Hi Marta,

Working with a few other E-commerce companies right now on reducing the manual research and busywork that piles up around E-commerce. Thought it might be relevant to Meadowcrest Energy too.

Would you be open to comparing notes?

Best,
Priya",,,tmpl_03_industry_based
eml_0671,thr_con_0221,act_0901,acc_021,Pinebridge Digital,con_0221,outbound,outbound_send,2026-08-22,thomas.chen@lumenops.example,alina.weber.0221@pinebridge-digital.example,How does Pinebridge Digital handle repetitive Operations research today?,"Hi Alina,

Curious how Pinebridge Digital currently handles the more repetitive parts of Operations research and follow-up. Most teams we talk to are doing a lot of it manually.

Worth comparing notes?

Best,
Thomas",,,tmpl_07_question_led
eml_0672,thr_con_0317,act_0903,acc_029,Wintermere Mobility,con_0317,outbound,outbound_send,2026-08-22,alex.morgan@lumenops.example,jakub.pokorny.0317@wintermere-mobility.example,Introduction - Alex from Lumen Ops,"Hi Jakub,

Reaching out because we work with Marketing Operations teams to cut down on manual research and repetitive follow-up work. Thought it might be relevant at Wintermere Mobility.

Open to connecting?

Best,
Alex",,,tmpl_10_soft_intro
eml_0673,thr_con_0318,act_0904,acc_029,Wintermere Mobility,con_0318,outbound,outbound_send,2026-08-22,priya.nair@lumenops.example,david.prochazka.0318@wintermere-mobility.example,How does Wintermere Mobility handle repetitive IT research today?,"Hi David,

Curious how Wintermere Mobility currently handles the more repetitive parts of IT research and follow-up. Most teams we talk to are doing a lot of it manually.

Worth comparing notes?

Best,
Priya",,,tmpl_07_question_led
eml_0674,thr_con_0482,act_0907,acc_044,Copperleaf Commerce,con_0482,outbound,outbound_send,2026-08-22,samira.lee@lumenops.example,chloe.bouchard.0482@copperleaf-commerce.example,Cutting manual work at Copperleaf Commerce,"Hi Chloe,

Most Customer Success teams lose several hours a week to manual research, data-gathering, and repetitive follow-ups. We built a way to automate a good chunk of that.

Happy to show you a 10-minute example if useful.

Best,
Samira",,,tmpl_04_value_prop_direct
eml_0675,thr_con_0504,act_0908,acc_046,Emberfield Services,con_0504,outbound,outbound_send,2026-08-22,alex.morgan@lumenops.example,amelie.leroy.0504@emberfield-services.example,"15 minutes, Amélie?","Hi Amélie,

Would it be worth 15 minutes to see if we can save your IT team some manual work? Happy to work around your schedule.

Best,
Alex",,,tmpl_06_short_direct
eml_0676,thr_con_0640,act_0911,acc_058,Summitline Labs,con_0640,outbound,meeting_confirmation,2026-08-22,thomas.chen@lumenops.example,nico.brunner.0640@summitline-labs.example,Confirmed: quick call this week,"Hi Nico,

Great, sending over a calendar invite now, looking forward to it.

Best,
Thomas",deal_047,,meeting_confirmation
eml_0677,thr_con_0678,act_0912,acc_062,Wintermere Services,con_0678,outbound,outbound_send,2026-08-22,samira.lee@lumenops.example,paul.neumann.0678@wintermere-services.example,Following up - Wintermere Services,"Hi Paul,

Following up on my note last week, in case it got buried. Still happy to share a quick example if useful.

Best,
Samira",deal_015,,follow_up_bump
eml_0678,thr_con_0680,act_0913,acc_062,Wintermere Services,con_0680,inbound,inbound_reply,2026-08-22,emma.schneider.0680@wintermere-services.example,samira.lee@lumenops.example,Re: Wintermere Services,"Thanks for the note. Can you share a bit more detail on how this would actually work for a team like ours? Not sure it's a priority right now but curious.

Best,
Emma",,,reply_neutral
eml_0679,thr_con_0723,act_0914,acc_065,Harborstone Industries,con_0723,outbound,outbound_send,2026-08-22,samira.lee@lumenops.example,lena.pichler.0723@harborstone-industries.example,Following up - Harborstone Industries,"Hi Lena,

Following up on my note last week, in case it got buried. Still happy to share a quick example if useful.

Best,
Samira",,,follow_up_bump
eml_0680,thr_con_0748,act_0915,acc_068,Noviant Systems,con_0748,outbound,outbound_send,2026-08-22,priya.nair@lumenops.example,gabriel.vincent.0748@noviant-systems.example,How other Data infrastructure teams handle this,"Hi Gabriel,

A few Data infrastructure companies we work with were spending hours a week manually pulling together research before big decisions. We helped automate most of it.

Curious if that's a pain point at Noviant Systems as well?

Best,
Priya",,,tmpl_05_peer_reference
eml_0681,thr_con_0812,act_0918,acc_073,Westmere Analytics,con_0812,inbound,inbound_reply,2026-08-22,emil.pedersen.0812@westmere-analytics.example,samira.lee@lumenops.example,Re: Westmere Analytics,"Thanks for the note. Can you share a bit more detail on how this would actually work for a team like ours? Not sure it's a priority right now but curious.

Best,
Emil",,,reply_neutral
eml_0682,thr_con_0839,act_0919,acc_076,Bluehaven Commerce,con_0839,outbound,outbound_send,2026-08-22,alex.morgan@lumenops.example,grace.evans.0839@bluehaven-commerce.example,Quick question about Bluehaven Commerce's Operations workflows,"Hi Grace,

I noticed Bluehaven Commerce has been growing its Operations team, and most teams that size end up spending a lot of hours a week on manual research and follow-up work that doesn't need a human doing it by hand.

Worth a quick chat to see if that's true for your team too?

Best,
Alex",,,tmpl_01_quick_question
eml_0683,thr_con_0910,act_0920,acc_082,Juniperlane Energy,con_0910,outbound,outbound_send,2026-08-22,priya.nair@lumenops.example,chloe.lee.0910@juniperlane-energy.example,Cutting manual work at Juniperlane Energy,"Hi Chloe,

Most Marketing Operations teams lose several hours a week to manual research, data-gathering, and repetitive follow-ups. We built a way to automate a good chunk of that.

Happy to show you a 10-minute example if useful.

Best,
Priya",,,tmpl_04_value_prop_direct
eml_0684,thr_con_0931,act_0921,acc_084,Meadowcrest Systems,con_0931,outbound,outbound_send,2026-08-22,alex.morgan@lumenops.example,jonas.meyer.0931@meadowcrest-systems.example,Following up - Meadowcrest Systems,"Hi Jonas,

Following up on my note last week, in case it got buried. Still happy to share a quick example if useful.

Best,
Alex",,,follow_up_bump
eml_0685,thr_con_0990,act_0923,acc_090,Silvergrove Labs,con_0990,outbound,outbound_send,2026-08-22,thomas.chen@lumenops.example,mathieu.leroy.0990@silvergrove-labs.example,Scaling Solutions Engineering at Silvergrove Labs without scaling headcount,"Hi Mathieu,

As Silvergrove Labs grows, the manual side of Solutions Engineering work usually grows with it. We help teams keep that from becoming a bottleneck.

Open to a quick call?

Best,
Thomas",,,tmpl_08_growth_angle
eml_0686,thr_con_0053,act_0924,acc_005,Brightforge Manufacturing,con_0053,outbound,outbound_send,2026-08-23,oliver.bennett@lumenops.example,sophie.vincent.0053@brightforge.example,How other Manufacturing teams handle this,"Hi Sophie,

A few Manufacturing companies we work with were spending hours a week manually pulling together research before big decisions. We helped automate most of it.

Curious if that's a pain point at Brightforge Manufacturing as well?

Best,
Oliver",,,tmpl_05_peer_reference
eml_0687,thr_con_0119,act_0925,acc_011,Copperleaf Collective,con_0119,outbound,outbound_send,2026-08-23,thomas.chen@lumenops.example,leonardo.marino.0119@copperleaf-collective.example,Cybersecurity teams and manual research overhead,"Hi Leonardo,

Working with a few other Cybersecurity companies right now on reducing the manual research and busywork that piles up around Security. Thought it might be relevant to Copperleaf Collective too.

Would you be open to comparing notes?

Best,
Thomas",,,tmpl_03_industry_based
eml_0688,thr_con_0156,act_0927,acc_015,Graniteway Works,con_0156,outbound,outbound_send,2026-08-23,thomas.chen@lumenops.example,henry.johnson.0156@graniteway-works.example,The manual work behind Data at growing companies,"Hi Henry,

Most Data teams at companies Graniteway Works's size end up buried in manual research, data pulls, and follow-up that could be automated. Wondering if that resonates.

Best,
Thomas",,,tmpl_09_problem_first
eml_0689,thr_con_0189,act_0928,acc_018,Meadowcrest Energy,con_0189,outbound,meeting_confirmation,2026-08-23,thomas.chen@lumenops.example,alvaro.romero.0189@meadowcrest-energy.example,Confirmed: quick call this week,"Hi Álvaro,

Great, sending over a calendar invite now, looking forward to it.

Best,
Thomas",deal_038,,meeting_confirmation
eml_0690,thr_con_0190,act_0929,acc_018,Meadowcrest Energy,con_0190,outbound,outbound_send,2026-08-23,thomas.chen@lumenops.example,paula.jimenez.0190@meadowcrest-energy.example,How other E-commerce teams handle this,"Hi Paula,

A few E-commerce companies we work with were spending hours a week manually pulling together research before big decisions. We helped automate most of it.

Curious if that's a pain point at Meadowcrest Energy as well?

Best,
Thomas",,,tmpl_05_peer_reference
eml_0691,thr_con_0200,act_0930,acc_018,Meadowcrest Energy,con_0200,outbound,outbound_send,2026-08-23,samira.lee@lumenops.example,paula.garcia.0200@meadowcrest-energy.example,Following up - Meadowcrest Energy,"Hi Paula,

Following up on my note last week, in case it got buried. Still happy to share a quick example if useful.

Best,
Samira",,,follow_up_bump
eml_0692,thr_con_0263,act_0931,acc_024,Silvergrove Advisory,con_0263,outbound,outbound_send,2026-08-23,priya.nair@lumenops.example,oscar.white.0263@silvergrove-advisory.example,Scaling General Management at Silvergrove Advisory without scaling headcount,"Hi Oscar,

As Silvergrove Advisory grows, the manual side of General Management work usually grows with it. We help teams keep that from becoming a bottleneck.

Open to a quick call?

Best,
Priya",,,tmpl_08_growth_angle
eml_0693,thr_con_0287,act_0932,acc_026,Terravale Labs,con_0287,outbound,outbound_send,2026-08-23,priya.nair@lumenops.example,francesco.gallo.0287@terravale-labs.example,Introduction - Priya from Lumen Ops,"Hi Francesco,

Reaching out because we work with Innovation teams to cut down on manual research and repetitive follow-up work. Thought it might be relevant at Terravale Labs.

Open to connecting?

Best,
Priya",,,tmpl_10_soft_intro
eml_0694,thr_con_0301,act_0933,acc_028,Willowgate Commerce,con_0301,outbound,outbound_send,2026-08-23,alex.morgan@lumenops.example,lukas.muller.0301@willowgate-commerce.example,How other Media teams handle this,"Hi Lukas,

A few Media companies we work with were spending hours a week manually pulling together research before big decisions. We helped automate most of it.

Curious if that's a pain point at Willowgate Commerce as well?

Best,
Alex",,,tmpl_05_peer_reference
eml_0695,thr_con_0326,act_0934,acc_030,Brightpath Services,con_0326,outbound,outbound_send,2026-08-23,alex.morgan@lumenops.example,oliver.rodriguez.0326@brightpath-services.example,Following up - Brightpath Services,"Hi Oliver,

Following up on my note last week, in case it got buried. Still happy to share a quick example if useful.

Best,
Alex",,,follow_up_bump
eml_0696,thr_con_0353,act_0935,acc_032,Harborstone Networks,con_0353,outbound,outbound_send,2026-08-23,samira.lee@lumenops.example,lukas.becker.0353@harborstone-networks.example,Quick question about Harborstone Networks's Innovation workflows,"Hi Lukas,

I noticed Harborstone Networks has been growing its Innovation team, and most teams that size end up spending a lot of hours a week on manual research and follow-up work that doesn't need a human doing it by hand.

Worth a quick chat to see if that's true for your team too?

Best,
Samira",,,tmpl_01_quick_question
eml_0697,thr_con_0389,act_0937,acc_036,Oakridge Systems,con_0389,outbound,outbound_send,2026-08-23,oliver.bennett@lumenops.example,leah.kristiansen.0389@oakridge-systems.example,Cutting manual work at Oakridge Systems,"Hi Leah,

Most Finance teams lose several hours a week to manual research, data-gathering, and repetitive follow-ups. We built a way to automate a good chunk of that.

Happy to show you a 10-minute example if useful.

Best,
Oliver",,,tmpl_04_value_prop_direct
eml_0698,thr_con_0433,act_0938,acc_039,Solstice Health,con_0433,outbound,outbound_send,2026-08-23,oliver.bennett@lumenops.example,henry.davies.0433@solstice-health.example,Scaling Engineering at Solstice Health without scaling headcount,"Hi Henry,

As Solstice Health grows, the manual side of Engineering work usually grows with it. We help teams keep that from becoming a bottleneck.

Open to a quick call?

Best,
Oliver",,,tmpl_08_growth_angle
eml_0699,thr_con_0539,act_0939,acc_049,Juniperlane Industries,con_0539,outbound,outbound_send,2026-08-23,priya.nair@lumenops.example,jules.dupont.0539@juniperlane-industries.example,Following up - Juniperlane Industries,"Hi Jules,

Following up on my note last week, in case it got buried. Still happy to share a quick example if useful.

Best,
Priya",,,follow_up_bump
eml_0700,thr_con_0628,act_0940,acc_057,Silvergrove Analytics,con_0628,outbound,outbound_send,2026-08-23,priya.nair@lumenops.example,william.madsen.0628@silvergrove-analytics.example,Scaling Product at Silvergrove Analytics without scaling headcount,"Hi William,

As Silvergrove Analytics grows, the manual side of Product work usually grows with it. We help teams keep that from becoming a bottleneck.

Open to a quick call?

Best,
Priya",,,tmpl_08_growth_angle
eml_0701,thr_con_0645,act_0941,acc_058,Summitline Labs,con_0645,outbound,outbound_send,2026-08-23,oliver.bennett@lumenops.example,nico.graf.0645@summitline-labs.example,Introduction - Oliver from Lumen Ops,"Hi Nico,

Reaching out because we work with Engineering teams to cut down on manual research and repetitive follow-up work. Thought it might be relevant at Summitline Labs.

Open to connecting?

Best,
Oliver",,,tmpl_10_soft_intro
eml_0702,thr_con_0822,act_0945,acc_074,Yarrow Labs,con_0822,outbound,outbound_send,2026-08-23,priya.nair@lumenops.example,sophia.jackson.0822@yarrow-labs.example,Logistics teams and manual research overhead,"Hi Sophia,

Working with a few other Logistics companies right now on reducing the manual research and busywork that piles up around Supply Chain. Thought it might be relevant to Yarrow Labs too.

Would you be open to comparing notes?

Best,
Priya",,,tmpl_03_industry_based
eml_0703,thr_con_011,act_0946,acc_006,Meadowbridge Health,con_011,outbound,outbound_send,2026-08-24,oliver.bennett@lumenops.example,maya.smit@meadowbridge.example,The manual work behind Operations at growing companies,"Hi Maya,

Most Operations teams at companies Meadowbridge Health's size end up buried in manual research, data pulls, and follow-up that could be automated. Wondering if that resonates.

Best,
Oliver",,,tmpl_09_problem_first
eml_0704,thr_con_0241,act_0947,acc_022,Quartzline Platforms,con_0241,outbound,outbound_send,2026-08-24,thomas.chen@lumenops.example,jack.gagnon.0241@quartzline-platforms.example,Cutting manual work at Quartzline Platforms,"Hi Jack,

Most IT teams lose several hours a week to manual research, data-gathering, and repetitive follow-ups. We built a way to automate a good chunk of that.

Happy to show you a 10-minute example if useful.

Best,
Thomas",,,tmpl_04_value_prop_direct
eml_0705,thr_con_0247,act_0948,acc_023,Riverstone Health,con_0247,outbound,outbound_send,2026-08-24,oliver.bennett@lumenops.example,theodore.williams.0247@riverstone-health.example,Following up - Riverstone Health,"Hi Theodore,

Following up on my note last week, in case it got buried. Still happy to share a quick example if useful.

Best,
Oliver",,,follow_up_bump
eml_0706,thr_con_0264,act_0949,acc_024,Silvergrove Advisory,con_0264,outbound,outbound_send,2026-08-24,alex.morgan@lumenops.example,maya.thomas.0264@silvergrove-advisory.example,Quick question about Silvergrove Advisory's IT workflows,"Hi Maya,

I noticed Silvergrove Advisory has been growing its IT team, and most teams that size end up spending a lot of hours a week on manual research and follow-up work that doesn't need a human doing it by hand.

Worth a quick chat to see if that's true for your team too?

Best,
Alex",,,tmpl_01_quick_question
eml_0707,thr_con_0265,act_0950,acc_024,Silvergrove Advisory,con_0265,outbound,outbound_send,2026-08-24,samira.lee@lumenops.example,jack.jones.0265@silvergrove-advisory.example,"15 minutes, Jack?","Hi Jack,

Would it be worth 15 minutes to see if we can save your Operations team some manual work? Happy to work around your schedule.

Best,
Samira",,,tmpl_06_short_direct
eml_0708,thr_con_0270,act_0951,acc_025,Summitline Analytics,con_0270,outbound,outbound_send,2026-08-24,oliver.bennett@lumenops.example,emma.hoffmann.0270@summitline-analytics.example,Cutting manual work at Summitline Analytics,"Hi Emma,

Most Innovation teams lose several hours a week to manual research, data-gathering, and repetitive follow-ups. We built a way to automate a good chunk of that.

Happy to show you a 10-minute example if useful.

Best,
Oliver",,,tmpl_04_value_prop_direct
eml_0709,thr_con_0307,act_0952,acc_028,Willowgate Commerce,con_0307,outbound,outbound_send,2026-08-24,samira.lee@lumenops.example,tobias.huber.0307@willowgate-commerce.example,"15 minutes, Tobias?","Hi Tobias,

Would it be worth 15 minutes to see if we can save your Operations team some manual work? Happy to work around your schedule.

Best,
Samira",,,tmpl_06_short_direct
eml_0710,thr_con_0308,act_0953,acc_028,Willowgate Commerce,con_0308,outbound,outbound_send,2026-08-24,priya.nair@lumenops.example,mia.mayr.0308@willowgate-commerce.example,The manual work behind Product at growing companies,"Hi Mia,

Most Product teams at companies Willowgate Commerce's size end up buried in manual research, data pulls, and follow-up that could be automated. Wondering if that resonates.

Best,
Priya",,,tmpl_09_problem_first
eml_0711,thr_con_0406,act_0955,acc_037,Redwoodline Digital,con_0406,outbound,outbound_send,2026-08-24,thomas.chen@lumenops.example,william.davis.0406@redwoodline-digital.example,Following up - Redwoodline Digital,"Hi William,

Following up on my note last week, in case it got buried. Still happy to share a quick example if useful.

Best,
Thomas",,,follow_up_bump
eml_0712,thr_con_0426,act_0956,acc_039,Solstice Health,con_0426,outbound,outbound_send,2026-08-24,alex.morgan@lumenops.example,amelia.white.0426@solstice-health.example,How other Software teams handle this,"Hi Amelia,

A few Software companies we work with were spending hours a week manually pulling together research before big decisions. We helped automate most of it.

Curious if that's a pain point at Solstice Health as well?

Best,
Alex",,,tmpl_05_peer_reference
eml_0713,thr_con_0442,act_0957,acc_040,Westmere Advisory,con_0442,outbound,outbound_send,2026-08-24,priya.nair@lumenops.example,adrian.lopez.0442@westmere-advisory.example,Software teams and manual research overhead,"Hi Adrián,

Working with a few other Software companies right now on reducing the manual research and busywork that piles up around Marketing Operations. Thought it might be relevant to Westmere Advisory too.

Would you be open to comparing notes?

Best,
Priya",,,tmpl_03_industry_based
eml_0714,thr_con_0457,act_0958,acc_042,Asterline Labs,con_0457,outbound,outbound_send,2026-08-24,alex.morgan@lumenops.example,ella.gustafsson.0457@asterline-labs.example,The manual work behind Engineering at growing companies,"Hi Ella,

Most Engineering teams at companies Asterline Labs's size end up buried in manual research, data pulls, and follow-up that could be automated. Wondering if that resonates.

Best,
Alex",,,tmpl_09_problem_first
eml_0715,thr_con_0484,act_0959,acc_044,Copperleaf Commerce,con_0484,outbound,outbound_send,2026-08-24,samira.lee@lumenops.example,emma.smith.0484@copperleaf-commerce.example,E-commerce teams and manual research overhead,"Hi Emma,

Working with a few other E-commerce companies right now on reducing the manual research and busywork that piles up around IT. Thought it might be relevant to Copperleaf Commerce too.

Would you be open to comparing notes?

Best,
Samira",,,tmpl_03_industry_based
eml_0716,thr_con_0518,act_0962,acc_047,Fableworks Works,con_0518,outbound,outbound_send,2026-08-24,samira.lee@lumenops.example,paul.bauer.0518@fableworks-works.example,Following up - Fableworks Works,"Hi Paul,

Following up on my note last week, in case it got buried. Still happy to share a quick example if useful.

Best,
Samira",,,follow_up_bump
eml_0717,thr_con_0530,act_0963,acc_048,Graniteway Networks,con_0530,outbound,outbound_send,2026-08-24,alex.morgan@lumenops.example,giulia.mancini.0530@graniteway-networks.example,Scaling Engineering at Graniteway Networks without scaling headcount,"Hi Giulia,

As Graniteway Networks grows, the manual side of Engineering work usually grows with it. We help teams keep that from becoming a bottleneck.

Open to a quick call?

Best,
Alex",,,tmpl_08_growth_angle
eml_0718,thr_con_0548,act_0964,acc_050,Latticepoint Energy,con_0548,outbound,outbound_send,2026-08-24,alex.morgan@lumenops.example,joana.gomes.0548@latticepoint-energy.example,Following up - Latticepoint Energy,"Hi Joana,

Following up on my note last week, in case it got buried. Still happy to share a quick example if useful.

Best,
Alex",,,follow_up_bump
eml_0719,thr_con_0583,act_0966,acc_053,Orbitwell Digital,con_0583,outbound,outbound_send,2026-08-24,samira.lee@lumenops.example,ines.garcia.0583@orbitwell-digital.example,"15 minutes, Inès?","Hi Inès,

Would it be worth 15 minutes to see if we can save your Digital Transformation team some manual work? Happy to work around your schedule.

Best,
Samira",,,tmpl_06_short_direct
eml_0720,thr_con_0610,act_0967,acc_055,Quartzline Health,con_0610,outbound,outbound_send,2026-08-24,priya.nair@lumenops.example,paula.diaz.0610@quartzline-health.example,Quick question about Quartzline Health's Marketing Operations workflows,"Hi Paula,

I noticed Quartzline Health has been growing its Marketing Operations team, and most teams that size end up spending a lot of hours a week on manual research and follow-up work that doesn't need a human doing it by hand.

Worth a quick chat to see if that's true for your team too?

Best,
Priya",,,tmpl_01_quick_question
eml_0721,thr_con_0698,act_0968,acc_063,Brightpath Works,con_0698,outbound,outbound_send,2026-08-24,samira.lee@lumenops.example,francesca.moretti.0698@brightpath-works.example,The manual work behind Solutions Engineering at growing companies,"Hi Francesca,

Most Solutions Engineering teams at companies Brightpath Works's size end up buried in manual research, data pulls, and follow-up that could be automated. Wondering if that resonates.

Best,
Samira",,,tmpl_09_problem_first
eml_0722,thr_con_0795,act_0969,acc_072,Solstice Advisory,con_0795,outbound,outbound_send,2026-08-24,alex.morgan@lumenops.example,clodagh.mcgrath.0795@solstice-advisory.example,Quick question about Solstice Advisory's Operations workflows,"Hi Clodagh,

I noticed Solstice Advisory has been growing its Operations team, and most teams that size end up spending a lot of hours a week on manual research and follow-up work that doesn't need a human doing it by hand.

Worth a quick chat to see if that's true for your team too?

Best,
Alex",,,tmpl_01_quick_question
eml_0723,thr_con_0831,act_0970,acc_075,Asterline Collective,con_0831,outbound,outbound_send,2026-08-24,samira.lee@lumenops.example,chloe.bertrand.0831@asterline-collective.example,Following up - Asterline Collective,"Hi Chloé,

Following up on my note last week, in case it got buried. Still happy to share a quick example if useful.

Best,
Samira",,,follow_up_bump
eml_0724,thr_con_0849,act_0971,acc_077,Copperleaf Mobility,con_0849,outbound,outbound_send,2026-08-24,thomas.chen@lumenops.example,diego.garcia.0849@copperleaf-mobility.example,"15 minutes, Diego?","Hi Diego,

Would it be worth 15 minutes to see if we can save your Operations team some manual work? Happy to work around your schedule.

Best,
Thomas",,,tmpl_06_short_direct
eml_0725,thr_con_0884,act_0974,acc_080,Fableworks Networks,con_0884,inbound,inbound_reply,2026-08-24,jakub.nowak.0884@fableworks-networks.example,oliver.bennett@lumenops.example,Re: Fableworks Networks,"Thanks for the note. Can you share a bit more detail on how this would actually work for a team like ours? Not sure it's a priority right now but curious.

Best,
Jakub",,,reply_neutral
eml_0726,thr_con_0962,act_0975,acc_087,Pinebridge Health,con_0962,outbound,outbound_send,2026-08-24,priya.nair@lumenops.example,goncalo.lopes.0962@pinebridge-health.example,Following up - Pinebridge Health,"Hi Gonçalo,

Following up on my note last week, in case it got buried. Still happy to share a quick example if useful.

Best,
Priya",,,follow_up_bump
eml_0727,thr_con_0973,act_0976,acc_088,Quartzline Advisory,con_0973,outbound,outbound_send,2026-08-24,thomas.chen@lumenops.example,emil.mattila.0973@quartzline-advisory.example,Scaling Engineering at Quartzline Advisory without scaling headcount,"Hi Emil,

As Quartzline Advisory grows, the manual side of Engineering work usually grows with it. We help teams keep that from becoming a bottleneck.

Open to a quick call?

Best,
Thomas",,,tmpl_08_growth_angle
eml_0728,thr_con_0020,act_0977,acc_001,Northstar Ledger,con_0020,outbound,outbound_send,2026-08-25,thomas.chen@lumenops.example,manon.fournier.0020@northstar-ledger.example,Quick question about Northstar Ledger's RevOps workflows,"Hi Manon,

I noticed Northstar Ledger has been growing its RevOps team, and most teams that size end up spending a lot of hours a week on manual research and follow-up work that doesn't need a human doing it by hand.

Worth a quick chat to see if that's true for your team too?

Best,
Thomas",,,tmpl_01_quick_question
eml_0729,thr_con_0051,act_0978,acc_004,Cedar & Finch Advisory,con_0051,outbound,outbound_send,2026-08-25,alex.morgan@lumenops.example,liam.jacobs.0051@cedar-finch.example,Following up - Cedar & Finch Advisory,"Hi Liam,

Following up on my note last week, in case it got buried. Still happy to share a quick example if useful.

Best,
Alex",,,follow_up_bump
eml_0730,thr_con_0070,act_0980,acc_006,Meadowbridge Health,con_0070,outbound,outbound_send,2026-08-25,priya.nair@lumenops.example,milan.van-dijk.0070@meadowbridge.example,Following up - Meadowbridge Health,"Hi Milan,

Following up on my note last week, in case it got buried. Still happy to share a quick example if useful.

Best,
Priya",,,follow_up_bump
eml_0731,thr_con_0079,act_0981,acc_007,Atelier Nova,con_0079,outbound,outbound_send,2026-08-25,thomas.chen@lumenops.example,alessandro.colombo.0079@atelier-nova.example,Following up - Atelier Nova,"Hi Alessandro,

Following up on my note last week, in case it got buried. Still happy to share a quick example if useful.

Best,
Thomas",,,follow_up_bump
eml_0732,thr_con_0120,act_0982,acc_011,Copperleaf Collective,con_0120,outbound,outbound_send,2026-08-25,oliver.bennett@lumenops.example,giulia.russo.0120@copperleaf-collective.example,How other Cybersecurity teams handle this,"Hi Giulia,

A few Cybersecurity companies we work with were spending hours a week manually pulling together research before big decisions. We helped automate most of it.

Curious if that's a pain point at Copperleaf Collective as well?

Best,
Oliver",,,tmpl_05_peer_reference
eml_0733,thr_con_0150,act_0983,acc_014,Fableworks Services,con_0150,outbound,outbound_send,2026-08-25,oliver.bennett@lumenops.example,emil.makinen.0150@fableworks-services.example,Scaling IT at Fableworks Services without scaling headcount,"Hi Emil,

As Fableworks Services grows, the manual side of IT work usually grows with it. We help teams keep that from becoming a bottleneck.

Open to a quick call?

Best,
Oliver",,,tmpl_08_growth_angle
eml_0734,thr_con_0188,act_0984,acc_017,Latticepoint Industries,con_0188,outbound,outbound_send,2026-08-25,priya.nair@lumenops.example,noah.jones.0188@latticepoint-industries.example,How other E-commerce teams handle this,"Hi Noah,

A few E-commerce companies we work with were spending hours a week manually pulling together research before big decisions. We helped automate most of it.

Curious if that's a pain point at Latticepoint Industries as well?

Best,
Priya",,,tmpl_05_peer_reference
eml_0735,thr_con_0238,act_0985,acc_022,Quartzline Platforms,con_0238,outbound,outbound_send,2026-08-25,thomas.chen@lumenops.example,leo.lee.0238@quartzline-platforms.example,How does Quartzline Platforms handle repetitive Operations research today?,"Hi Leo,

Curious how Quartzline Platforms currently handles the more repetitive parts of Operations research and follow-up. Most teams we talk to are doing a lot of it manually.

Worth comparing notes?

Best,
Thomas",,,tmpl_07_question_led
eml_0736,thr_con_0281,act_0986,acc_026,Terravale Labs,con_0281,outbound,outbound_send,2026-08-25,samira.lee@lumenops.example,alice.de-luca.0281@terravale-labs.example,Energy teams and manual research overhead,"Hi Alice,

Working with a few other Energy companies right now on reducing the manual research and busywork that piles up around Innovation. Thought it might be relevant to Terravale Labs too.

Would you be open to comparing notes?

Best,
Samira",,,tmpl_03_industry_based
eml_0737,thr_con_0314,act_0988,acc_029,Wintermere Mobility,con_0314,inbound,inbound_reply,2026-08-25,karolina.hajek.0314@wintermere-mobility.example,priya.nair@lumenops.example,Re: Wintermere Mobility,"Thanks for the note. Can you share a bit more detail on how this would actually work for a team like ours? Not sure it's a priority right now but curious.

Best,
Karolína",,,reply_neutral
eml_0738,thr_con_0390,act_0990,acc_036,Oakridge Systems,con_0390,outbound,outbound_send,2026-08-25,alex.morgan@lumenops.example,elias.hansen.0390@oakridge-systems.example,Following up - Oakridge Systems,"Hi Elias,

Following up on my note last week, in case it got buried. Still happy to share a quick example if useful.

Best,
Alex",deal_010,,follow_up_bump
eml_0739,thr_con_0391,act_0991,acc_036,Oakridge Systems,con_0391,inbound,inbound_reply,2026-08-25,ida.berg.0391@oakridge-systems.example,alex.morgan@lumenops.example,Re: Oakridge Systems,"Thanks for the note. Can you share a bit more detail on how this would actually work for a team like ours? Not sure it's a priority right now but curious.

Best,
Ida",,,reply_neutral
eml_0740,thr_con_0459,act_0992,acc_042,Asterline Labs,con_0459,outbound,outbound_send,2026-08-25,oliver.bennett@lumenops.example,astrid.lindberg.0459@asterline-labs.example,Quick question about Asterline Labs's Data workflows,"Hi Astrid,

I noticed Asterline Labs has been growing its Data team, and most teams that size end up spending a lot of hours a week on manual research and follow-up work that doesn't need a human doing it by hand.

Worth a quick chat to see if that's true for your team too?

Best,
Oliver",,,tmpl_01_quick_question
eml_0741,thr_con_0546,act_0995,acc_050,Latticepoint Energy,con_0546,outbound,outbound_send,2026-08-25,alex.morgan@lumenops.example,martim.rodrigues.0546@latticepoint-energy.example,Manufacturing teams and manual research overhead,"Hi Martim,

Working with a few other Manufacturing companies right now on reducing the manual research and busywork that piles up around Operations. Thought it might be relevant to Latticepoint Energy too.

Would you be open to comparing notes?

Best,
Alex",,,tmpl_03_industry_based
eml_0742,thr_con_0670,act_0997,acc_061,Willowgate Mobility,con_0670,outbound,outbound_send,2026-08-25,oliver.bennett@lumenops.example,arthur.wilson.0670@willowgate-mobility.example,Quick question about Willowgate Mobility's Engineering workflows,"Hi Arthur,

I noticed Willowgate Mobility has been growing its Engineering team, and most teams that size end up spending a lot of hours a week on manual research and follow-up work that doesn't need a human doing it by hand.

Worth a quick chat to see if that's true for your team too?

Best,
Oliver",,,tmpl_01_quick_question
eml_0743,thr_con_0732,act_0999,acc_066,Ironvale Energy,con_0732,outbound,outbound_send,2026-08-25,alex.morgan@lumenops.example,lucie.kucera.0732@ironvale-energy.example,For VP Products at Ironvale Energy,"Hi Lucie,

As VP Product at Ironvale Energy, you're probably dealing with a lot of repetitive cross-functional requests. We help teams like yours cut that down significantly.

Open to a 15-minute call this week?

Best,
Alex",,,tmpl_02_role_based
eml_0744,thr_con_0746,act_1000,acc_067,Mapleworks Cloud,con_0746,outbound,outbound_send,2026-08-25,oliver.bennett@lumenops.example,oliver.lopez.0746@mapleworks-cloud.example,The manual work behind Marketing at growing companies,"Hi Oliver,

Most Marketing teams at companies Mapleworks Cloud's size end up buried in manual research, data pulls, and follow-up that could be automated. Wondering if that resonates.

Best,
Oliver",,,tmpl_09_problem_first
eml_0745,thr_con_0787,act_1001,acc_071,Skyward Health,con_0787,outbound,outbound_send,2026-08-25,alex.morgan@lumenops.example,fleur.hendriks.0787@skyward-health.example,"15 minutes, Fleur?","Hi Fleur,

Would it be worth 15 minutes to see if we can save your IT team some manual work? Happy to work around your schedule.

Best,
Alex",,,tmpl_06_short_direct
eml_0746,thr_con_0821,act_1004,acc_074,Yarrow Labs,con_0821,outbound,outbound_send,2026-08-25,samira.lee@lumenops.example,william.garcia.0821@yarrow-labs.example,For Head of Digital Transformations at Yarrow Labs,"Hi William,

As Head of Digital Transformation at Yarrow Labs, you're probably dealing with a lot of repetitive cross-functional requests. We help teams like yours cut that down significantly.

Open to a 15-minute call this week?

Best,
Samira",,,tmpl_02_role_based
eml_0747,thr_con_0893,act_1005,acc_081,Graniteway Industries,con_0893,outbound,outbound_send,2026-08-25,samira.lee@lumenops.example,ethan.smith.0893@graniteway-industries.example,Professional services teams and manual research overhead,"Hi Ethan,

Working with a few other Professional services companies right now on reducing the manual research and busywork that piles up around Marketing Operations. Thought it might be relevant to Graniteway Industries too.

Would you be open to comparing notes?

Best,
Samira",,,tmpl_03_industry_based
eml_0748,thr_con_0024,act_1006,acc_001,Northstar Ledger,con_0024,outbound,outbound_send,2026-08-26,oliver.bennett@lumenops.example,antoine.laurent.0024@northstar-ledger.example,How does Northstar Ledger handle repetitive Engineering research today?,"Hi Antoine,

Curious how Northstar Ledger currently handles the more repetitive parts of Engineering research and follow-up. Most teams we talk to are doing a lot of it manually.

Worth comparing notes?

Best,
Oliver",,,tmpl_07_question_led
eml_0749,thr_con_0109,act_1007,acc_010,Bluehaven Labs,con_0109,outbound,outbound_send,2026-08-26,priya.nair@lumenops.example,anna.schroder.0109@bluehaven-labs.example,Financial technology teams and manual research overhead,"Hi Anna,

Working with a few other Financial technology companies right now on reducing the manual research and busywork that piles up around IT. Thought it might be relevant to Bluehaven Labs too.

Would you be open to comparing notes?

Best,
Priya",,,tmpl_03_industry_based
eml_0750,thr_con_0114,act_1008,acc_011,Copperleaf Collective,con_0114,outbound,outbound_send,2026-08-26,priya.nair@lumenops.example,leonardo.esposito.0114@copperleaf-collective.example,Scaling Engineering at Copperleaf Collective without scaling headcount,"Hi Leonardo,

As Copperleaf Collective grows, the manual side of Engineering work usually grows with it. We help teams keep that from becoming a bottleneck.

Open to a quick call?

Best,
Priya",,,tmpl_08_growth_angle
eml_0751,thr_con_0179,act_1010,acc_017,Latticepoint Industries,con_0179,outbound,outbound_send,2026-08-26,samira.lee@lumenops.example,emily.williams.0179@latticepoint-industries.example,Scaling IT at Latticepoint Industries without scaling headcount,"Hi Emily,

As Latticepoint Industries grows, the manual side of IT work usually grows with it. We help teams keep that from becoming a bottleneck.

Open to a quick call?

Best,
Samira",,,tmpl_08_growth_angle
eml_0752,thr_con_0282,act_1011,acc_026,Terravale Labs,con_0282,outbound,outbound_send,2026-08-26,samira.lee@lumenops.example,francesco.colombo.0282@terravale-labs.example,Following up - Terravale Labs,"Hi Francesco,

Following up on my note last week, in case it got buried. Still happy to share a quick example if useful.

Best,
Samira",,,follow_up_bump
eml_0753,thr_con_0327,act_1012,acc_030,Brightpath Services,con_0327,outbound,outbound_send,2026-08-26,samira.lee@lumenops.example,ava.johnson.0327@brightpath-services.example,The manual work behind Operations at growing companies,"Hi Ava,

Most Operations teams at companies Brightpath Services's size end up buried in manual research, data pulls, and follow-up that could be automated. Wondering if that resonates.

Best,
Samira",,,tmpl_09_problem_first
eml_0754,thr_con_0378,act_1013,acc_035,Noviant Cloud,con_0378,outbound,outbound_send,2026-08-26,oliver.bennett@lumenops.example,cian.walsh.0378@noviant-cloud.example,How does Noviant Cloud handle repetitive Finance research today?,"Hi Cian,

Curious how Noviant Cloud currently handles the more repetitive parts of Finance research and follow-up. Most teams we talk to are doing a lot of it manually.

Worth comparing notes?

Best,
Oliver",,,tmpl_07_question_led
eml_0755,thr_con_0380,act_1015,acc_035,Noviant Cloud,con_0380,outbound,outbound_send,2026-08-26,oliver.bennett@lumenops.example,grace.o-neill.0380@noviant-cloud.example,Following up - Noviant Cloud,"Hi Grace,

Following up on my note last week, in case it got buried. Still happy to share a quick example if useful.

Best,
Oliver",,,follow_up_bump
eml_0756,thr_con_0415,act_1016,acc_038,Skyward Platforms,con_0415,outbound,outbound_send,2026-08-26,thomas.chen@lumenops.example,camille.moreau.0415@skyward-platforms.example,Scaling Marketing at Skyward Platforms without scaling headcount,"Hi Camille,

As Skyward Platforms grows, the manual side of Marketing work usually grows with it. We help teams keep that from becoming a bottleneck.

Open to a quick call?

Best,
Thomas",,,tmpl_08_growth_angle
eml_0757,thr_con_0508,act_1017,acc_046,Emberfield Services,con_0508,outbound,outbound_send,2026-08-26,priya.nair@lumenops.example,gabriel.bernard.0508@emberfield-services.example,Quick question about Emberfield Services's Innovation workflows,"Hi Gabriel,

I noticed Emberfield Services has been growing its Innovation team, and most teams that size end up spending a lot of hours a week on manual research and follow-up work that doesn't need a human doing it by hand.

Worth a quick chat to see if that's true for your team too?

Best,
Priya",,,tmpl_01_quick_question
eml_0758,thr_con_0574,act_1018,acc_052,Northstar Systems,con_0574,outbound,outbound_send,2026-08-26,alex.morgan@lumenops.example,benjamin.anderson.0574@northstar-systems.example,How does Northstar Systems handle repetitive Innovation research today?,"Hi Benjamin,

Curious how Northstar Systems currently handles the more repetitive parts of Innovation research and follow-up. Most teams we talk to are doing a lot of it manually.

Worth comparing notes?

Best,
Alex",,,tmpl_07_question_led
eml_0759,thr_con_0608,act_1019,acc_055,Quartzline Health,con_0608,outbound,outbound_send,2026-08-26,alex.morgan@lumenops.example,marta.perez.0608@quartzline-health.example,For Chief Operating Officers at Quartzline Health,"Hi Marta,

As Chief Operating Officer at Quartzline Health, you're probably dealing with a lot of repetitive cross-functional requests. We help teams like yours cut that down significantly.

Open to a 15-minute call this week?

Best,
Alex",,,tmpl_02_role_based
eml_0760,thr_con_0981,act_1022,acc_089,Riverstone Analytics,con_0981,outbound,outbound_send,2026-08-26,alex.morgan@lumenops.example,oliver.jones.0981@riverstone-analytics.example,"15 minutes, Oliver?","Hi Oliver,

Would it be worth 15 minutes to see if we can save your Marketing team some manual work? Happy to work around your schedule.

Best,
Alex",,,tmpl_06_short_direct
eml_0761,thr_con_0991,act_1023,acc_090,Silvergrove Labs,con_0991,outbound,outbound_send,2026-08-26,alex.morgan@lumenops.example,chloe.martin.0991@silvergrove-labs.example,Cybersecurity teams and manual research overhead,"Hi Chloé,

Working with a few other Cybersecurity companies right now on reducing the manual research and busywork that piles up around Security. Thought it might be relevant to Silvergrove Labs too.

Would you be open to comparing notes?

Best,
Alex",,,tmpl_03_industry_based
eml_0762,thr_con_0035,act_1024,acc_003,Morrow Mobility,con_0035,outbound,outbound_send,2026-08-27,oliver.bennett@lumenops.example,finn.schulz.0035@morrow-mobility.example,For Head of Technologys at Morrow Mobility,"Hi Finn,

As Head of Technology at Morrow Mobility, you're probably dealing with a lot of repetitive cross-functional requests. We help teams like yours cut that down significantly.

Open to a 15-minute call this week?

Best,
Oliver",,,tmpl_02_role_based
eml_0763,thr_con_0097,act_1025,acc_009,Asterline Analytics,con_0097,outbound,outbound_send,2026-08-27,samira.lee@lumenops.example,louis.garcia.0097@asterline-analytics.example,Following up - Asterline Analytics,"Hi Louis,

Following up on my note last week, in case it got buried. Still happy to share a quick example if useful.

Best,
Samira",,,follow_up_bump
eml_0764,thr_con_0280,act_1029,acc_026,Terravale Labs,con_0280,outbound,outbound_send,2026-08-27,alex.morgan@lumenops.example,luca.rossi.0280@terravale-labs.example,Following up - Terravale Labs,"Hi Luca,

Following up on my note last week, in case it got buried. Still happy to share a quick example if useful.

Best,
Alex",,,follow_up_bump
eml_0765,thr_con_0387,act_1030,acc_035,Noviant Cloud,con_0387,outbound,outbound_send,2026-08-27,samira.lee@lumenops.example,clodagh.murphy.0387@noviant-cloud.example,Quick question about Noviant Cloud's Risk workflows,"Hi Clodagh,

I noticed Noviant Cloud has been growing its Risk team, and most teams that size end up spending a lot of hours a week on manual research and follow-up work that doesn't need a human doing it by hand.

Worth a quick chat to see if that's true for your team too?

Best,
Samira",,,tmpl_01_quick_question
eml_0766,thr_con_0397,act_1032,acc_036,Oakridge Systems,con_0397,outbound,outbound_send,2026-08-27,thomas.chen@lumenops.example,isak.pettersen.0397@oakridge-systems.example,"15 minutes, Isak?","Hi Isak,

Would it be worth 15 minutes to see if we can save your Engineering team some manual work? Happy to work around your schedule.

Best,
Thomas",,,tmpl_06_short_direct
eml_0767,thr_con_0416,act_1033,acc_038,Skyward Platforms,con_0416,outbound,outbound_send,2026-08-27,oliver.bennett@lumenops.example,nina.dubois.0416@skyward-platforms.example,Following up - Skyward Platforms,"Hi Nina,

Following up on my note last week, in case it got buried. Still happy to share a quick example if useful.

Best,
Oliver",,,follow_up_bump
eml_0768,thr_con_0462,act_1035,acc_042,Asterline Labs,con_0462,outbound,outbound_send,2026-08-27,alex.morgan@lumenops.example,ella.bengtsson.0462@asterline-labs.example,How does Asterline Labs handle repetitive Data research today?,"Hi Ella,

Curious how Asterline Labs currently handles the more repetitive parts of Data research and follow-up. Most teams we talk to are doing a lot of it manually.

Worth comparing notes?

Best,
Alex",,,tmpl_07_question_led
eml_0769,thr_con_0495,act_1036,acc_045,Deltaforge Mobility,con_0495,outbound,outbound_send,2026-08-27,alex.morgan@lumenops.example,maya.ong.0495@deltaforge-mobility.example,The manual work behind General Management at growing companies,"Hi Maya,

Most General Management teams at companies Deltaforge Mobility's size end up buried in manual research, data pulls, and follow-up that could be automated. Wondering if that resonates.

Best,
Alex",,,tmpl_09_problem_first
eml_0770,thr_con_0557,act_1037,acc_050,Latticepoint Energy,con_0557,outbound,outbound_send,2026-08-27,samira.lee@lumenops.example,pedro.sousa.0557@latticepoint-energy.example,Following up - Latticepoint Energy,"Hi Pedro,

Following up on my note last week, in case it got buried. Still happy to share a quick example if useful.

Best,
Samira",,,follow_up_bump
eml_0771,thr_con_0627,act_1038,acc_057,Silvergrove Analytics,con_0627,outbound,outbound_send,2026-08-27,oliver.bennett@lumenops.example,clara.mller.0627@silvergrove-analytics.example,Quick question about Silvergrove Analytics's Operations workflows,"Hi Clara,

I noticed Silvergrove Analytics has been growing its Operations team, and most teams that size end up spending a lot of hours a week on manual research and follow-up work that doesn't need a human doing it by hand.

Worth a quick chat to see if that's true for your team too?

Best,
Oliver",,,tmpl_01_quick_question
eml_0772,thr_con_0672,act_1039,acc_061,Willowgate Mobility,con_0672,outbound,outbound_send,2026-08-27,priya.nair@lumenops.example,freya.walker.0672@willowgate-mobility.example,Introduction - Priya from Lumen Ops,"Hi Freya,

Reaching out because we work with RevOps teams to cut down on manual research and repetitive follow-up work. Thought it might be relevant at Willowgate Mobility.

Open to connecting?

Best,
Priya",,,tmpl_10_soft_intro
eml_0773,thr_con_0761,act_1040,acc_069,Oakridge Digital,con_0761,outbound,outbound_send,2026-08-27,thomas.chen@lumenops.example,elias.wolf.0761@oakridge-digital.example,The manual work behind Growth at growing companies,"Hi Elias,

Most Growth teams at companies Oakridge Digital's size end up buried in manual research, data pulls, and follow-up that could be automated. Wondering if that resonates.

Best,
Thomas",,,tmpl_09_problem_first
eml_0774,thr_con_0844,act_1041,acc_076,Bluehaven Commerce,con_0844,outbound,outbound_send,2026-08-27,oliver.bennett@lumenops.example,grace.wright.0844@bluehaven-commerce.example,Manufacturing teams and manual research overhead,"Hi Grace,

Working with a few other Manufacturing companies right now on reducing the manual research and busywork that piles up around IT. Thought it might be relevant to Bluehaven Commerce too.

Would you be open to comparing notes?

Best,
Oliver",,,tmpl_03_industry_based
eml_0775,thr_con_0960,act_1042,acc_087,Pinebridge Health,con_0960,outbound,outbound_send,2026-08-27,alex.morgan@lumenops.example,matilde.martins.0960@pinebridge-health.example,Introduction - Alex from Lumen Ops,"Hi Matilde,

Reaching out because we work with Product Operations teams to cut down on manual research and repetitive follow-up work. Thought it might be relevant at Pinebridge Health.

Open to connecting?

Best,
Alex",,,tmpl_10_soft_intro
eml_0776,thr_con_0044,act_1043,acc_004,Cedar & Finch Advisory,con_0044,outbound,outbound_send,2026-08-28,thomas.chen@lumenops.example,nathan.vandenberghe.0044@cedar-finch.example,How does Cedar & Finch Advisory handle repetitive Business Development research today?,"Hi Nathan,

Curious how Cedar & Finch Advisory currently handles the more repetitive parts of Business Development research and follow-up. Most teams we talk to are doing a lot of it manually.

Worth comparing notes?

Best,
Thomas",,,tmpl_07_question_led
eml_0777,thr_con_0053,act_1044,acc_005,Brightforge Manufacturing,con_0053,inbound,inbound_reply,2026-08-28,sophie.vincent.0053@brightforge.example,oliver.bennett@lumenops.example,Re: Brightforge Manufacturing,"Thanks for the note. Can you share a bit more detail on how this would actually work for a team like ours? Not sure it's a priority right now but curious.

Best,
Sophie",,,reply_neutral
eml_0778,thr_con_0147,act_1046,acc_014,Fableworks Services,con_0147,outbound,outbound_send,2026-08-28,thomas.chen@lumenops.example,oliver.nieminen.0147@fableworks-services.example,"15 minutes, Oliver?","Hi Oliver,

Would it be worth 15 minutes to see if we can save your Customer Success team some manual work? Happy to work around your schedule.

Best,
Thomas",,,tmpl_06_short_direct
eml_0779,thr_con_0165,act_1047,acc_015,Graniteway Works,con_0165,outbound,outbound_send,2026-08-28,thomas.chen@lumenops.example,evelyn.jackson.0165@graniteway-works.example,Following up - Graniteway Works,"Hi Evelyn,

Following up on my note last week, in case it got buried. Still happy to share a quick example if useful.

Best,
Thomas",,,follow_up_bump
eml_0780,thr_con_0221,act_1048,acc_021,Pinebridge Digital,con_0221,outbound,outbound_send,2026-08-28,thomas.chen@lumenops.example,alina.weber.0221@pinebridge-digital.example,Following up - Pinebridge Digital,"Hi Alina,

Following up on my note last week, in case it got buried. Still happy to share a quick example if useful.

Best,
Thomas",,,follow_up_bump
eml_0781,thr_con_0229,act_1049,acc_021,Pinebridge Digital,con_0229,outbound,outbound_send,2026-08-28,priya.nair@lumenops.example,leon.steiner.0229@pinebridge-digital.example,How does Pinebridge Digital handle repetitive Supply Chain research today?,"Hi Leon,

Curious how Pinebridge Digital currently handles the more repetitive parts of Supply Chain research and follow-up. Most teams we talk to are doing a lot of it manually.

Worth comparing notes?

Best,
Priya",,,tmpl_07_question_led
eml_0782,thr_con_0318,act_1051,acc_029,Wintermere Mobility,con_0318,inbound,inbound_reply,2026-08-28,david.prochazka.0318@wintermere-mobility.example,priya.nair@lumenops.example,Re: Wintermere Mobility,"Thanks for the note. Can you share a bit more detail on how this would actually work for a team like ours? Not sure it's a priority right now but curious.

Best,
David",,,reply_neutral
eml_0783,thr_con_0413,act_1052,acc_038,Skyward Platforms,con_0413,outbound,outbound_send,2026-08-28,samira.lee@lumenops.example,manon.thomas.0413@skyward-platforms.example,Scaling Security at Skyward Platforms without scaling headcount,"Hi Manon,

As Skyward Platforms grows, the manual side of Security work usually grows with it. We help teams keep that from becoming a bottleneck.

Open to a quick call?

Best,
Samira",,,tmpl_08_growth_angle
eml_0784,thr_con_0441,act_1054,acc_040,Westmere Advisory,con_0441,outbound,outbound_send,2026-08-28,oliver.bennett@lumenops.example,mateo.ruiz.0441@westmere-advisory.example,How other Software teams handle this,"Hi Mateo,

A few Software companies we work with were spending hours a week manually pulling together research before big decisions. We helped automate most of it.

Curious if that's a pain point at Westmere Advisory as well?

Best,
Oliver",,,tmpl_05_peer_reference
eml_0785,thr_con_0458,act_1057,acc_042,Asterline Labs,con_0458,outbound,outbound_send,2026-08-28,thomas.chen@lumenops.example,noah.karlsson.0458@asterline-labs.example,How does Asterline Labs handle repetitive Engineering research today?,"Hi Noah,

Curious how Asterline Labs currently handles the more repetitive parts of Engineering research and follow-up. Most teams we talk to are doing a lot of it manually.

Worth comparing notes?

Best,
Thomas",,,tmpl_07_question_led
eml_0786,thr_con_0478,act_1058,acc_043,Bluehaven Collective,con_0478,outbound,outbound_send,2026-08-28,samira.lee@lumenops.example,hanna.wojcik.0478@bluehaven-collective.example,For IT Directors at Bluehaven Collective,"Hi Hanna,

As IT Director at Bluehaven Collective, you're probably dealing with a lot of repetitive cross-functional requests. We help teams like yours cut that down significantly.

Open to a 15-minute call this week?

Best,
Samira",,,tmpl_02_role_based
eml_0787,thr_con_0506,act_1059,acc_046,Emberfield Services,con_0506,outbound,outbound_send,2026-08-28,oliver.bennett@lumenops.example,lea.garcia.0506@emberfield-services.example,Following up - Emberfield Services,"Hi Léa,

Following up on my note last week, in case it got buried. Still happy to share a quick example if useful.

Best,
Oliver",,,follow_up_bump
eml_0788,thr_con_0521,act_1060,acc_047,Fableworks Works,con_0521,outbound,outbound_send,2026-08-28,oliver.bennett@lumenops.example,felix.koch.0521@fableworks-works.example,"15 minutes, Felix?","Hi Felix,

Would it be worth 15 minutes to see if we can save your Operations team some manual work? Happy to work around your schedule.

Best,
Oliver",,,tmpl_06_short_direct
eml_0789,thr_con_0628,act_1061,acc_057,Silvergrove Analytics,con_0628,inbound,inbound_reply,2026-08-28,william.madsen.0628@silvergrove-analytics.example,priya.nair@lumenops.example,Re: Silvergrove Analytics,"Thanks for the note. Can you share a bit more detail on how this would actually work for a team like ours? Not sure it's a priority right now but curious.

Best,
William",,,reply_neutral
eml_0790,thr_con_0681,act_1062,acc_062,Wintermere Services,con_0681,outbound,outbound_send,2026-08-28,priya.nair@lumenops.example,felix.schroder.0681@wintermere-services.example,How other Financial technology teams handle this,"Hi Felix,

A few Financial technology companies we work with were spending hours a week manually pulling together research before big decisions. We helped automate most of it.

Curious if that's a pain point at Wintermere Services as well?

Best,
Priya",,,tmpl_05_peer_reference
eml_0791,thr_con_0857,act_1064,acc_078,Deltaforge Services,con_0857,outbound,outbound_send,2026-08-28,alex.morgan@lumenops.example,matteo.romano.0857@deltaforge-services.example,Following up - Deltaforge Services,"Hi Matteo,

Following up on my note last week, in case it got buried. Still happy to share a quick example if useful.

Best,
Alex",,,follow_up_bump
eml_0792,thr_con_0891,act_1065,acc_081,Graniteway Industries,con_0891,outbound,outbound_send,2026-08-28,thomas.chen@lumenops.example,theo.bouchard.0891@graniteway-industries.example,"15 minutes, Theo?","Hi Theo,

Would it be worth 15 minutes to see if we can save your Operations team some manual work? Happy to work around your schedule.

Best,
Thomas",,,tmpl_06_short_direct
eml_0793,thr_con_0902,act_1066,acc_081,Graniteway Industries,con_0902,outbound,outbound_send,2026-08-28,thomas.chen@lumenops.example,chloe.miller.0902@graniteway-industries.example,Quick question about Graniteway Industries's Consulting workflows,"Hi Chloe,

I noticed Graniteway Industries has been growing its Consulting team, and most teams that size end up spending a lot of hours a week on manual research and follow-up work that doesn't need a human doing it by hand.

Worth a quick chat to see if that's true for your team too?

Best,
Thomas",,,tmpl_01_quick_question
eml_0794,thr_con_0964,act_1067,acc_087,Pinebridge Health,con_0964,outbound,outbound_send,2026-08-28,oliver.bennett@lumenops.example,miguel.teixeira.0964@pinebridge-health.example,The manual work behind Risk at growing companies,"Hi Miguel,

Most Risk teams at companies Pinebridge Health's size end up buried in manual research, data pulls, and follow-up that could be automated. Wondering if that resonates.

Best,
Oliver",,,tmpl_09_problem_first
