contact_id,account_id,company_name,company_domain,first_name,last_name,email,job_title,function,seniority,city,country,linkedin_url,persona_fit,company_industry,company_headcount,company_country,contact_source,contact_created_at,source_updated_at
con_001,acc_001,Northstar Ledger,northstar-ledger.example,Elena,Marin,elena.marin@northstar-ledger.example,Chief Information Officer,IT,executive,Paris,France,https://social.example/in/elena-marin,priority,Financial technology,280,France,legacy_workshop_seed,2026-07-15,2026-08-18
con_002,acc_001,Northstar Ledger,northstar-ledger.example,Jonas,Vega,jonas.vega@northstar-ledger.example,Revenue Operations Manager,RevOps,manager,Paris,France,https://social.example/in/jonas-vega,relevant,Financial technology,280,France,legacy_workshop_seed,2026-07-15,2026-08-18
con_003,acc_002,Harborline Systems,harborline-systems.example,Amira,Khan,amira.khan@harborline-systems.example,VP Engineering,Engineering,vp,London,United Kingdom,https://social.example/in/amira-khan,priority,Cybersecurity,120,United Kingdom,legacy_workshop_seed,2026-07-15,2026-08-17
con_004,acc_002,Harborline Systems,harborline-systems.example,Theo,Meyer,theo.meyer@harborline-systems.example,Demand Generation Lead,Marketing,lead,London,United Kingdom,https://social.example/in/theo-meyer,relevant,Cybersecurity,120,United Kingdom,legacy_workshop_seed,2026-07-15,2026-08-17
con_005,acc_003,Morrow Mobility,morrow-mobility.example,Sofia,Keller,sofia.keller@morrow-mobility.example,Director of Operations,Operations,director,Berlin,Germany,https://social.example/in/sofia-keller,relevant,Transportation,340,Germany,legacy_workshop_seed,2026-07-15,2026-08-16
con_006,acc_003,Morrow Mobility,morrow-mobility.example,Lukas,Brandt,lukas.brandt@morrow-mobility.example,Fleet Product Manager,Product,manager,Berlin,Germany,https://social.example/in/lukas-brandt,secondary,Transportation,340,Germany,legacy_workshop_seed,2026-07-15,2026-08-16
con_007,acc_004,Cedar & Finch Advisory,cedar-finch.example,Nadia,Rossi,nadia.rossi@cedar-finch.example,"Partner, Operations Transformation",Consulting,executive,Brussels,Belgium,https://social.example/in/nadia-rossi,relevant,Professional services,95,Belgium,legacy_workshop_seed,2026-07-15,2026-08-15
con_008,acc_004,Cedar & Finch Advisory,cedar-finch.example,Marc,Dubois,marc.dubois@cedar-finch.example,Marketing Operations Specialist,Marketing Operations,individual_contributor,Brussels,Belgium,https://social.example/in/marc-dubois,relevant,Professional services,95,Belgium,legacy_workshop_seed,2026-07-15,2026-08-15
con_009,acc_005,Brightforge Manufacturing,brightforge.example,Claire,Morel,claire.morel@brightforge.example,Chief Digital Officer,Digital Transformation,executive,Lyon,France,https://social.example/in/claire-morel,priority,Manufacturing,760,France,legacy_workshop_seed,2026-07-15,2026-08-14
con_010,acc_005,Brightforge Manufacturing,brightforge.example,Hugo,Bernard,hugo.bernard@brightforge.example,IT Security Manager,Security,manager,Lyon,France,https://social.example/in/hugo-bernard,priority,Manufacturing,760,France,legacy_workshop_seed,2026-07-15,2026-08-14
con_011,acc_006,Meadowbridge Health,meadowbridge.example,Maya,Smit,maya.smit@meadowbridge.example,Head of Patient Experience,Operations,director,Amsterdam,Netherlands,https://social.example/in/maya-smit,secondary,Healthcare,1800,Netherlands,legacy_workshop_seed,2026-07-15,2026-08-13
con_012,acc_006,Meadowbridge Health,meadowbridge.example,Ruben,Visser,ruben.visser@meadowbridge.example,IT Program Manager,IT,manager,Amsterdam,Netherlands,https://social.example/in/ruben-visser,secondary,Healthcare,1800,Netherlands,legacy_workshop_seed,2026-07-15,2026-08-13
con_013,acc_007,Atelier Nova,atelier-nova.example,Giulia,Conti,giulia.conti@atelier-nova.example,Studio Director,General Management,executive,Milan,Italy,https://social.example/in/giulia-conti,secondary,Design services,32,Italy,legacy_workshop_seed,2026-07-15,2026-08-12
con_014,acc_007,Atelier Nova,atelier-nova.example,Pietro,Riva,pietro.riva@atelier-nova.example,Business Development Manager,Business Development,manager,Milan,Italy,https://social.example/in/pietro-riva,secondary,Design services,32,Italy,legacy_workshop_seed,2026-07-15,2026-08-12
con_015,acc_008,Summit Grid Authority,summit-grid.example,Lucia,Ortega,lucia.ortega@summit-grid.example,Director of Innovation Programs,Innovation,director,Madrid,Spain,https://social.example/in/lucia-ortega,priority,Public sector,2200,Spain,legacy_workshop_seed,2026-07-15,2026-08-11
con_016,acc_008,Summit Grid Authority,summit-grid.example,Diego,Navarro,diego.navarro@summit-grid.example,Procurement Manager,Procurement,manager,Madrid,Spain,https://social.example/in/diego-navarro,secondary,Public sector,2200,Spain,legacy_workshop_seed,2026-07-15,2026-08-11
con_0017,acc_001,Northstar Ledger,northstar-ledger.example,Camille,Bernard,camille.bernard.0017@northstar-ledger.example,Chief Information Officer,IT,executive,Paris,France,https://social.example/in/camille.bernard-0017,priority,Financial technology,280,France,import,2026-08-15,2026-07-27
con_0018,acc_001,Northstar Ledger,northstar-ledger.example,Nina,Michel,nina.michel.0018@northstar-ledger.example,VP Engineering,Engineering,vp,Paris,France,https://social.example/in/nina.michel-0018,priority,Financial technology,280,France,outbound_research,2026-05-05,2026-08-01
con_0019,acc_001,Northstar Ledger,northstar-ledger.example,Antoine,Petit,antoine.petit.0019@northstar-ledger.example,Head of Risk,Risk,director,Paris,France,https://social.example/in/antoine.petit-0019,relevant,Financial technology,280,France,website,2026-05-18,2026-08-06
con_0020,acc_001,Northstar Ledger,northstar-ledger.example,Manon,Fournier,manon.fournier.0020@northstar-ledger.example,Revenue Operations Director,RevOps,director,Paris,France,https://social.example/in/manon.fournier-0020,priority,Financial technology,280,France,event,2026-05-31,2026-08-11
con_0021,acc_001,Northstar Ledger,northstar-ledger.example,Arthur,Lefebvre,arthur.lefebvre.0021@northstar-ledger.example,Product Operations Manager,Product Operations,manager,Paris,France,https://social.example/in/arthur.lefebvre-0021,relevant,Financial technology,280,France,referral,2026-06-13,2026-08-16
con_0022,acc_001,Northstar Ledger,northstar-ledger.example,Camille,Richard,camille.richard.0022@northstar-ledger.example,Executive Assistant,General Management,individual_contributor,Paris,France,https://social.example/in/camille.richard-0022,not_target,Financial technology,280,France,partner,2026-06-26,2026-08-21
con_0023,acc_001,Northstar Ledger,northstar-ledger.example,Nina,Vincent,nina.vincent.0023@northstar-ledger.example,Chief Information Officer,IT,executive,Paris,France,https://social.example/in/nina.vincent-0023,priority,Financial technology,280,France,import,2026-07-09,2026-08-26
con_0024,acc_001,Northstar Ledger,northstar-ledger.example,Antoine,Laurent,antoine.laurent.0024@northstar-ledger.example,VP Engineering,Engineering,vp,Paris,France,https://social.example/in/antoine.laurent-0024,priority,Financial technology,280,France,outbound_research,2026-07-22,2026-07-03
con_0025,acc_001,Northstar Ledger,northstar-ledger.example,Manon,Robert,manon.robert.0025@northstar-ledger.example,Head of Risk,Risk,director,Paris,France,https://social.example/in/manon.robert-0025,relevant,Financial technology,280,France,website,2026-08-04,2026-07-08
con_0026,acc_002,Harborline Systems,harborline-systems.example,Maya,Williams,maya.williams.0026@harborline-systems.example,VP Engineering,Engineering,vp,London,United Kingdom,https://social.example/in/maya.williams-0026,priority,Cybersecurity,120,United Kingdom,event,2026-08-17,2026-07-13
con_0027,acc_002,Harborline Systems,harborline-systems.example,Jack,Edwards,jack.edwards.0027@harborline-systems.example,IT Security Manager,Security,manager,London,United Kingdom,https://social.example/in/jack.edwards-0027,priority,Cybersecurity,120,United Kingdom,referral,2026-05-07,2026-07-18
con_0028,acc_002,Harborline Systems,harborline-systems.example,Isla,Johnson,isla.johnson.0028@harborline-systems.example,Head of Product,Product,director,London,United Kingdom,https://social.example/in/isla.johnson-0028,relevant,Cybersecurity,120,United Kingdom,partner,2026-05-20,2026-07-23
con_0029,acc_002,Harborline Systems,harborline-systems.example,Oliver,Brown,oliver.brown.0029@harborline-systems.example,Demand Generation Director,Marketing,director,London,United Kingdom,https://social.example/in/oliver.brown-0029,relevant,Cybersecurity,120,United Kingdom,import,2026-06-02,2026-07-28
con_0030,acc_002,Harborline Systems,harborline-systems.example,Oscar,Hughes,oscar.hughes.0030@harborline-systems.example,Solutions Engineering Manager,Solutions Engineering,manager,London,United Kingdom,https://social.example/in/oscar.hughes-0030,relevant,Cybersecurity,120,United Kingdom,outbound_research,2026-06-15,2026-08-02
con_0031,acc_002,Harborline Systems,harborline-systems.example,Maya,Roberts,maya.roberts.0031@harborline-systems.example,Chief Information Security Officer,Security,executive,London,United Kingdom,https://social.example/in/maya.roberts-0031,priority,Cybersecurity,120,United Kingdom,website,2026-06-28,2026-08-07
con_0032,acc_002,Harborline Systems,harborline-systems.example,Jack,Taylor,jack.taylor.0032@harborline-systems.example,Executive Assistant,General Management,individual_contributor,London,United Kingdom,https://social.example/in/jack.taylor-0032,not_target,Cybersecurity,120,United Kingdom,event,2026-07-11,2026-08-12
con_0033,acc_002,Harborline Systems,harborline-systems.example,Isla,White,isla.white.0033@harborline-systems.example,IT Security Manager,Security,manager,London,United Kingdom,https://social.example/in/isla.white-0033,priority,Cybersecurity,120,United Kingdom,referral,2026-07-24,2026-08-17
con_0034,acc_002,Harborline Systems,harborline-systems.example,Oliver,Thomas,oliver.thomas.0034@harborline-systems.example,Head of Product,Product,director,London,United Kingdom,https://social.example/in/oliver.thomas-0034,relevant,Cybersecurity,120,United Kingdom,partner,2026-08-06,2026-08-22
con_0035,acc_003,Morrow Mobility,morrow-mobility.example,Finn,Schulz,finn.schulz.0035@morrow-mobility.example,Head of Technology,Engineering,director,Berlin,Germany,https://social.example/in/finn.schulz-0035,priority,Transportation,340,Germany,import,2026-08-19,2026-08-27
con_0036,acc_003,Morrow Mobility,morrow-mobility.example,Anna,Schmidt,anna.schmidt.0036@morrow-mobility.example,IT Operations Manager,IT,manager,Berlin,Germany,https://social.example/in/anna.schmidt-0036,relevant,Transportation,340,Germany,outbound_research,2026-05-09,2026-07-04
con_0037,acc_003,Morrow Mobility,morrow-mobility.example,Sophie,Wolf,sophie.wolf.0037@morrow-mobility.example,Product Manager,Product,manager,Berlin,Germany,https://social.example/in/sophie.wolf-0037,secondary,Transportation,340,Germany,website,2026-05-22,2026-07-09
con_0038,acc_003,Morrow Mobility,morrow-mobility.example,Max,Becker,max.becker.0038@morrow-mobility.example,Chief Operating Officer,Operations,executive,Berlin,Germany,https://social.example/in/max.becker-0038,priority,Transportation,340,Germany,event,2026-06-04,2026-07-14
con_0039,acc_003,Morrow Mobility,morrow-mobility.example,Hannah,Müller,hannah.muller.0039@morrow-mobility.example,Director of Fleet Operations,Operations,director,Berlin,Germany,https://social.example/in/hannah.muller-0039,relevant,Transportation,340,Germany,referral,2026-06-17,2026-07-19
con_0040,acc_003,Morrow Mobility,morrow-mobility.example,Finn,Klein,finn.klein.0040@morrow-mobility.example,Head of Technology,Engineering,director,Berlin,Germany,https://social.example/in/finn.klein-0040,priority,Transportation,340,Germany,partner,2026-06-30,2026-07-24
con_0041,acc_003,Morrow Mobility,morrow-mobility.example,Anna,Wagner,anna.wagner.0041@morrow-mobility.example,IT Operations Manager,IT,manager,Berlin,Germany,https://social.example/in/anna.wagner-0041,relevant,Transportation,340,Germany,import,2026-07-13,2026-07-29
con_0042,acc_003,Morrow Mobility,morrow-mobility.example,Sophie,Braun,sophie.braun.0042@morrow-mobility.example,Executive Assistant,General Management,individual_contributor,Berlin,Germany,https://social.example/in/sophie.braun-0042,not_target,Transportation,340,Germany,outbound_research,2026-07-26,2026-08-03
con_0043,acc_003,Morrow Mobility,morrow-mobility.example,Max,Richter,max.richter.0043@morrow-mobility.example,Chief Operating Officer,Operations,executive,Berlin,Germany,https://social.example/in/max.richter-0043,priority,Transportation,340,Germany,website,2026-08-08,2026-08-08
con_0044,acc_004,Cedar & Finch Advisory,cedar-finch.example,Nathan,Vandenberghe,nathan.vandenberghe.0044@cedar-finch.example,Director of Business Development,Business Development,director,Brussels,Belgium,https://social.example/in/nathan.vandenberghe-0044,relevant,Professional services,95,Belgium,event,2026-08-21,2026-08-13
con_0045,acc_004,Cedar & Finch Advisory,cedar-finch.example,Marie,Willems,marie.willems.0045@cedar-finch.example,Marketing Operations Manager,Marketing Operations,manager,Brussels,Belgium,https://social.example/in/marie.willems-0045,relevant,Professional services,95,Belgium,referral,2026-05-11,2026-08-18
con_0046,acc_004,Cedar & Finch Advisory,cedar-finch.example,Liam,Martin,liam.martin.0046@cedar-finch.example,IT Director,IT,director,Brussels,Belgium,https://social.example/in/liam.martin-0046,priority,Professional services,95,Belgium,partner,2026-05-24,2026-08-23
con_0047,acc_004,Cedar & Finch Advisory,cedar-finch.example,Alice,Vermeulen,alice.vermeulen.0047@cedar-finch.example,Managing Partner,General Management,executive,Brussels,Belgium,https://social.example/in/alice.vermeulen-0047,relevant,Professional services,95,Belgium,import,2026-06-06,2026-08-28
con_0048,acc_004,Cedar & Finch Advisory,cedar-finch.example,Louis,Mertens,louis.mertens.0048@cedar-finch.example,"Partner, Operations Transformation",Consulting,executive,Brussels,Belgium,https://social.example/in/louis.mertens-0048,priority,Professional services,95,Belgium,outbound_research,2026-06-19,2026-07-05
con_0049,acc_004,Cedar & Finch Advisory,cedar-finch.example,Nathan,Leroy,nathan.leroy.0049@cedar-finch.example,Chief Operating Officer,Operations,executive,Brussels,Belgium,https://social.example/in/nathan.leroy-0049,priority,Professional services,95,Belgium,website,2026-07-02,2026-07-10
con_0050,acc_004,Cedar & Finch Advisory,cedar-finch.example,Marie,De Vos,marie.de-vos.0050@cedar-finch.example,Director of Business Development,Business Development,director,Brussels,Belgium,https://social.example/in/marie.de-vos-0050,relevant,Professional services,95,Belgium,event,2026-07-15,2026-07-15
con_0051,acc_004,Cedar & Finch Advisory,cedar-finch.example,Liam,Jacobs,liam.jacobs.0051@cedar-finch.example,Marketing Operations Manager,Marketing Operations,manager,Brussels,Belgium,https://social.example/in/liam.jacobs-0051,relevant,Professional services,95,Belgium,referral,2026-07-28,2026-07-20
con_0052,acc_005,Brightforge Manufacturing,brightforge.example,Julien,Richard,julien.richard.0052@brightforge.example,IT Security Manager,Security,manager,Lyon,France,https://social.example/in/julien.richard-0052,priority,Manufacturing,760,France,partner,2026-08-10,2026-07-25
con_0053,acc_005,Brightforge Manufacturing,brightforge.example,Sophie,Vincent,sophie.vincent.0053@brightforge.example,Continuous Improvement Manager,Operations,manager,Lyon,France,https://social.example/in/sophie.vincent-0053,relevant,Manufacturing,760,France,import,2026-08-23,2026-07-30
con_0054,acc_005,Brightforge Manufacturing,brightforge.example,Thomas,Laurent,thomas.laurent.0054@brightforge.example,Chief Digital Officer,Digital Transformation,executive,Lyon,France,https://social.example/in/thomas.laurent-0054,priority,Manufacturing,760,France,outbound_research,2026-05-13,2026-08-04
con_0055,acc_005,Brightforge Manufacturing,brightforge.example,Élodie,Robert,elodie.robert.0055@brightforge.example,CIO,IT,executive,Lyon,France,https://social.example/in/elodie.robert-0055,priority,Manufacturing,760,France,website,2026-05-26,2026-08-09
con_0056,acc_005,Brightforge Manufacturing,brightforge.example,Clara,Roux,clara.roux.0056@brightforge.example,VP Operations,Operations,vp,Lyon,France,https://social.example/in/clara.roux-0056,priority,Manufacturing,760,France,event,2026-06-08,2026-08-14
con_0057,acc_005,Brightforge Manufacturing,brightforge.example,Julien,Simon,julien.simon.0057@brightforge.example,Plant Operations Director,Operations,director,Lyon,France,https://social.example/in/julien.simon-0057,relevant,Manufacturing,760,France,referral,2026-06-21,2026-08-19
con_0058,acc_005,Brightforge Manufacturing,brightforge.example,Sophie,Thomas,sophie.thomas.0058@brightforge.example,IT Security Manager,Security,manager,Lyon,France,https://social.example/in/sophie.thomas-0058,priority,Manufacturing,760,France,partner,2026-07-04,2026-08-24
con_0059,acc_005,Brightforge Manufacturing,brightforge.example,Thomas,Bertrand,thomas.bertrand.0059@brightforge.example,Continuous Improvement Manager,Operations,manager,Lyon,France,https://social.example/in/thomas.bertrand-0059,relevant,Manufacturing,760,France,import,2026-07-17,2026-07-01
con_0060,acc_005,Brightforge Manufacturing,brightforge.example,Élodie,Moreau,elodie.moreau.0060@brightforge.example,Chief Digital Officer,Digital Transformation,executive,Lyon,France,https://social.example/in/elodie.moreau-0060,priority,Manufacturing,760,France,outbound_research,2026-07-30,2026-07-06
con_0061,acc_005,Brightforge Manufacturing,brightforge.example,Clara,Dubois,clara.dubois.0061@brightforge.example,CIO,IT,executive,Lyon,France,https://social.example/in/clara.dubois-0061,priority,Manufacturing,760,France,website,2026-08-12,2026-07-11
con_0062,acc_006,Meadowbridge Health,meadowbridge.example,Daan,de Jong,daan.de-jong.0062@meadowbridge.example,Procurement Director,Procurement,director,Amsterdam,Netherlands,https://social.example/in/daan.de-jong-0062,secondary,Healthcare,1800,Netherlands,event,2026-05-02,2026-07-16
con_0063,acc_006,Meadowbridge Health,meadowbridge.example,Lars,Bos,lars.bos.0063@meadowbridge.example,Chief Information Officer,IT,executive,Amsterdam,Netherlands,https://social.example/in/lars.bos-0063,priority,Healthcare,1800,Netherlands,referral,2026-05-15,2026-07-21
con_0064,acc_006,Meadowbridge Health,meadowbridge.example,Eva,Janssen,eva.janssen.0064@meadowbridge.example,Chief Digital Officer,Digital Transformation,executive,Amsterdam,Netherlands,https://social.example/in/eva.janssen-0064,priority,Healthcare,1800,Netherlands,partner,2026-05-28,2026-07-26
con_0065,acc_006,Meadowbridge Health,meadowbridge.example,Milan,Brouwer,milan.brouwer.0065@meadowbridge.example,Director of Operations,Operations,director,Amsterdam,Netherlands,https://social.example/in/milan.brouwer-0065,relevant,Healthcare,1800,Netherlands,import,2026-06-10,2026-07-31
con_0066,acc_006,Meadowbridge Health,meadowbridge.example,Julia,de Groot,julia.de-groot.0066@meadowbridge.example,IT Program Manager,IT,manager,Amsterdam,Netherlands,https://social.example/in/julia.de-groot-0066,relevant,Healthcare,1800,Netherlands,outbound_research,2026-06-23,2026-08-05
con_0067,acc_006,Meadowbridge Health,meadowbridge.example,Daan,Bakker,daan.bakker.0067@meadowbridge.example,Head of Innovation,Innovation,director,Amsterdam,Netherlands,https://social.example/in/daan.bakker-0067,priority,Healthcare,1800,Netherlands,website,2026-07-06,2026-08-10
con_0068,acc_006,Meadowbridge Health,meadowbridge.example,Lars,Dekker,lars.dekker.0068@meadowbridge.example,Procurement Director,Procurement,director,Amsterdam,Netherlands,https://social.example/in/lars.dekker-0068,secondary,Healthcare,1800,Netherlands,event,2026-07-19,2026-08-15
con_0069,acc_006,Meadowbridge Health,meadowbridge.example,Eva,Mulder,eva.mulder.0069@meadowbridge.example,Chief Information Officer,IT,executive,Amsterdam,Netherlands,https://social.example/in/eva.mulder-0069,priority,Healthcare,1800,Netherlands,referral,2026-08-01,2026-08-20
con_0070,acc_006,Meadowbridge Health,meadowbridge.example,Milan,van Dijk,milan.van-dijk.0070@meadowbridge.example,Chief Digital Officer,Digital Transformation,executive,Amsterdam,Netherlands,https://social.example/in/milan.van-dijk-0070,priority,Healthcare,1800,Netherlands,partner,2026-08-14,2026-08-25
con_0071,acc_006,Meadowbridge Health,meadowbridge.example,Julia,van Leeuwen,julia.van-leeuwen.0071@meadowbridge.example,Director of Operations,Operations,director,Amsterdam,Netherlands,https://social.example/in/julia.van-leeuwen-0071,relevant,Healthcare,1800,Netherlands,import,2026-05-04,2026-07-02
con_0072,acc_007,Atelier Nova,atelier-nova.example,Aurora,Costa,aurora.costa.0072@atelier-nova.example,Business Development Manager,Business Development,manager,Milan,Italy,https://social.example/in/aurora.costa-0072,relevant,Design services,32,Italy,outbound_research,2026-05-17,2026-07-07
con_0073,acc_007,Atelier Nova,atelier-nova.example,Matteo,Marino,matteo.marino.0073@atelier-nova.example,Marketing Operations Specialist,Marketing Operations,individual_contributor,Milan,Italy,https://social.example/in/matteo.marino-0073,secondary,Design services,32,Italy,website,2026-05-30,2026-07-12
con_0074,acc_007,Atelier Nova,atelier-nova.example,Alessandro,Russo,alessandro.russo.0074@atelier-nova.example,Studio Director,General Management,executive,Milan,Italy,https://social.example/in/alessandro.russo-0074,relevant,Design services,32,Italy,event,2026-06-12,2026-07-17
con_0075,acc_007,Atelier Nova,atelier-nova.example,Beatrice,Mancini,beatrice.mancini.0075@atelier-nova.example,Operations Director,Operations,director,Milan,Italy,https://social.example/in/beatrice.mancini-0075,relevant,Design services,32,Italy,referral,2026-06-25,2026-07-22
con_0076,acc_007,Atelier Nova,atelier-nova.example,Gabriele,Ricci,gabriele.ricci.0076@atelier-nova.example,Business Development Manager,Business Development,manager,Milan,Italy,https://social.example/in/gabriele.ricci-0076,relevant,Design services,32,Italy,partner,2026-07-08,2026-07-27
con_0077,acc_007,Atelier Nova,atelier-nova.example,Aurora,Rossi,aurora.rossi.0077@atelier-nova.example,Marketing Operations Specialist,Marketing Operations,individual_contributor,Milan,Italy,https://social.example/in/aurora.rossi-0077,secondary,Design services,32,Italy,import,2026-07-21,2026-08-01
con_0078,acc_007,Atelier Nova,atelier-nova.example,Matteo,De Luca,matteo.de-luca.0078@atelier-nova.example,Studio Director,General Management,executive,Milan,Italy,https://social.example/in/matteo.de-luca-0078,relevant,Design services,32,Italy,outbound_research,2026-08-03,2026-08-06
con_0079,acc_007,Atelier Nova,atelier-nova.example,Alessandro,Colombo,alessandro.colombo.0079@atelier-nova.example,Operations Director,Operations,director,Milan,Italy,https://social.example/in/alessandro.colombo-0079,relevant,Design services,32,Italy,website,2026-08-16,2026-08-11
con_0080,acc_008,Summit Grid Authority,summit-grid.example,Martina,Gómez,martina.gomez.0080@summit-grid.example,Head of Procurement,Procurement,director,Madrid,Spain,https://social.example/in/martina.gomez-0080,secondary,Public sector,2200,Spain,event,2026-05-06,2026-08-16
con_0081,acc_008,Summit Grid Authority,summit-grid.example,Alejandro,Fernández,alejandro.fernandez.0081@summit-grid.example,Executive Assistant,General Management,individual_contributor,Madrid,Spain,https://social.example/in/alejandro.fernandez-0081,not_target,Public sector,2200,Spain,referral,2026-05-19,2026-08-21
con_0082,acc_008,Summit Grid Authority,summit-grid.example,Javier,Moreno,javier.moreno.0082@summit-grid.example,Digital Services Director,Digital Transformation,director,Madrid,Spain,https://social.example/in/javier.moreno-0082,priority,Public sector,2200,Spain,partner,2026-06-01,2026-08-26
con_0083,acc_008,Summit Grid Authority,summit-grid.example,Elena,Pérez,elena.perez.0083@summit-grid.example,Director of Innovation Programs,Innovation,director,Madrid,Spain,https://social.example/in/elena.perez-0083,priority,Public sector,2200,Spain,import,2026-06-14,2026-07-03
con_0084,acc_008,Summit Grid Authority,summit-grid.example,Hugo,García,hugo.garcia.0084@summit-grid.example,Chief Information Officer,IT,executive,Madrid,Spain,https://social.example/in/hugo.garcia-0084,priority,Public sector,2200,Spain,outbound_research,2026-06-27,2026-07-08
con_0085,acc_008,Summit Grid Authority,summit-grid.example,Martina,Díaz,martina.diaz.0085@summit-grid.example,Head of Procurement,Procurement,director,Madrid,Spain,https://social.example/in/martina.diaz-0085,secondary,Public sector,2200,Spain,website,2026-07-10,2026-07-13
con_0086,acc_008,Summit Grid Authority,summit-grid.example,Alejandro,Sánchez,alejandro.sanchez.0086@summit-grid.example,Program Operations Manager,Operations,manager,Madrid,Spain,https://social.example/in/alejandro.sanchez-0086,relevant,Public sector,2200,Spain,event,2026-07-23,2026-07-18
con_0087,acc_008,Summit Grid Authority,summit-grid.example,Javier,Navarro,javier.navarro.0087@summit-grid.example,Digital Services Director,Digital Transformation,director,Madrid,Spain,https://social.example/in/javier.navarro-0087,priority,Public sector,2200,Spain,referral,2026-08-05,2026-07-23
con_0088,acc_008,Summit Grid Authority,summit-grid.example,Elena,Hernández,elena.hernandez.0088@summit-grid.example,Director of Innovation Programs,Innovation,director,Madrid,Spain,https://social.example/in/elena.hernandez-0088,priority,Public sector,2200,Spain,partner,2026-08-18,2026-07-28
con_0089,acc_008,Summit Grid Authority,summit-grid.example,Hugo,Martínez,hugo.martinez.0089@summit-grid.example,Chief Information Officer,IT,executive,Madrid,Spain,https://social.example/in/hugo.martinez-0089,priority,Public sector,2200,Spain,import,2026-05-08,2026-08-02
con_0090,acc_009,Asterline Analytics,asterline-analytics.example,Maxime,Thomas,maxime.thomas.0090@asterline-analytics.example,Head of Risk,Risk,director,Nantes,France,https://social.example/in/maxime.thomas-0090,relevant,Financial technology,32,France,outbound_research,2026-05-21,2026-08-07
con_0091,acc_009,Asterline Analytics,asterline-analytics.example,Léa,Bertrand,lea.bertrand.0091@asterline-analytics.example,Executive Assistant,General Management,individual_contributor,Nantes,France,https://social.example/in/lea.bertrand-0091,not_target,Financial technology,32,France,website,2026-06-03,2026-08-12
con_0092,acc_009,Asterline Analytics,asterline-analytics.example,Louis,Moreau,louis.moreau.0092@asterline-analytics.example,Product Operations Manager,Product Operations,manager,Nantes,France,https://social.example/in/louis.moreau-0092,relevant,Financial technology,32,France,event,2026-06-16,2026-08-17
con_0093,acc_009,Asterline Analytics,asterline-analytics.example,Gabriel,Dubois,gabriel.dubois.0093@asterline-analytics.example,Chief Financial Officer,Finance,executive,Nantes,France,https://social.example/in/gabriel.dubois-0093,relevant,Financial technology,32,France,referral,2026-06-29,2026-08-22
con_0094,acc_009,Asterline Analytics,asterline-analytics.example,Amélie,David,amelie.david.0094@asterline-analytics.example,Chief Information Officer,IT,executive,Nantes,France,https://social.example/in/amelie.david-0094,priority,Financial technology,32,France,partner,2026-07-12,2026-08-27
con_0095,acc_009,Asterline Analytics,asterline-analytics.example,Maxime,Leroy,maxime.leroy.0095@asterline-analytics.example,VP Engineering,Engineering,vp,Nantes,France,https://social.example/in/maxime.leroy-0095,priority,Financial technology,32,France,import,2026-07-25,2026-07-04
con_0096,acc_009,Asterline Analytics,asterline-analytics.example,Léa,Martin,lea.martin.0096@asterline-analytics.example,Head of Risk,Risk,director,Nantes,France,https://social.example/in/lea.martin-0096,relevant,Financial technology,32,France,outbound_research,2026-08-07,2026-07-09
con_0097,acc_009,Asterline Analytics,asterline-analytics.example,Louis,Garcia,louis.garcia.0097@asterline-analytics.example,Revenue Operations Director,RevOps,director,Nantes,France,https://social.example/in/louis.garcia-0097,priority,Financial technology,32,France,website,2026-08-20,2026-07-14
con_0098,acc_009,Asterline Analytics,asterline-analytics.example,Gabriel,Durand,gabriel.durand.0098@asterline-analytics.example,Product Operations Manager,Product Operations,manager,Nantes,France,https://social.example/in/gabriel.durand-0098,relevant,Financial technology,32,France,event,2026-05-10,2026-07-19
con_0099,acc_009,Asterline Analytics,asterline-analytics.example,Amélie,Bernard,amelie.bernard.0099@asterline-analytics.example,Chief Financial Officer,Finance,executive,Nantes,France,https://social.example/in/amelie.bernard-0099,relevant,Financial technology,32,France,referral,2026-05-23,2026-07-24
con_0100,acc_010,Bluehaven Labs,bluehaven-labs.example,Sophie,Zimmermann,sophie.zimmermann.0100@bluehaven-labs.example,Revenue Operations Director,RevOps,director,Munich,Germany,https://social.example/in/sophie.zimmermann-0100,priority,Financial technology,340,Germany,partner,2026-06-05,2026-07-29
con_0101,acc_010,Bluehaven Labs,bluehaven-labs.example,Max,Bauer,max.bauer.0101@bluehaven-labs.example,Executive Assistant,General Management,individual_contributor,Munich,Germany,https://social.example/in/max.bauer-0101,not_target,Financial technology,340,Germany,import,2026-06-18,2026-08-03
con_0102,acc_010,Bluehaven Labs,bluehaven-labs.example,Hannah,Weber,hannah.weber.0102@bluehaven-labs.example,Chief Financial Officer,Finance,executive,Munich,Germany,https://social.example/in/hannah.weber-0102,relevant,Financial technology,340,Germany,outbound_research,2026-07-01,2026-08-08
con_0103,acc_010,Bluehaven Labs,bluehaven-labs.example,Finn,Schwarz,finn.schwarz.0103@bluehaven-labs.example,Chief Information Officer,IT,executive,Munich,Germany,https://social.example/in/finn.schwarz-0103,priority,Financial technology,340,Germany,website,2026-07-14,2026-08-13
con_0104,acc_010,Bluehaven Labs,bluehaven-labs.example,Anna,Koch,anna.koch.0104@bluehaven-labs.example,VP Engineering,Engineering,vp,Munich,Germany,https://social.example/in/anna.koch-0104,priority,Financial technology,340,Germany,event,2026-07-27,2026-08-18
con_0105,acc_010,Bluehaven Labs,bluehaven-labs.example,Sophie,Fischer,sophie.fischer.0105@bluehaven-labs.example,Head of Risk,Risk,director,Munich,Germany,https://social.example/in/sophie.fischer-0105,relevant,Financial technology,340,Germany,referral,2026-08-09,2026-08-23
con_0106,acc_010,Bluehaven Labs,bluehaven-labs.example,Max,Neumann,max.neumann.0106@bluehaven-labs.example,Revenue Operations Director,RevOps,director,Munich,Germany,https://social.example/in/max.neumann-0106,priority,Financial technology,340,Germany,partner,2026-08-22,2026-08-28
con_0107,acc_010,Bluehaven Labs,bluehaven-labs.example,Hannah,Hoffmann,hannah.hoffmann.0107@bluehaven-labs.example,Product Operations Manager,Product Operations,manager,Munich,Germany,https://social.example/in/hannah.hoffmann-0107,relevant,Financial technology,340,Germany,import,2026-05-12,2026-07-05
con_0108,acc_010,Bluehaven Labs,bluehaven-labs.example,Finn,Schneider,finn.schneider.0108@bluehaven-labs.example,Chief Financial Officer,Finance,executive,Munich,Germany,https://social.example/in/finn.schneider-0108,relevant,Financial technology,340,Germany,outbound_research,2026-05-25,2026-07-10
con_0109,acc_010,Bluehaven Labs,bluehaven-labs.example,Anna,Schröder,anna.schroder.0109@bluehaven-labs.example,Chief Information Officer,IT,executive,Munich,Germany,https://social.example/in/anna.schroder-0109,priority,Financial technology,340,Germany,website,2026-06-07,2026-07-15
con_0110,acc_010,Bluehaven Labs,bluehaven-labs.example,Sophie,Schulz,sophie.schulz.0110@bluehaven-labs.example,VP Engineering,Engineering,vp,Munich,Germany,https://social.example/in/sophie.schulz-0110,priority,Financial technology,340,Germany,event,2026-06-20,2026-07-20
con_0111,acc_011,Copperleaf Collective,copperleaf-collective.example,Elisa,Bianchi,elisa.bianchi.0111@copperleaf-collective.example,Executive Assistant,General Management,individual_contributor,Milan,Italy,https://social.example/in/elisa.bianchi-0111,not_target,Cybersecurity,1800,Italy,referral,2026-07-03,2026-07-25
con_0112,acc_011,Copperleaf Collective,copperleaf-collective.example,Marco,Rizzo,marco.rizzo.0112@copperleaf-collective.example,Solutions Engineering Manager,Solutions Engineering,manager,Milan,Italy,https://social.example/in/marco.rizzo-0112,relevant,Cybersecurity,1800,Italy,partner,2026-07-16,2026-07-30
con_0113,acc_011,Copperleaf Collective,copperleaf-collective.example,Chiara,Bruno,chiara.bruno.0113@copperleaf-collective.example,Chief Information Security Officer,Security,executive,Milan,Italy,https://social.example/in/chiara.bruno-0113,priority,Cybersecurity,1800,Italy,import,2026-07-29,2026-08-04
con_0114,acc_011,Copperleaf Collective,copperleaf-collective.example,Leonardo,Esposito,leonardo.esposito.0114@copperleaf-collective.example,VP Engineering,Engineering,vp,Milan,Italy,https://social.example/in/leonardo.esposito-0114,priority,Cybersecurity,1800,Italy,outbound_research,2026-08-11,2026-08-09
con_0115,acc_011,Copperleaf Collective,copperleaf-collective.example,Giulia,Giordano,giulia.giordano.0115@copperleaf-collective.example,IT Security Manager,Security,manager,Milan,Italy,https://social.example/in/giulia.giordano-0115,priority,Cybersecurity,1800,Italy,website,2026-05-01,2026-08-14
con_0116,acc_011,Copperleaf Collective,copperleaf-collective.example,Elisa,Greco,elisa.greco.0116@copperleaf-collective.example,Head of Product,Product,director,Milan,Italy,https://social.example/in/elisa.greco-0116,relevant,Cybersecurity,1800,Italy,event,2026-05-14,2026-08-19
con_0117,acc_011,Copperleaf Collective,copperleaf-collective.example,Marco,Ferrari,marco.ferrari.0117@copperleaf-collective.example,Demand Generation Director,Marketing,director,Milan,Italy,https://social.example/in/marco.ferrari-0117,relevant,Cybersecurity,1800,Italy,referral,2026-05-27,2026-08-24
con_0118,acc_011,Copperleaf Collective,copperleaf-collective.example,Chiara,Costa,chiara.costa.0118@copperleaf-collective.example,Solutions Engineering Manager,Solutions Engineering,manager,Milan,Italy,https://social.example/in/chiara.costa-0118,relevant,Cybersecurity,1800,Italy,partner,2026-06-09,2026-07-01
con_0119,acc_011,Copperleaf Collective,copperleaf-collective.example,Leonardo,Marino,leonardo.marino.0119@copperleaf-collective.example,Chief Information Security Officer,Security,executive,Milan,Italy,https://social.example/in/leonardo.marino-0119,priority,Cybersecurity,1800,Italy,import,2026-06-22,2026-07-06
con_0120,acc_011,Copperleaf Collective,copperleaf-collective.example,Giulia,Russo,giulia.russo.0120@copperleaf-collective.example,VP Engineering,Engineering,vp,Milan,Italy,https://social.example/in/giulia.russo-0120,priority,Cybersecurity,1800,Italy,outbound_research,2026-07-05,2026-07-11
con_0121,acc_011,Copperleaf Collective,copperleaf-collective.example,Elisa,Mancini,elisa.mancini.0121@copperleaf-collective.example,IT Security Manager,Security,manager,Milan,Italy,https://social.example/in/elisa.mancini-0121,priority,Cybersecurity,1800,Italy,website,2026-07-18,2026-07-16
con_0122,acc_011,Copperleaf Collective,copperleaf-collective.example,Marco,Ricci,marco.ricci.0122@copperleaf-collective.example,Executive Assistant,General Management,individual_contributor,Milan,Italy,https://social.example/in/marco.ricci-0122,not_target,Cybersecurity,1800,Italy,event,2026-07-31,2026-07-21
con_0123,acc_012,Deltaforge Commerce,deltaforge-commerce.example,Thomas,Janssens,thomas.janssens.0123@deltaforge-commerce.example,Solutions Engineering Manager,Solutions Engineering,manager,Brussels,Belgium,https://social.example/in/thomas.janssens-0123,relevant,Cybersecurity,7,Belgium,referral,2026-08-13,2026-07-26
con_0124,acc_012,Deltaforge Commerce,deltaforge-commerce.example,Camille,Dupont,camille.dupont.0124@deltaforge-commerce.example,Chief Information Security Officer,Security,executive,Brussels,Belgium,https://social.example/in/camille.dupont-0124,priority,Cybersecurity,7,Belgium,partner,2026-05-03,2026-07-31
con_0125,acc_012,Deltaforge Commerce,deltaforge-commerce.example,Arthur,Goossens,arthur.goossens.0125@deltaforge-commerce.example,VP Engineering,Engineering,vp,Brussels,Belgium,https://social.example/in/arthur.goossens-0125,priority,Cybersecurity,7,Belgium,import,2026-05-16,2026-08-05
con_0126,acc_012,Deltaforge Commerce,deltaforge-commerce.example,Simon,Peeters,simon.peeters.0126@deltaforge-commerce.example,IT Security Manager,Security,manager,Brussels,Belgium,https://social.example/in/simon.peeters-0126,priority,Cybersecurity,7,Belgium,outbound_research,2026-05-29,2026-08-10
con_0127,acc_012,Deltaforge Commerce,deltaforge-commerce.example,Zoé,Lambert,zoe.lambert.0127@deltaforge-commerce.example,Head of Product,Product,director,Brussels,Belgium,https://social.example/in/zoe.lambert-0127,relevant,Cybersecurity,7,Belgium,website,2026-06-11,2026-08-15
con_0128,acc_012,Deltaforge Commerce,deltaforge-commerce.example,Thomas,Claes,thomas.claes.0128@deltaforge-commerce.example,Demand Generation Director,Marketing,director,Brussels,Belgium,https://social.example/in/thomas.claes-0128,relevant,Cybersecurity,7,Belgium,event,2026-06-24,2026-08-20
con_0129,acc_012,Deltaforge Commerce,deltaforge-commerce.example,Camille,Dubois,camille.dubois.0129@deltaforge-commerce.example,Solutions Engineering Manager,Solutions Engineering,manager,Brussels,Belgium,https://social.example/in/camille.dubois-0129,relevant,Cybersecurity,7,Belgium,referral,2026-07-07,2026-08-25
con_0130,acc_012,Deltaforge Commerce,deltaforge-commerce.example,Arthur,Vandenberghe,arthur.vandenberghe.0130@deltaforge-commerce.example,Chief Information Security Officer,Security,executive,Brussels,Belgium,https://social.example/in/arthur.vandenberghe-0130,priority,Cybersecurity,7,Belgium,partner,2026-07-20,2026-07-02
con_0131,acc_012,Deltaforge Commerce,deltaforge-commerce.example,Simon,Willems,simon.willems.0131@deltaforge-commerce.example,VP Engineering,Engineering,vp,Brussels,Belgium,https://social.example/in/simon.willems-0131,priority,Cybersecurity,7,Belgium,import,2026-08-02,2026-07-07
con_0132,acc_013,Emberfield Mobility,emberfield-mobility.example,Matilde,Costa,matilde.costa.0132@emberfield-mobility.example,Chief Technology Officer,Engineering,executive,Lisbon,Portugal,https://social.example/in/matilde.costa-0132,priority,Software,120,Portugal,outbound_research,2026-08-15,2026-07-12
con_0133,acc_013,Emberfield Mobility,emberfield-mobility.example,Sofia,Carvalho,sofia.carvalho.0133@emberfield-mobility.example,VP Product,Product,vp,Lisbon,Portugal,https://social.example/in/sofia.carvalho-0133,priority,Software,120,Portugal,website,2026-05-05,2026-07-17
con_0134,acc_013,Emberfield Mobility,emberfield-mobility.example,Gonçalo,Gonçalves,goncalo.goncalves.0134@emberfield-mobility.example,Director of IT,IT,director,Lisbon,Portugal,https://social.example/in/goncalo.goncalves-0134,priority,Software,120,Portugal,event,2026-05-18,2026-07-22
con_0135,acc_013,Emberfield Mobility,emberfield-mobility.example,Carolina,Oliveira,carolina.oliveira.0135@emberfield-mobility.example,RevOps Manager,RevOps,manager,Lisbon,Portugal,https://social.example/in/carolina.oliveira-0135,relevant,Software,120,Portugal,referral,2026-05-31,2026-07-27
con_0136,acc_013,Emberfield Mobility,emberfield-mobility.example,Miguel,Ribeiro,miguel.ribeiro.0136@emberfield-mobility.example,Marketing Operations Lead,Marketing Operations,lead,Lisbon,Portugal,https://social.example/in/miguel.ribeiro-0136,relevant,Software,120,Portugal,partner,2026-06-13,2026-08-01
con_0137,acc_013,Emberfield Mobility,emberfield-mobility.example,Matilde,Fernandes,matilde.fernandes.0137@emberfield-mobility.example,Customer Operations Director,Customer Success,director,Lisbon,Portugal,https://social.example/in/matilde.fernandes-0137,relevant,Software,120,Portugal,import,2026-06-26,2026-08-06
con_0138,acc_013,Emberfield Mobility,emberfield-mobility.example,Sofia,Pereira,sofia.pereira.0138@emberfield-mobility.example,Chief Technology Officer,Engineering,executive,Lisbon,Portugal,https://social.example/in/sofia.pereira-0138,priority,Software,120,Portugal,outbound_research,2026-07-09,2026-08-11
con_0139,acc_013,Emberfield Mobility,emberfield-mobility.example,Gonçalo,Almeida,goncalo.almeida.0139@emberfield-mobility.example,VP Product,Product,vp,Lisbon,Portugal,https://social.example/in/goncalo.almeida-0139,priority,Software,120,Portugal,website,2026-07-22,2026-08-16
con_0140,acc_013,Emberfield Mobility,emberfield-mobility.example,Carolina,Sousa,carolina.sousa.0140@emberfield-mobility.example,Director of IT,IT,director,Lisbon,Portugal,https://social.example/in/carolina.sousa-0140,priority,Software,120,Portugal,event,2026-08-04,2026-08-21
con_0141,acc_013,Emberfield Mobility,emberfield-mobility.example,Miguel,Ferreira,miguel.ferreira.0141@emberfield-mobility.example,RevOps Manager,RevOps,manager,Lisbon,Portugal,https://social.example/in/miguel.ferreira-0141,relevant,Software,120,Portugal,referral,2026-08-17,2026-08-26
con_0142,acc_013,Emberfield Mobility,emberfield-mobility.example,Matilde,Alves,matilde.alves.0142@emberfield-mobility.example,Executive Assistant,General Management,individual_contributor,Lisbon,Portugal,https://social.example/in/matilde.alves-0142,not_target,Software,120,Portugal,partner,2026-05-07,2026-07-03
con_0143,acc_014,Fableworks Services,fableworks-services.example,Sofia,Saarinen,sofia.saarinen.0143@fableworks-services.example,VP Product,Product,vp,Helsinki,Finland,https://social.example/in/sofia.saarinen-0143,priority,Software,760,Finland,import,2026-05-20,2026-07-08
con_0144,acc_014,Fableworks Services,fableworks-services.example,Iida,Mäkelä,iida.makela.0144@fableworks-services.example,Director of IT,IT,director,Helsinki,Finland,https://social.example/in/iida.makela-0144,priority,Software,760,Finland,outbound_research,2026-06-02,2026-07-13
con_0145,acc_014,Fableworks Services,fableworks-services.example,Emil,Tuominen,emil.tuominen.0145@fableworks-services.example,RevOps Manager,RevOps,manager,Helsinki,Finland,https://social.example/in/emil.tuominen-0145,relevant,Software,760,Finland,website,2026-06-15,2026-07-18
con_0146,acc_014,Fableworks Services,fableworks-services.example,Venla,Lehtonen,venla.lehtonen.0146@fableworks-services.example,Marketing Operations Lead,Marketing Operations,lead,Helsinki,Finland,https://social.example/in/venla.lehtonen-0146,relevant,Software,760,Finland,event,2026-06-28,2026-07-23
con_0147,acc_014,Fableworks Services,fableworks-services.example,Oliver,Nieminen,oliver.nieminen.0147@fableworks-services.example,Customer Operations Director,Customer Success,director,Helsinki,Finland,https://social.example/in/oliver.nieminen-0147,relevant,Software,760,Finland,referral,2026-07-11,2026-07-28
con_0148,acc_014,Fableworks Services,fableworks-services.example,Sofia,Rantanen,sofia.rantanen.0148@fableworks-services.example,Chief Technology Officer,Engineering,executive,Helsinki,Finland,https://social.example/in/sofia.rantanen-0148,priority,Software,760,Finland,partner,2026-07-24,2026-08-02
con_0149,acc_014,Fableworks Services,fableworks-services.example,Iida,Järvinen,iida.jarvinen.0149@fableworks-services.example,VP Product,Product,vp,Helsinki,Finland,https://social.example/in/iida.jarvinen-0149,priority,Software,760,Finland,import,2026-08-06,2026-08-07
con_0150,acc_014,Fableworks Services,fableworks-services.example,Emil,Mäkinen,emil.makinen.0150@fableworks-services.example,Director of IT,IT,director,Helsinki,Finland,https://social.example/in/emil.makinen-0150,priority,Software,760,Finland,outbound_research,2026-08-19,2026-08-12
con_0151,acc_014,Fableworks Services,fableworks-services.example,Venla,Koskela,venla.koskela.0151@fableworks-services.example,RevOps Manager,RevOps,manager,Helsinki,Finland,https://social.example/in/venla.koskela-0151,relevant,Software,760,Finland,website,2026-05-09,2026-08-17
con_0152,acc_014,Fableworks Services,fableworks-services.example,Oliver,Koskinen,oliver.koskinen.0152@fableworks-services.example,Executive Assistant,General Management,individual_contributor,Helsinki,Finland,https://social.example/in/oliver.koskinen-0152,not_target,Software,760,Finland,event,2026-05-22,2026-08-22
con_0153,acc_014,Fableworks Services,fableworks-services.example,Sofia,Virtanen,sofia.virtanen.0153@fableworks-services.example,Customer Operations Director,Customer Success,director,Helsinki,Finland,https://social.example/in/sofia.virtanen-0153,relevant,Software,760,Finland,referral,2026-06-04,2026-08-27
con_0154,acc_014,Fableworks Services,fableworks-services.example,Iida,Niemi,iida.niemi.0154@fableworks-services.example,Chief Technology Officer,Engineering,executive,Helsinki,Finland,https://social.example/in/iida.niemi-0154,priority,Software,760,Finland,partner,2026-06-17,2026-07-04
con_0155,acc_015,Graniteway Works,graniteway-works.example,Evelyn,Rodriguez,evelyn.rodriguez.0155@graniteway-works.example,Director of Platform,Engineering,director,Austin,United States,https://social.example/in/evelyn.rodriguez-0155,priority,Data infrastructure,7200,United States,import,2026-06-30,2026-07-09
con_0156,acc_015,Graniteway Works,graniteway-works.example,Henry,Johnson,henry.johnson.0156@graniteway-works.example,Data Operations Manager,Data,manager,Austin,United States,https://social.example/in/henry.johnson-0156,relevant,Data infrastructure,7200,United States,outbound_research,2026-07-13,2026-07-14
con_0157,acc_015,Graniteway Works,graniteway-works.example,Isabella,Anderson,isabella.anderson.0157@graniteway-works.example,Head of Developer Experience,Engineering,director,Austin,United States,https://social.example/in/isabella.anderson-0157,relevant,Data infrastructure,7200,United States,website,2026-07-26,2026-07-19
con_0158,acc_015,Graniteway Works,graniteway-works.example,Oliver,Davis,oliver.davis.0158@graniteway-works.example,Product Marketing Director,Marketing,director,Austin,United States,https://social.example/in/oliver.davis-0158,relevant,Data infrastructure,7200,United States,event,2026-08-08,2026-07-24
con_0159,acc_015,Graniteway Works,graniteway-works.example,Ava,Smith,ava.smith.0159@graniteway-works.example,Chief Data Officer,Data,executive,Austin,United States,https://social.example/in/ava.smith-0159,priority,Data infrastructure,7200,United States,referral,2026-08-21,2026-07-29
con_0160,acc_015,Graniteway Works,graniteway-works.example,Evelyn,Wilson,evelyn.wilson.0160@graniteway-works.example,VP Engineering,Engineering,vp,Austin,United States,https://social.example/in/evelyn.wilson-0160,priority,Data infrastructure,7200,United States,partner,2026-05-11,2026-08-03
con_0161,acc_015,Graniteway Works,graniteway-works.example,Henry,Miller,henry.miller.0161@graniteway-works.example,Director of Platform,Engineering,director,Austin,United States,https://social.example/in/henry.miller-0161,priority,Data infrastructure,7200,United States,import,2026-05-24,2026-08-08
con_0162,acc_015,Graniteway Works,graniteway-works.example,Isabella,Martin,isabella.martin.0162@graniteway-works.example,Executive Assistant,General Management,individual_contributor,Austin,United States,https://social.example/in/isabella.martin-0162,not_target,Data infrastructure,7200,United States,outbound_research,2026-06-06,2026-08-13
con_0163,acc_015,Graniteway Works,graniteway-works.example,Oliver,Gonzalez,oliver.gonzalez.0163@graniteway-works.example,Head of Developer Experience,Engineering,director,Austin,United States,https://social.example/in/oliver.gonzalez-0163,relevant,Data infrastructure,7200,United States,website,2026-06-19,2026-08-18
con_0164,acc_015,Graniteway Works,graniteway-works.example,Ava,Garcia,ava.garcia.0164@graniteway-works.example,Product Marketing Director,Marketing,director,Austin,United States,https://social.example/in/ava.garcia-0164,relevant,Data infrastructure,7200,United States,event,2026-07-02,2026-08-23
con_0165,acc_015,Graniteway Works,graniteway-works.example,Evelyn,Jackson,evelyn.jackson.0165@graniteway-works.example,Chief Data Officer,Data,executive,Austin,United States,https://social.example/in/evelyn.jackson-0165,priority,Data infrastructure,7200,United States,referral,2026-07-15,2026-08-28
con_0166,acc_015,Graniteway Works,graniteway-works.example,Henry,Lopez,henry.lopez.0166@graniteway-works.example,VP Engineering,Engineering,vp,Austin,United States,https://social.example/in/henry.lopez-0166,priority,Data infrastructure,7200,United States,partner,2026-07-28,2026-07-05
con_0167,acc_015,Graniteway Works,graniteway-works.example,Isabella,Jones,isabella.jones.0167@graniteway-works.example,Director of Platform,Engineering,director,Austin,United States,https://social.example/in/isabella.jones-0167,priority,Data infrastructure,7200,United States,import,2026-08-10,2026-07-10
con_0168,acc_016,Juniperlane Networks,juniperlane-networks.example,Inès,Bertrand,ines.bertrand.0168@juniperlane-networks.example,Data Operations Manager,Data,manager,Lyon,France,https://social.example/in/ines.bertrand-0168,relevant,Data infrastructure,32,France,outbound_research,2026-08-23,2026-07-15
con_0169,acc_016,Juniperlane Networks,juniperlane-networks.example,Hugo,Moreau,hugo.moreau.0169@juniperlane-networks.example,Head of Developer Experience,Engineering,director,Lyon,France,https://social.example/in/hugo.moreau-0169,relevant,Data infrastructure,32,France,website,2026-05-13,2026-07-20
con_0170,acc_016,Juniperlane Networks,juniperlane-networks.example,Mathieu,Dubois,mathieu.dubois.0170@juniperlane-networks.example,Product Marketing Director,Marketing,director,Lyon,France,https://social.example/in/mathieu.dubois-0170,relevant,Data infrastructure,32,France,event,2026-05-26,2026-07-25
con_0171,acc_016,Juniperlane Networks,juniperlane-networks.example,Chloé,David,chloe.david.0171@juniperlane-networks.example,Chief Data Officer,Data,executive,Lyon,France,https://social.example/in/chloe.david-0171,priority,Data infrastructure,32,France,referral,2026-06-08,2026-07-30
con_0172,acc_016,Juniperlane Networks,juniperlane-networks.example,Baptiste,Leroy,baptiste.leroy.0172@juniperlane-networks.example,Executive Assistant,General Management,individual_contributor,Lyon,France,https://social.example/in/baptiste.leroy-0172,not_target,Data infrastructure,32,France,partner,2026-06-21,2026-08-04
con_0173,acc_016,Juniperlane Networks,juniperlane-networks.example,Inès,Martin,ines.martin.0173@juniperlane-networks.example,Director of Platform,Engineering,director,Lyon,France,https://social.example/in/ines.martin-0173,priority,Data infrastructure,32,France,import,2026-07-04,2026-08-09
con_0174,acc_016,Juniperlane Networks,juniperlane-networks.example,Hugo,Garcia,hugo.garcia.0174@juniperlane-networks.example,Data Operations Manager,Data,manager,Lyon,France,https://social.example/in/hugo.garcia-0174,relevant,Data infrastructure,32,France,outbound_research,2026-07-17,2026-08-14
con_0175,acc_016,Juniperlane Networks,juniperlane-networks.example,Mathieu,Durand,mathieu.durand.0175@juniperlane-networks.example,Head of Developer Experience,Engineering,director,Lyon,France,https://social.example/in/mathieu.durand-0175,relevant,Data infrastructure,32,France,website,2026-07-30,2026-08-19
con_0176,acc_016,Juniperlane Networks,juniperlane-networks.example,Chloé,Bernard,chloe.bernard.0176@juniperlane-networks.example,Product Marketing Director,Marketing,director,Lyon,France,https://social.example/in/chloe.bernard-0176,relevant,Data infrastructure,32,France,event,2026-08-12,2026-08-24
con_0177,acc_016,Juniperlane Networks,juniperlane-networks.example,Baptiste,Michel,baptiste.michel.0177@juniperlane-networks.example,Chief Data Officer,Data,executive,Lyon,France,https://social.example/in/baptiste.michel-0177,priority,Data infrastructure,32,France,referral,2026-05-02,2026-07-01
con_0178,acc_017,Latticepoint Industries,latticepoint-industries.example,Noah,Walker,noah.walker.0178@latticepoint-industries.example,Marketing Operations Manager,Marketing Operations,manager,Edinburgh,United Kingdom,https://social.example/in/noah.walker-0178,relevant,E-commerce,340,United Kingdom,partner,2026-05-15,2026-07-06
con_0179,acc_017,Latticepoint Industries,latticepoint-industries.example,Emily,Williams,emily.williams.0179@latticepoint-industries.example,IT Director,IT,director,Edinburgh,United Kingdom,https://social.example/in/emily.williams-0179,priority,E-commerce,340,United Kingdom,import,2026-05-28,2026-07-11
con_0180,acc_017,Latticepoint Industries,latticepoint-industries.example,George,Edwards,george.edwards.0180@latticepoint-industries.example,Chief Operating Officer,Operations,executive,Edinburgh,United Kingdom,https://social.example/in/george.edwards-0180,priority,E-commerce,340,United Kingdom,outbound_research,2026-06-10,2026-07-16
con_0181,acc_017,Latticepoint Industries,latticepoint-industries.example,James,Johnson,james.johnson.0181@latticepoint-industries.example,VP Growth,Growth,vp,Edinburgh,United Kingdom,https://social.example/in/james.johnson-0181,relevant,E-commerce,340,United Kingdom,website,2026-06-23,2026-07-21
con_0182,acc_017,Latticepoint Industries,latticepoint-industries.example,Ella,Brown,ella.brown.0182@latticepoint-industries.example,Executive Assistant,General Management,individual_contributor,Edinburgh,United Kingdom,https://social.example/in/ella.brown-0182,not_target,E-commerce,340,United Kingdom,event,2026-07-06,2026-07-26
con_0183,acc_017,Latticepoint Industries,latticepoint-industries.example,Noah,Hughes,noah.hughes.0183@latticepoint-industries.example,Director of Customer Experience,Customer Success,director,Edinburgh,United Kingdom,https://social.example/in/noah.hughes-0183,relevant,E-commerce,340,United Kingdom,referral,2026-07-19,2026-07-31
con_0184,acc_017,Latticepoint Industries,latticepoint-industries.example,Emily,Roberts,emily.roberts.0184@latticepoint-industries.example,Marketing Operations Manager,Marketing Operations,manager,Edinburgh,United Kingdom,https://social.example/in/emily.roberts-0184,relevant,E-commerce,340,United Kingdom,partner,2026-08-01,2026-08-05
con_0185,acc_017,Latticepoint Industries,latticepoint-industries.example,George,Taylor,george.taylor.0185@latticepoint-industries.example,IT Director,IT,director,Edinburgh,United Kingdom,https://social.example/in/george.taylor-0185,priority,E-commerce,340,United Kingdom,import,2026-08-14,2026-08-10
con_0186,acc_017,Latticepoint Industries,latticepoint-industries.example,James,White,james.white.0186@latticepoint-industries.example,Chief Operating Officer,Operations,executive,Edinburgh,United Kingdom,https://social.example/in/james.white-0186,priority,E-commerce,340,United Kingdom,outbound_research,2026-05-04,2026-08-15
con_0187,acc_017,Latticepoint Industries,latticepoint-industries.example,Ella,Thomas,ella.thomas.0187@latticepoint-industries.example,VP Growth,Growth,vp,Edinburgh,United Kingdom,https://social.example/in/ella.thomas-0187,relevant,E-commerce,340,United Kingdom,website,2026-05-17,2026-08-20
con_0188,acc_017,Latticepoint Industries,latticepoint-industries.example,Noah,Jones,noah.jones.0188@latticepoint-industries.example,Head of E-commerce,E-commerce,director,Edinburgh,United Kingdom,https://social.example/in/noah.jones-0188,relevant,E-commerce,340,United Kingdom,event,2026-05-30,2026-08-25
con_0189,acc_018,Meadowcrest Energy,meadowcrest-energy.example,Álvaro,Romero,alvaro.romero.0189@meadowcrest-energy.example,IT Director,IT,director,Barcelona,Spain,https://social.example/in/alvaro.romero-0189,priority,E-commerce,1800,Spain,referral,2026-06-12,2026-07-02
con_0190,acc_018,Meadowcrest Energy,meadowcrest-energy.example,Paula,Jiménez,paula.jimenez.0190@meadowcrest-energy.example,Chief Operating Officer,Operations,executive,Barcelona,Spain,https://social.example/in/paula.jimenez-0190,priority,E-commerce,1800,Spain,partner,2026-06-25,2026-07-07
con_0191,acc_018,Meadowcrest Energy,meadowcrest-energy.example,Mateo,Rodríguez,mateo.rodriguez.0191@meadowcrest-energy.example,VP Growth,Growth,vp,Barcelona,Spain,https://social.example/in/mateo.rodriguez-0191,relevant,E-commerce,1800,Spain,import,2026-07-08,2026-07-12
con_0192,acc_018,Meadowcrest Energy,meadowcrest-energy.example,Adrián,Álvarez,adrian.alvarez.0192@meadowcrest-energy.example,Executive Assistant,General Management,individual_contributor,Barcelona,Spain,https://social.example/in/adrian.alvarez-0192,not_target,E-commerce,1800,Spain,outbound_research,2026-07-21,2026-07-17
con_0193,acc_018,Meadowcrest Energy,meadowcrest-energy.example,Marta,Martín,marta.martin.0193@meadowcrest-energy.example,Director of Customer Experience,Customer Success,director,Barcelona,Spain,https://social.example/in/marta.martin-0193,relevant,E-commerce,1800,Spain,website,2026-08-03,2026-07-22
con_0194,acc_018,Meadowcrest Energy,meadowcrest-energy.example,Álvaro,González,alvaro.gonzalez.0194@meadowcrest-energy.example,Marketing Operations Manager,Marketing Operations,manager,Barcelona,Spain,https://social.example/in/alvaro.gonzalez-0194,relevant,E-commerce,1800,Spain,event,2026-08-16,2026-07-27
con_0195,acc_018,Meadowcrest Energy,meadowcrest-energy.example,Paula,Muñoz,paula.munoz.0195@meadowcrest-energy.example,IT Director,IT,director,Barcelona,Spain,https://social.example/in/paula.munoz-0195,priority,E-commerce,1800,Spain,referral,2026-05-06,2026-08-01
con_0196,acc_018,Meadowcrest Energy,meadowcrest-energy.example,Mateo,Gómez,mateo.gomez.0196@meadowcrest-energy.example,Chief Operating Officer,Operations,executive,Barcelona,Spain,https://social.example/in/mateo.gomez-0196,priority,E-commerce,1800,Spain,partner,2026-05-19,2026-08-06
con_0197,acc_018,Meadowcrest Energy,meadowcrest-energy.example,Adrián,Fernández,adrian.fernandez.0197@meadowcrest-energy.example,VP Growth,Growth,vp,Barcelona,Spain,https://social.example/in/adrian.fernandez-0197,relevant,E-commerce,1800,Spain,import,2026-06-01,2026-08-11
con_0198,acc_018,Meadowcrest Energy,meadowcrest-energy.example,Marta,Moreno,marta.moreno.0198@meadowcrest-energy.example,Head of E-commerce,E-commerce,director,Barcelona,Spain,https://social.example/in/marta.moreno-0198,relevant,E-commerce,1800,Spain,outbound_research,2026-06-14,2026-08-16
con_0199,acc_018,Meadowcrest Energy,meadowcrest-energy.example,Álvaro,Pérez,alvaro.perez.0199@meadowcrest-energy.example,Director of Customer Experience,Customer Success,director,Barcelona,Spain,https://social.example/in/alvaro.perez-0199,relevant,E-commerce,1800,Spain,website,2026-06-27,2026-08-21
con_0200,acc_018,Meadowcrest Energy,meadowcrest-energy.example,Paula,García,paula.garcia.0200@meadowcrest-energy.example,Marketing Operations Manager,Marketing Operations,manager,Barcelona,Spain,https://social.example/in/paula.garcia-0200,relevant,E-commerce,1800,Spain,event,2026-07-10,2026-08-26
con_0201,acc_019,Northstar Cloud,northstar-cloud.example,Julia,Vos,julia.vos.0201@northstar-cloud.example,Chief Information Officer,IT,executive,Amsterdam,Netherlands,https://social.example/in/julia.vos-0201,priority,Healthcare,7,Netherlands,referral,2026-07-23,2026-07-03
con_0202,acc_019,Northstar Cloud,northstar-cloud.example,Daan,Visser,daan.visser.0202@northstar-cloud.example,Executive Assistant,General Management,individual_contributor,Amsterdam,Netherlands,https://social.example/in/daan.visser-0202,not_target,Healthcare,7,Netherlands,partner,2026-08-05,2026-07-08
con_0203,acc_019,Northstar Cloud,northstar-cloud.example,Lars,de Jong,lars.de-jong.0203@northstar-cloud.example,Director of Operations,Operations,director,Amsterdam,Netherlands,https://social.example/in/lars.de-jong-0203,relevant,Healthcare,7,Netherlands,import,2026-08-18,2026-07-13
con_0204,acc_019,Northstar Cloud,northstar-cloud.example,Eva,Bos,eva.bos.0204@northstar-cloud.example,IT Program Manager,IT,manager,Amsterdam,Netherlands,https://social.example/in/eva.bos-0204,relevant,Healthcare,7,Netherlands,outbound_research,2026-05-08,2026-07-18
con_0205,acc_019,Northstar Cloud,northstar-cloud.example,Milan,Janssen,milan.janssen.0205@northstar-cloud.example,Head of Innovation,Innovation,director,Amsterdam,Netherlands,https://social.example/in/milan.janssen-0205,priority,Healthcare,7,Netherlands,website,2026-05-21,2026-07-23
con_0206,acc_019,Northstar Cloud,northstar-cloud.example,Julia,Brouwer,julia.brouwer.0206@northstar-cloud.example,Procurement Director,Procurement,director,Amsterdam,Netherlands,https://social.example/in/julia.brouwer-0206,secondary,Healthcare,7,Netherlands,event,2026-06-03,2026-07-28
con_0207,acc_019,Northstar Cloud,northstar-cloud.example,Daan,de Groot,daan.de-groot.0207@northstar-cloud.example,Chief Information Officer,IT,executive,Amsterdam,Netherlands,https://social.example/in/daan.de-groot-0207,priority,Healthcare,7,Netherlands,referral,2026-06-16,2026-08-02
con_0208,acc_019,Northstar Cloud,northstar-cloud.example,Lars,Bakker,lars.bakker.0208@northstar-cloud.example,Chief Digital Officer,Digital Transformation,executive,Amsterdam,Netherlands,https://social.example/in/lars.bakker-0208,priority,Healthcare,7,Netherlands,partner,2026-06-29,2026-08-07
con_0209,acc_019,Northstar Cloud,northstar-cloud.example,Eva,Dekker,eva.dekker.0209@northstar-cloud.example,Director of Operations,Operations,director,Amsterdam,Netherlands,https://social.example/in/eva.dekker-0209,relevant,Healthcare,7,Netherlands,import,2026-07-12,2026-08-12
con_0210,acc_020,Orbitwell Systems,orbitwell-systems.example,Laura,Møller,laura.mller.0210@orbitwell-systems.example,Chief Digital Officer,Digital Transformation,executive,Copenhagen,Denmark,https://social.example/in/laura.mller-0210,priority,Healthcare,120,Denmark,outbound_research,2026-07-25,2026-08-17
con_0211,acc_020,Orbitwell Systems,orbitwell-systems.example,Oliver,Madsen,oliver.madsen.0211@orbitwell-systems.example,Director of Operations,Operations,director,Copenhagen,Denmark,https://social.example/in/oliver.madsen-0211,relevant,Healthcare,120,Denmark,website,2026-08-07,2026-08-22
con_0212,acc_020,Orbitwell Systems,orbitwell-systems.example,Alma,Andersen,alma.andersen.0212@orbitwell-systems.example,Executive Assistant,General Management,individual_contributor,Copenhagen,Denmark,https://social.example/in/alma.andersen-0212,not_target,Healthcare,120,Denmark,event,2026-08-20,2026-08-27
con_0213,acc_020,Orbitwell Systems,orbitwell-systems.example,Oscar,Johansen,oscar.johansen.0213@orbitwell-systems.example,Head of Innovation,Innovation,director,Copenhagen,Denmark,https://social.example/in/oscar.johansen-0213,priority,Healthcare,120,Denmark,referral,2026-05-10,2026-07-04
con_0214,acc_020,Orbitwell Systems,orbitwell-systems.example,Freja,Petersen,freja.petersen.0214@orbitwell-systems.example,Procurement Director,Procurement,director,Copenhagen,Denmark,https://social.example/in/freja.petersen-0214,secondary,Healthcare,120,Denmark,partner,2026-05-23,2026-07-09
con_0215,acc_020,Orbitwell Systems,orbitwell-systems.example,Laura,Pedersen,laura.pedersen.0215@orbitwell-systems.example,Chief Information Officer,IT,executive,Copenhagen,Denmark,https://social.example/in/laura.pedersen-0215,priority,Healthcare,120,Denmark,import,2026-06-05,2026-07-14
con_0216,acc_020,Orbitwell Systems,orbitwell-systems.example,Oliver,Poulsen,oliver.poulsen.0216@orbitwell-systems.example,Chief Digital Officer,Digital Transformation,executive,Copenhagen,Denmark,https://social.example/in/oliver.poulsen-0216,priority,Healthcare,120,Denmark,outbound_research,2026-06-18,2026-07-19
con_0217,acc_020,Orbitwell Systems,orbitwell-systems.example,Alma,Jørgensen,alma.jrgensen.0217@orbitwell-systems.example,Director of Operations,Operations,director,Copenhagen,Denmark,https://social.example/in/alma.jrgensen-0217,relevant,Healthcare,120,Denmark,website,2026-07-01,2026-07-24
con_0218,acc_020,Orbitwell Systems,orbitwell-systems.example,Oscar,Hansen,oscar.hansen.0218@orbitwell-systems.example,IT Program Manager,IT,manager,Copenhagen,Denmark,https://social.example/in/oscar.hansen-0218,relevant,Healthcare,120,Denmark,event,2026-07-14,2026-07-29
con_0219,acc_020,Orbitwell Systems,orbitwell-systems.example,Freja,Christiansen,freja.christiansen.0219@orbitwell-systems.example,Head of Innovation,Innovation,director,Copenhagen,Denmark,https://social.example/in/freja.christiansen-0219,priority,Healthcare,120,Denmark,referral,2026-07-27,2026-08-03
con_0220,acc_020,Orbitwell Systems,orbitwell-systems.example,Laura,Rasmussen,laura.rasmussen.0220@orbitwell-systems.example,Procurement Director,Procurement,director,Copenhagen,Denmark,https://social.example/in/laura.rasmussen-0220,secondary,Healthcare,120,Denmark,partner,2026-08-09,2026-08-08
con_0221,acc_021,Pinebridge Digital,pinebridge-digital.example,Alina,Weber,alina.weber.0221@pinebridge-digital.example,Director of Fleet Operations,Operations,director,Zurich,Switzerland,https://social.example/in/alina.weber-0221,relevant,Logistics,760,Switzerland,import,2026-08-22,2026-08-13
con_0222,acc_021,Pinebridge Digital,pinebridge-digital.example,Nico,Hofer,nico.hofer.0222@pinebridge-digital.example,Executive Assistant,General Management,individual_contributor,Zurich,Switzerland,https://social.example/in/nico.hofer-0222,not_target,Logistics,760,Switzerland,outbound_research,2026-05-12,2026-08-18
con_0223,acc_021,Pinebridge Digital,pinebridge-digital.example,Laura,Gerber,laura.gerber.0223@pinebridge-digital.example,Supply Chain Manager,Supply Chain,manager,Zurich,Switzerland,https://social.example/in/laura.gerber-0223,relevant,Logistics,760,Switzerland,website,2026-05-25,2026-08-23
con_0224,acc_021,Pinebridge Digital,pinebridge-digital.example,Leon,Keller,leon.keller.0224@pinebridge-digital.example,IT Operations Manager,IT,manager,Zurich,Switzerland,https://social.example/in/leon.keller-0224,relevant,Logistics,760,Switzerland,event,2026-06-07,2026-08-28
con_0225,acc_021,Pinebridge Digital,pinebridge-digital.example,Nora,Bachmann,nora.bachmann.0225@pinebridge-digital.example,Chief Operating Officer,Operations,executive,Zurich,Switzerland,https://social.example/in/nora.bachmann-0225,priority,Logistics,760,Switzerland,referral,2026-06-20,2026-07-05
con_0226,acc_021,Pinebridge Digital,pinebridge-digital.example,Alina,Baumann,alina.baumann.0226@pinebridge-digital.example,VP Technology,Engineering,vp,Zurich,Switzerland,https://social.example/in/alina.baumann-0226,priority,Logistics,760,Switzerland,partner,2026-07-03,2026-07-10
con_0227,acc_021,Pinebridge Digital,pinebridge-digital.example,Nico,Schmid,nico.schmid.0227@pinebridge-digital.example,Director of Fleet Operations,Operations,director,Zurich,Switzerland,https://social.example/in/nico.schmid-0227,relevant,Logistics,760,Switzerland,import,2026-07-16,2026-07-15
con_0228,acc_021,Pinebridge Digital,pinebridge-digital.example,Laura,Roth,laura.roth.0228@pinebridge-digital.example,Head of Digital Transformation,Digital Transformation,director,Zurich,Switzerland,https://social.example/in/laura.roth-0228,priority,Logistics,760,Switzerland,outbound_research,2026-07-29,2026-07-20
con_0229,acc_021,Pinebridge Digital,pinebridge-digital.example,Leon,Steiner,leon.steiner.0229@pinebridge-digital.example,Supply Chain Manager,Supply Chain,manager,Zurich,Switzerland,https://social.example/in/leon.steiner-0229,relevant,Logistics,760,Switzerland,website,2026-08-11,2026-07-25
con_0230,acc_021,Pinebridge Digital,pinebridge-digital.example,Nora,Meier,nora.meier.0230@pinebridge-digital.example,IT Operations Manager,IT,manager,Zurich,Switzerland,https://social.example/in/nora.meier-0230,relevant,Logistics,760,Switzerland,event,2026-05-01,2026-07-30
con_0231,acc_021,Pinebridge Digital,pinebridge-digital.example,Alina,Zimmermann,alina.zimmermann.0231@pinebridge-digital.example,Chief Operating Officer,Operations,executive,Zurich,Switzerland,https://social.example/in/alina.zimmermann-0231,priority,Logistics,760,Switzerland,referral,2026-05-14,2026-08-04
con_0232,acc_021,Pinebridge Digital,pinebridge-digital.example,Nico,Fischer,nico.fischer.0232@pinebridge-digital.example,VP Technology,Engineering,vp,Zurich,Switzerland,https://social.example/in/nico.fischer-0232,priority,Logistics,760,Switzerland,partner,2026-05-27,2026-08-09
con_0233,acc_022,Quartzline Platforms,quartzline-platforms.example,Leo,Brown,leo.brown.0233@quartzline-platforms.example,Head of Digital Transformation,Digital Transformation,director,Montreal,Canada,https://social.example/in/leo.brown-0233,priority,Logistics,7200,Canada,import,2026-06-09,2026-08-14
con_0234,acc_022,Quartzline Platforms,quartzline-platforms.example,Amelia,Bouchard,amelia.bouchard.0234@quartzline-platforms.example,Supply Chain Manager,Supply Chain,manager,Montreal,Canada,https://social.example/in/amelia.bouchard-0234,relevant,Logistics,7200,Canada,outbound_research,2026-06-22,2026-08-19
con_0235,acc_022,Quartzline Platforms,quartzline-platforms.example,William,Wilson,william.wilson.0235@quartzline-platforms.example,IT Operations Manager,IT,manager,Montreal,Canada,https://social.example/in/william.wilson-0235,relevant,Logistics,7200,Canada,website,2026-07-05,2026-08-24
con_0236,acc_022,Quartzline Platforms,quartzline-platforms.example,Jack,Smith,jack.smith.0236@quartzline-platforms.example,Chief Operating Officer,Operations,executive,Montreal,Canada,https://social.example/in/jack.smith-0236,priority,Logistics,7200,Canada,event,2026-07-18,2026-07-01
con_0237,acc_022,Quartzline Platforms,quartzline-platforms.example,Ava,Thompson,ava.thompson.0237@quartzline-platforms.example,VP Technology,Engineering,vp,Montreal,Canada,https://social.example/in/ava.thompson-0237,priority,Logistics,7200,Canada,referral,2026-07-31,2026-07-06
con_0238,acc_022,Quartzline Platforms,quartzline-platforms.example,Leo,Lee,leo.lee.0238@quartzline-platforms.example,Director of Fleet Operations,Operations,director,Montreal,Canada,https://social.example/in/leo.lee-0238,relevant,Logistics,7200,Canada,partner,2026-08-13,2026-07-11
con_0239,acc_022,Quartzline Platforms,quartzline-platforms.example,Amelia,Clark,amelia.clark.0239@quartzline-platforms.example,Head of Digital Transformation,Digital Transformation,director,Montreal,Canada,https://social.example/in/amelia.clark-0239,priority,Logistics,7200,Canada,import,2026-05-03,2026-07-16
con_0240,acc_022,Quartzline Platforms,quartzline-platforms.example,William,Anderson,william.anderson.0240@quartzline-platforms.example,Supply Chain Manager,Supply Chain,manager,Montreal,Canada,https://social.example/in/william.anderson-0240,relevant,Logistics,7200,Canada,outbound_research,2026-05-16,2026-07-21
con_0241,acc_022,Quartzline Platforms,quartzline-platforms.example,Jack,Gagnon,jack.gagnon.0241@quartzline-platforms.example,IT Operations Manager,IT,manager,Montreal,Canada,https://social.example/in/jack.gagnon-0241,relevant,Logistics,7200,Canada,website,2026-05-29,2026-07-26
con_0242,acc_022,Quartzline Platforms,quartzline-platforms.example,Ava,White,ava.white.0242@quartzline-platforms.example,Chief Operating Officer,Operations,executive,Montreal,Canada,https://social.example/in/ava.white-0242,priority,Logistics,7200,Canada,event,2026-06-11,2026-07-31
con_0243,acc_022,Quartzline Platforms,quartzline-platforms.example,Leo,Campbell,leo.campbell.0243@quartzline-platforms.example,Executive Assistant,General Management,individual_contributor,Montreal,Canada,https://social.example/in/leo.campbell-0243,not_target,Logistics,7200,Canada,referral,2026-06-24,2026-08-05
con_0244,acc_022,Quartzline Platforms,quartzline-platforms.example,Amelia,Roy,amelia.roy.0244@quartzline-platforms.example,Director of Fleet Operations,Operations,director,Montreal,Canada,https://social.example/in/amelia.roy-0244,relevant,Logistics,7200,Canada,partner,2026-07-07,2026-08-10
con_0245,acc_022,Quartzline Platforms,quartzline-platforms.example,William,Miller,william.miller.0245@quartzline-platforms.example,Head of Digital Transformation,Digital Transformation,director,Montreal,Canada,https://social.example/in/william.miller-0245,priority,Logistics,7200,Canada,import,2026-07-20,2026-08-15
con_0246,acc_023,Riverstone Health,riverstone-health.example,Matilda,Anderson,matilda.anderson.0246@riverstone-health.example,IT Security Manager,Security,manager,Sydney,Australia,https://social.example/in/matilda.anderson-0246,priority,Manufacturing,32,Australia,outbound_research,2026-08-02,2026-08-20
con_0247,acc_023,Riverstone Health,riverstone-health.example,Theodore,Williams,theodore.williams.0247@riverstone-health.example,Continuous Improvement Manager,Operations,manager,Sydney,Australia,https://social.example/in/theodore.williams-0247,relevant,Manufacturing,32,Australia,website,2026-08-15,2026-08-25
con_0248,acc_023,Riverstone Health,riverstone-health.example,Ava,Lee,ava.lee.0248@riverstone-health.example,Chief Digital Officer,Digital Transformation,executive,Sydney,Australia,https://social.example/in/ava.lee-0248,priority,Manufacturing,32,Australia,event,2026-05-05,2026-07-02
con_0249,acc_023,Riverstone Health,riverstone-health.example,William,Martin,william.martin.0249@riverstone-health.example,CIO,IT,executive,Sydney,Australia,https://social.example/in/william.martin-0249,priority,Manufacturing,32,Australia,referral,2026-05-18,2026-07-07
con_0250,acc_023,Riverstone Health,riverstone-health.example,Olivia,Jones,olivia.jones.0250@riverstone-health.example,VP Operations,Operations,vp,Sydney,Australia,https://social.example/in/olivia.jones-0250,priority,Manufacturing,32,Australia,partner,2026-05-31,2026-07-12
con_0251,acc_023,Riverstone Health,riverstone-health.example,Matilda,Harris,matilda.harris.0251@riverstone-health.example,Plant Operations Director,Operations,director,Sydney,Australia,https://social.example/in/matilda.harris-0251,relevant,Manufacturing,32,Australia,import,2026-06-13,2026-07-17
con_0252,acc_023,Riverstone Health,riverstone-health.example,Theodore,White,theodore.white.0252@riverstone-health.example,IT Security Manager,Security,manager,Sydney,Australia,https://social.example/in/theodore.white-0252,priority,Manufacturing,32,Australia,outbound_research,2026-06-26,2026-07-22
con_0253,acc_023,Riverstone Health,riverstone-health.example,Ava,Smith,ava.smith.0253@riverstone-health.example,Executive Assistant,General Management,individual_contributor,Sydney,Australia,https://social.example/in/ava.smith-0253,not_target,Manufacturing,32,Australia,website,2026-07-09,2026-07-27
con_0254,acc_023,Riverstone Health,riverstone-health.example,William,Walker,william.walker.0254@riverstone-health.example,Chief Digital Officer,Digital Transformation,executive,Sydney,Australia,https://social.example/in/william.walker-0254,priority,Manufacturing,32,Australia,event,2026-07-22,2026-08-01
con_0255,acc_023,Riverstone Health,riverstone-health.example,Olivia,Johnson,olivia.johnson.0255@riverstone-health.example,CIO,IT,executive,Sydney,Australia,https://social.example/in/olivia.johnson-0255,priority,Manufacturing,32,Australia,referral,2026-08-04,2026-08-06
con_0256,acc_024,Silvergrove Advisory,silvergrove-advisory.example,Isla,Williams,isla.williams.0256@silvergrove-advisory.example,Continuous Improvement Manager,Operations,manager,London,United Kingdom,https://social.example/in/isla.williams-0256,relevant,Manufacturing,340,United Kingdom,partner,2026-08-17,2026-08-11
con_0257,acc_024,Silvergrove Advisory,silvergrove-advisory.example,Oliver,Edwards,oliver.edwards.0257@silvergrove-advisory.example,Chief Digital Officer,Digital Transformation,executive,London,United Kingdom,https://social.example/in/oliver.edwards-0257,priority,Manufacturing,340,United Kingdom,import,2026-05-07,2026-08-16
con_0258,acc_024,Silvergrove Advisory,silvergrove-advisory.example,Oscar,Johnson,oscar.johnson.0258@silvergrove-advisory.example,CIO,IT,executive,London,United Kingdom,https://social.example/in/oscar.johnson-0258,priority,Manufacturing,340,United Kingdom,outbound_research,2026-05-20,2026-08-21
con_0259,acc_024,Silvergrove Advisory,silvergrove-advisory.example,Maya,Brown,maya.brown.0259@silvergrove-advisory.example,VP Operations,Operations,vp,London,United Kingdom,https://social.example/in/maya.brown-0259,priority,Manufacturing,340,United Kingdom,website,2026-06-02,2026-08-26
con_0260,acc_024,Silvergrove Advisory,silvergrove-advisory.example,Jack,Hughes,jack.hughes.0260@silvergrove-advisory.example,Plant Operations Director,Operations,director,London,United Kingdom,https://social.example/in/jack.hughes-0260,relevant,Manufacturing,340,United Kingdom,event,2026-06-15,2026-07-03
con_0261,acc_024,Silvergrove Advisory,silvergrove-advisory.example,Isla,Roberts,isla.roberts.0261@silvergrove-advisory.example,IT Security Manager,Security,manager,London,United Kingdom,https://social.example/in/isla.roberts-0261,priority,Manufacturing,340,United Kingdom,referral,2026-06-28,2026-07-08
con_0262,acc_024,Silvergrove Advisory,silvergrove-advisory.example,Oliver,Taylor,oliver.taylor.0262@silvergrove-advisory.example,Continuous Improvement Manager,Operations,manager,London,United Kingdom,https://social.example/in/oliver.taylor-0262,relevant,Manufacturing,340,United Kingdom,partner,2026-07-11,2026-07-13
con_0263,acc_024,Silvergrove Advisory,silvergrove-advisory.example,Oscar,White,oscar.white.0263@silvergrove-advisory.example,Executive Assistant,General Management,individual_contributor,London,United Kingdom,https://social.example/in/oscar.white-0263,not_target,Manufacturing,340,United Kingdom,import,2026-07-24,2026-07-18
con_0264,acc_024,Silvergrove Advisory,silvergrove-advisory.example,Maya,Thomas,maya.thomas.0264@silvergrove-advisory.example,CIO,IT,executive,London,United Kingdom,https://social.example/in/maya.thomas-0264,priority,Manufacturing,340,United Kingdom,outbound_research,2026-08-06,2026-07-23
con_0265,acc_024,Silvergrove Advisory,silvergrove-advisory.example,Jack,Jones,jack.jones.0265@silvergrove-advisory.example,VP Operations,Operations,vp,London,United Kingdom,https://social.example/in/jack.jones-0265,priority,Manufacturing,340,United Kingdom,website,2026-08-19,2026-07-28
con_0266,acc_024,Silvergrove Advisory,silvergrove-advisory.example,Isla,Robinson,isla.robinson.0266@silvergrove-advisory.example,Plant Operations Director,Operations,director,London,United Kingdom,https://social.example/in/isla.robinson-0266,relevant,Manufacturing,340,United Kingdom,event,2026-05-09,2026-08-02
con_0267,acc_025,Summitline Analytics,summitline-analytics.example,Mia,Koch,mia.koch.0267@summitline-analytics.example,Chief Technology Officer,Engineering,executive,Hamburg,Germany,https://social.example/in/mia.koch-0267,priority,Energy,1800,Germany,referral,2026-05-22,2026-08-07
con_0268,acc_025,Summitline Analytics,summitline-analytics.example,Paul,Fischer,paul.fischer.0268@summitline-analytics.example,Chief Digital Officer,Digital Transformation,executive,Hamburg,Germany,https://social.example/in/paul.fischer-0268,priority,Energy,1800,Germany,partner,2026-06-04,2026-08-12
con_0269,acc_025,Summitline Analytics,summitline-analytics.example,Ben,Neumann,ben.neumann.0269@summitline-analytics.example,Director of Asset Operations,Operations,director,Hamburg,Germany,https://social.example/in/ben.neumann-0269,relevant,Energy,1800,Germany,import,2026-06-17,2026-08-17
con_0270,acc_025,Summitline Analytics,summitline-analytics.example,Emma,Hoffmann,emma.hoffmann.0270@summitline-analytics.example,Head of Innovation,Innovation,director,Hamburg,Germany,https://social.example/in/emma.hoffmann-0270,priority,Energy,1800,Germany,outbound_research,2026-06-30,2026-08-22
con_0271,acc_025,Summitline Analytics,summitline-analytics.example,Felix,Schneider,felix.schneider.0271@summitline-analytics.example,IT Infrastructure Manager,IT,manager,Hamburg,Germany,https://social.example/in/felix.schneider-0271,relevant,Energy,1800,Germany,website,2026-07-13,2026-08-27
con_0272,acc_025,Summitline Analytics,summitline-analytics.example,Mia,Schröder,mia.schroder.0272@summitline-analytics.example,Procurement Manager,Procurement,manager,Hamburg,Germany,https://social.example/in/mia.schroder-0272,secondary,Energy,1800,Germany,event,2026-07-26,2026-07-04
con_0273,acc_025,Summitline Analytics,summitline-analytics.example,Paul,Schulz,paul.schulz.0273@summitline-analytics.example,Executive Assistant,General Management,individual_contributor,Hamburg,Germany,https://social.example/in/paul.schulz-0273,not_target,Energy,1800,Germany,referral,2026-08-08,2026-07-09
con_0274,acc_025,Summitline Analytics,summitline-analytics.example,Ben,Schmidt,ben.schmidt.0274@summitline-analytics.example,Chief Digital Officer,Digital Transformation,executive,Hamburg,Germany,https://social.example/in/ben.schmidt-0274,priority,Energy,1800,Germany,partner,2026-08-21,2026-07-14
con_0275,acc_025,Summitline Analytics,summitline-analytics.example,Emma,Wolf,emma.wolf.0275@summitline-analytics.example,Director of Asset Operations,Operations,director,Hamburg,Germany,https://social.example/in/emma.wolf-0275,relevant,Energy,1800,Germany,import,2026-05-11,2026-07-19
con_0276,acc_025,Summitline Analytics,summitline-analytics.example,Felix,Becker,felix.becker.0276@summitline-analytics.example,Head of Innovation,Innovation,director,Hamburg,Germany,https://social.example/in/felix.becker-0276,priority,Energy,1800,Germany,outbound_research,2026-05-24,2026-07-24
con_0277,acc_025,Summitline Analytics,summitline-analytics.example,Mia,Müller,mia.muller.0277@summitline-analytics.example,IT Infrastructure Manager,IT,manager,Hamburg,Germany,https://social.example/in/mia.muller-0277,relevant,Energy,1800,Germany,website,2026-06-06,2026-07-29
con_0278,acc_025,Summitline Analytics,summitline-analytics.example,Paul,Klein,paul.klein.0278@summitline-analytics.example,Procurement Manager,Procurement,manager,Hamburg,Germany,https://social.example/in/paul.klein-0278,secondary,Energy,1800,Germany,event,2026-06-19,2026-08-03
con_0279,acc_026,Terravale Labs,terravale-labs.example,Valentina,Ricci,valentina.ricci.0279@terravale-labs.example,Chief Digital Officer,Digital Transformation,executive,Rome,Italy,https://social.example/in/valentina.ricci-0279,priority,Energy,7,Italy,referral,2026-07-02,2026-08-08
con_0280,acc_026,Terravale Labs,terravale-labs.example,Luca,Rossi,luca.rossi.0280@terravale-labs.example,Director of Asset Operations,Operations,director,Rome,Italy,https://social.example/in/luca.rossi-0280,relevant,Energy,7,Italy,partner,2026-07-15,2026-08-13
con_0281,acc_026,Terravale Labs,terravale-labs.example,Alice,De Luca,alice.de-luca.0281@terravale-labs.example,Head of Innovation,Innovation,director,Rome,Italy,https://social.example/in/alice.de-luca-0281,priority,Energy,7,Italy,import,2026-07-28,2026-08-18
con_0282,acc_026,Terravale Labs,terravale-labs.example,Francesco,Colombo,francesco.colombo.0282@terravale-labs.example,IT Infrastructure Manager,IT,manager,Rome,Italy,https://social.example/in/francesco.colombo-0282,relevant,Energy,7,Italy,outbound_research,2026-08-10,2026-08-23
con_0283,acc_026,Terravale Labs,terravale-labs.example,Sofia,Moretti,sofia.moretti.0283@terravale-labs.example,Executive Assistant,General Management,individual_contributor,Rome,Italy,https://social.example/in/sofia.moretti-0283,not_target,Energy,7,Italy,website,2026-08-23,2026-08-28
con_0284,acc_026,Terravale Labs,terravale-labs.example,Valentina,Conti,valentina.conti.0284@terravale-labs.example,Chief Technology Officer,Engineering,executive,Rome,Italy,https://social.example/in/valentina.conti-0284,priority,Energy,7,Italy,event,2026-05-13,2026-07-05
con_0285,acc_026,Terravale Labs,terravale-labs.example,Luca,Romano,luca.romano.0285@terravale-labs.example,Chief Digital Officer,Digital Transformation,executive,Rome,Italy,https://social.example/in/luca.romano-0285,priority,Energy,7,Italy,referral,2026-05-26,2026-07-10
con_0286,acc_026,Terravale Labs,terravale-labs.example,Alice,Lombardi,alice.lombardi.0286@terravale-labs.example,Director of Asset Operations,Operations,director,Rome,Italy,https://social.example/in/alice.lombardi-0286,relevant,Energy,7,Italy,partner,2026-06-08,2026-07-15
con_0287,acc_026,Terravale Labs,terravale-labs.example,Francesco,Gallo,francesco.gallo.0287@terravale-labs.example,Head of Innovation,Innovation,director,Rome,Italy,https://social.example/in/francesco.gallo-0287,priority,Energy,7,Italy,import,2026-06-21,2026-07-20
con_0288,acc_027,Vantagefield Collective,vantagefield-collective.example,Thomas,Vermeulen,thomas.vermeulen.0288@vantagefield-collective.example,Head of Digital Learning,Digital Transformation,director,Antwerp,Belgium,https://social.example/in/thomas.vermeulen-0288,relevant,Education,120,Belgium,outbound_research,2026-07-04,2026-07-25
con_0289,acc_027,Vantagefield Collective,vantagefield-collective.example,Camille,Mertens,camille.mertens.0289@vantagefield-collective.example,Director of IT,IT,director,Antwerp,Belgium,https://social.example/in/camille.mertens-0289,priority,Education,120,Belgium,website,2026-07-17,2026-07-30
con_0290,acc_027,Vantagefield Collective,vantagefield-collective.example,Arthur,Leroy,arthur.leroy.0290@vantagefield-collective.example,Marketing Operations Manager,Marketing Operations,manager,Antwerp,Belgium,https://social.example/in/arthur.leroy-0290,relevant,Education,120,Belgium,event,2026-07-30,2026-08-04
con_0291,acc_027,Vantagefield Collective,vantagefield-collective.example,Simon,De Vos,simon.de-vos.0291@vantagefield-collective.example,Product Manager,Product,manager,Antwerp,Belgium,https://social.example/in/simon.de-vos-0291,secondary,Education,120,Belgium,referral,2026-08-12,2026-08-09
con_0292,acc_027,Vantagefield Collective,vantagefield-collective.example,Zoé,Jacobs,zoe.jacobs.0292@vantagefield-collective.example,Chief Operating Officer,Operations,executive,Antwerp,Belgium,https://social.example/in/zoe.jacobs-0292,relevant,Education,120,Belgium,partner,2026-05-02,2026-08-14
con_0293,acc_027,Vantagefield Collective,vantagefield-collective.example,Thomas,Simon,thomas.simon.0293@vantagefield-collective.example,Executive Assistant,General Management,individual_contributor,Antwerp,Belgium,https://social.example/in/thomas.simon-0293,not_target,Education,120,Belgium,import,2026-05-15,2026-08-19
con_0294,acc_027,Vantagefield Collective,vantagefield-collective.example,Camille,De Smet,camille.de-smet.0294@vantagefield-collective.example,Director of IT,IT,director,Antwerp,Belgium,https://social.example/in/camille.de-smet-0294,priority,Education,120,Belgium,outbound_research,2026-05-28,2026-08-24
con_0295,acc_027,Vantagefield Collective,vantagefield-collective.example,Arthur,Maes,arthur.maes.0295@vantagefield-collective.example,Marketing Operations Manager,Marketing Operations,manager,Antwerp,Belgium,https://social.example/in/arthur.maes-0295,relevant,Education,120,Belgium,website,2026-06-10,2026-07-01
con_0296,acc_027,Vantagefield Collective,vantagefield-collective.example,Simon,Leclercq,simon.leclercq.0296@vantagefield-collective.example,Product Manager,Product,manager,Antwerp,Belgium,https://social.example/in/simon.leclercq-0296,secondary,Education,120,Belgium,event,2026-06-23,2026-07-06
con_0297,acc_027,Vantagefield Collective,vantagefield-collective.example,Zoé,Wouters,zoe.wouters.0297@vantagefield-collective.example,Chief Operating Officer,Operations,executive,Antwerp,Belgium,https://social.example/in/zoe.wouters-0297,relevant,Education,120,Belgium,referral,2026-07-06,2026-07-11
con_0298,acc_027,Vantagefield Collective,vantagefield-collective.example,Thomas,Janssens,thomas.janssens.0298@vantagefield-collective.example,Head of Digital Learning,Digital Transformation,director,Antwerp,Belgium,https://social.example/in/thomas.janssens-0298,relevant,Education,120,Belgium,partner,2026-07-19,2026-07-16
con_0299,acc_028,Willowgate Commerce,willowgate-commerce.example,David,Schwarz,david.schwarz.0299@willowgate-commerce.example,Audience Development Director,Growth,director,Vienna,Austria,https://social.example/in/david.schwarz-0299,relevant,Media,760,Austria,import,2026-08-01,2026-07-21
con_0300,acc_028,Willowgate Commerce,willowgate-commerce.example,Lena,Leitner,lena.leitner.0300@willowgate-commerce.example,Marketing Operations Manager,Marketing Operations,manager,Vienna,Austria,https://social.example/in/lena.leitner-0300,relevant,Media,760,Austria,outbound_research,2026-08-14,2026-07-26
con_0301,acc_028,Willowgate Commerce,willowgate-commerce.example,Lukas,Müller,lukas.muller.0301@willowgate-commerce.example,IT Manager,IT,manager,Vienna,Austria,https://social.example/in/lukas.muller-0301,secondary,Media,760,Austria,website,2026-05-04,2026-07-31
con_0302,acc_028,Willowgate Commerce,willowgate-commerce.example,Tobias,Wallner,tobias.wallner.0302@willowgate-commerce.example,Chief Operating Officer,Operations,executive,Vienna,Austria,https://social.example/in/tobias.wallner-0302,relevant,Media,760,Austria,event,2026-05-17,2026-08-05
con_0303,acc_028,Willowgate Commerce,willowgate-commerce.example,Mia,Eder,mia.eder.0303@willowgate-commerce.example,Executive Assistant,General Management,individual_contributor,Vienna,Austria,https://social.example/in/mia.eder-0303,not_target,Media,760,Austria,referral,2026-05-30,2026-08-10
con_0304,acc_028,Willowgate Commerce,willowgate-commerce.example,David,Wagner,david.wagner.0304@willowgate-commerce.example,Audience Development Director,Growth,director,Vienna,Austria,https://social.example/in/david.wagner-0304,relevant,Media,760,Austria,partner,2026-06-12,2026-08-15
con_0305,acc_028,Willowgate Commerce,willowgate-commerce.example,Lena,Brunner,lena.brunner.0305@willowgate-commerce.example,Marketing Operations Manager,Marketing Operations,manager,Vienna,Austria,https://social.example/in/lena.brunner-0305,relevant,Media,760,Austria,import,2026-06-25,2026-08-20
con_0306,acc_028,Willowgate Commerce,willowgate-commerce.example,Lukas,Hofer,lukas.hofer.0306@willowgate-commerce.example,IT Manager,IT,manager,Vienna,Austria,https://social.example/in/lukas.hofer-0306,secondary,Media,760,Austria,outbound_research,2026-07-08,2026-08-25
con_0307,acc_028,Willowgate Commerce,willowgate-commerce.example,Tobias,Huber,tobias.huber.0307@willowgate-commerce.example,Chief Operating Officer,Operations,executive,Vienna,Austria,https://social.example/in/tobias.huber-0307,relevant,Media,760,Austria,website,2026-07-21,2026-07-02
con_0308,acc_028,Willowgate Commerce,willowgate-commerce.example,Mia,Mayr,mia.mayr.0308@willowgate-commerce.example,Head of Digital Product,Product,director,Vienna,Austria,https://social.example/in/mia.mayr-0308,relevant,Media,760,Austria,event,2026-08-03,2026-07-07
con_0309,acc_028,Willowgate Commerce,willowgate-commerce.example,David,Berger,david.berger.0309@willowgate-commerce.example,Audience Development Director,Growth,director,Vienna,Austria,https://social.example/in/david.berger-0309,relevant,Media,760,Austria,referral,2026-08-16,2026-07-12
con_0310,acc_028,Willowgate Commerce,willowgate-commerce.example,Lena,Gruber,lena.gruber.0310@willowgate-commerce.example,Marketing Operations Manager,Marketing Operations,manager,Vienna,Austria,https://social.example/in/lena.gruber-0310,relevant,Media,760,Austria,partner,2026-05-06,2026-07-17
con_0311,acc_029,Wintermere Mobility,wintermere-mobility.example,Eliška,Král,eliska.kral.0311@wintermere-mobility.example,Marketing Operations Manager,Marketing Operations,manager,Prague,Czechia,https://social.example/in/eliska.kral-0311,relevant,Professional services,7200,Czechia,import,2026-05-19,2026-07-22
con_0312,acc_029,Wintermere Mobility,wintermere-mobility.example,Jakub,Veselý,jakub.vesely.0312@wintermere-mobility.example,IT Director,IT,director,Prague,Czechia,https://social.example/in/jakub.vesely-0312,priority,Professional services,7200,Czechia,outbound_research,2026-06-01,2026-07-27
con_0313,acc_029,Wintermere Mobility,wintermere-mobility.example,David,Novák,david.novak.0313@wintermere-mobility.example,Executive Assistant,General Management,individual_contributor,Prague,Czechia,https://social.example/in/david.novak-0313,not_target,Professional services,7200,Czechia,website,2026-06-14,2026-08-01
con_0314,acc_029,Wintermere Mobility,wintermere-mobility.example,Karolína,Hájek,karolina.hajek.0314@wintermere-mobility.example,"Partner, Operations Transformation",Consulting,executive,Prague,Czechia,https://social.example/in/karolina.hajek-0314,priority,Professional services,7200,Czechia,event,2026-06-27,2026-08-06
con_0315,acc_029,Wintermere Mobility,wintermere-mobility.example,Filip,Kučera,filip.kucera.0315@wintermere-mobility.example,Chief Operating Officer,Operations,executive,Prague,Czechia,https://social.example/in/filip.kucera-0315,priority,Professional services,7200,Czechia,referral,2026-07-10,2026-08-11
con_0316,acc_029,Wintermere Mobility,wintermere-mobility.example,Eliška,Sedláček,eliska.sedlacek.0316@wintermere-mobility.example,Director of Business Development,Business Development,director,Prague,Czechia,https://social.example/in/eliska.sedlacek-0316,relevant,Professional services,7200,Czechia,partner,2026-07-23,2026-08-16
con_0317,acc_029,Wintermere Mobility,wintermere-mobility.example,Jakub,Pokorný,jakub.pokorny.0317@wintermere-mobility.example,Marketing Operations Manager,Marketing Operations,manager,Prague,Czechia,https://social.example/in/jakub.pokorny-0317,relevant,Professional services,7200,Czechia,import,2026-08-05,2026-08-21
con_0318,acc_029,Wintermere Mobility,wintermere-mobility.example,David,Procházka,david.prochazka.0318@wintermere-mobility.example,IT Director,IT,director,Prague,Czechia,https://social.example/in/david.prochazka-0318,priority,Professional services,7200,Czechia,outbound_research,2026-08-18,2026-08-26
con_0319,acc_029,Wintermere Mobility,wintermere-mobility.example,Karolína,Fiala,karolina.fiala.0319@wintermere-mobility.example,Managing Partner,General Management,executive,Prague,Czechia,https://social.example/in/karolina.fiala-0319,relevant,Professional services,7200,Czechia,website,2026-05-08,2026-07-03
con_0320,acc_029,Wintermere Mobility,wintermere-mobility.example,Filip,Pospíšil,filip.pospisil.0320@wintermere-mobility.example,"Partner, Operations Transformation",Consulting,executive,Prague,Czechia,https://social.example/in/filip.pospisil-0320,priority,Professional services,7200,Czechia,event,2026-05-21,2026-07-08
con_0321,acc_029,Wintermere Mobility,wintermere-mobility.example,Eliška,Černý,eliska.cerny.0321@wintermere-mobility.example,Chief Operating Officer,Operations,executive,Prague,Czechia,https://social.example/in/eliska.cerny-0321,priority,Professional services,7200,Czechia,referral,2026-06-03,2026-07-13
con_0322,acc_029,Wintermere Mobility,wintermere-mobility.example,Jakub,Beneš,jakub.benes.0322@wintermere-mobility.example,Director of Business Development,Business Development,director,Prague,Czechia,https://social.example/in/jakub.benes-0322,relevant,Professional services,7200,Czechia,partner,2026-06-16,2026-07-18
con_0323,acc_029,Wintermere Mobility,wintermere-mobility.example,David,Marek,david.marek.0323@wintermere-mobility.example,Marketing Operations Manager,Marketing Operations,manager,Prague,Czechia,https://social.example/in/david.marek-0323,relevant,Professional services,7200,Czechia,import,2026-06-29,2026-07-23
con_0324,acc_030,Brightpath Services,brightpath-services.example,Henry,Williams,henry.williams.0324@brightpath-services.example,IT Director,IT,director,Chicago,United States,https://social.example/in/henry.williams-0324,priority,Professional services,32,United States,outbound_research,2026-07-12,2026-07-28
con_0325,acc_030,Brightpath Services,brightpath-services.example,Isabella,Thomas,isabella.thomas.0325@brightpath-services.example,Managing Partner,General Management,executive,Chicago,United States,https://social.example/in/isabella.thomas-0325,relevant,Professional services,32,United States,website,2026-07-25,2026-08-02
con_0326,acc_030,Brightpath Services,brightpath-services.example,Oliver,Rodriguez,oliver.rodriguez.0326@brightpath-services.example,"Partner, Operations Transformation",Consulting,executive,Chicago,United States,https://social.example/in/oliver.rodriguez-0326,priority,Professional services,32,United States,event,2026-08-07,2026-08-07
con_0327,acc_030,Brightpath Services,brightpath-services.example,Ava,Johnson,ava.johnson.0327@brightpath-services.example,Chief Operating Officer,Operations,executive,Chicago,United States,https://social.example/in/ava.johnson-0327,priority,Professional services,32,United States,referral,2026-08-20,2026-08-12
con_0328,acc_030,Brightpath Services,brightpath-services.example,Evelyn,Anderson,evelyn.anderson.0328@brightpath-services.example,Director of Business Development,Business Development,director,Chicago,United States,https://social.example/in/evelyn.anderson-0328,relevant,Professional services,32,United States,partner,2026-05-10,2026-08-17
con_0329,acc_030,Brightpath Services,brightpath-services.example,Henry,Davis,henry.davis.0329@brightpath-services.example,Marketing Operations Manager,Marketing Operations,manager,Chicago,United States,https://social.example/in/henry.davis-0329,relevant,Professional services,32,United States,import,2026-05-23,2026-08-22
con_0330,acc_030,Brightpath Services,brightpath-services.example,Isabella,Smith,isabella.smith.0330@brightpath-services.example,IT Director,IT,director,Chicago,United States,https://social.example/in/isabella.smith-0330,priority,Professional services,32,United States,outbound_research,2026-06-05,2026-08-27
con_0331,acc_030,Brightpath Services,brightpath-services.example,Oliver,Wilson,oliver.wilson.0331@brightpath-services.example,Managing Partner,General Management,executive,Chicago,United States,https://social.example/in/oliver.wilson-0331,relevant,Professional services,32,United States,website,2026-06-18,2026-07-04
con_0332,acc_030,Brightpath Services,brightpath-services.example,Ava,Miller,ava.miller.0332@brightpath-services.example,"Partner, Operations Transformation",Consulting,executive,Chicago,United States,https://social.example/in/ava.miller-0332,priority,Professional services,32,United States,event,2026-07-01,2026-07-09
con_0333,acc_030,Brightpath Services,brightpath-services.example,Evelyn,Martin,evelyn.martin.0333@brightpath-services.example,Chief Operating Officer,Operations,executive,Chicago,United States,https://social.example/in/evelyn.martin-0333,priority,Professional services,32,United States,referral,2026-07-14,2026-07-14
con_0334,acc_031,Cedarpoint Works,cedarpoint-works.example,Clara,Roux,clara.roux.0334@cedarpoint-works.example,Chief Operating Officer,Operations,executive,Toulouse,France,https://social.example/in/clara.roux-0334,relevant,Travel,340,France,partner,2026-07-27,2026-07-19
con_0335,acc_031,Cedarpoint Works,cedarpoint-works.example,Julien,Simon,julien.simon.0335@cedarpoint-works.example,VP Product,Product,vp,Toulouse,France,https://social.example/in/julien.simon-0335,relevant,Travel,340,France,import,2026-08-09,2026-07-24
con_0336,acc_031,Cedarpoint Works,cedarpoint-works.example,Sophie,Thomas,sophie.thomas.0336@cedarpoint-works.example,Head of Digital,Digital Transformation,director,Toulouse,France,https://social.example/in/sophie.thomas-0336,relevant,Travel,340,France,outbound_research,2026-08-22,2026-07-29
con_0337,acc_031,Cedarpoint Works,cedarpoint-works.example,Thomas,Bertrand,thomas.bertrand.0337@cedarpoint-works.example,Revenue Operations Manager,RevOps,manager,Toulouse,France,https://social.example/in/thomas.bertrand-0337,relevant,Travel,340,France,website,2026-05-12,2026-08-03
con_0338,acc_031,Cedarpoint Works,cedarpoint-works.example,Élodie,Moreau,elodie.moreau.0338@cedarpoint-works.example,IT Manager,IT,manager,Toulouse,France,https://social.example/in/elodie.moreau-0338,secondary,Travel,340,France,event,2026-05-25,2026-08-08
con_0339,acc_031,Cedarpoint Works,cedarpoint-works.example,Clara,Dubois,clara.dubois.0339@cedarpoint-works.example,Chief Operating Officer,Operations,executive,Toulouse,France,https://social.example/in/clara.dubois-0339,relevant,Travel,340,France,referral,2026-06-07,2026-08-13
con_0340,acc_031,Cedarpoint Works,cedarpoint-works.example,Julien,David,julien.david.0340@cedarpoint-works.example,VP Product,Product,vp,Toulouse,France,https://social.example/in/julien.david-0340,relevant,Travel,340,France,partner,2026-06-20,2026-08-18
con_0341,acc_031,Cedarpoint Works,cedarpoint-works.example,Sophie,Leroy,sophie.leroy.0341@cedarpoint-works.example,Head of Digital,Digital Transformation,director,Toulouse,France,https://social.example/in/sophie.leroy-0341,relevant,Travel,340,France,import,2026-07-03,2026-08-23
con_0342,acc_031,Cedarpoint Works,cedarpoint-works.example,Thomas,Martin,thomas.martin.0342@cedarpoint-works.example,Revenue Operations Manager,RevOps,manager,Toulouse,France,https://social.example/in/thomas.martin-0342,relevant,Travel,340,France,outbound_research,2026-07-16,2026-08-28
con_0343,acc_031,Cedarpoint Works,cedarpoint-works.example,Élodie,Garcia,elodie.garcia.0343@cedarpoint-works.example,IT Manager,IT,manager,Toulouse,France,https://social.example/in/elodie.garcia-0343,secondary,Travel,340,France,website,2026-07-29,2026-07-05
con_0344,acc_031,Cedarpoint Works,cedarpoint-works.example,Clara,Durand,clara.durand.0344@cedarpoint-works.example,Executive Assistant,General Management,individual_contributor,Toulouse,France,https://social.example/in/clara.durand-0344,not_target,Travel,340,France,event,2026-08-11,2026-07-10
con_0345,acc_032,Harborstone Networks,harborstone-networks.example,Marie,Fischer,marie.fischer.0345@harborstone-networks.example,Head of Technology,Engineering,director,Berlin,Germany,https://social.example/in/marie.fischer-0345,priority,Agriculture,1800,Germany,referral,2026-05-01,2026-07-15
con_0346,acc_032,Harborstone Networks,harborstone-networks.example,Elias,Neumann,elias.neumann.0346@harborstone-networks.example,Director of Digital Transformation,Digital Transformation,director,Berlin,Germany,https://social.example/in/elias.neumann-0346,priority,Agriculture,1800,Germany,partner,2026-05-14,2026-07-20
con_0347,acc_032,Harborstone Networks,harborstone-networks.example,Clara,Hoffmann,clara.hoffmann.0347@harborstone-networks.example,Supply Chain Manager,Supply Chain,manager,Berlin,Germany,https://social.example/in/clara.hoffmann-0347,relevant,Agriculture,1800,Germany,import,2026-05-27,2026-07-25
con_0348,acc_032,Harborstone Networks,harborstone-networks.example,Lukas,Schneider,lukas.schneider.0348@harborstone-networks.example,Innovation Manager,Innovation,manager,Berlin,Germany,https://social.example/in/lukas.schneider-0348,relevant,Agriculture,1800,Germany,outbound_research,2026-06-09,2026-07-30
con_0349,acc_032,Harborstone Networks,harborstone-networks.example,Leonie,Schröder,leonie.schroder.0349@harborstone-networks.example,Chief Operating Officer,Operations,executive,Berlin,Germany,https://social.example/in/leonie.schroder-0349,relevant,Agriculture,1800,Germany,website,2026-06-22,2026-08-04
con_0350,acc_032,Harborstone Networks,harborstone-networks.example,Marie,Schulz,marie.schulz.0350@harborstone-networks.example,Head of Technology,Engineering,director,Berlin,Germany,https://social.example/in/marie.schulz-0350,priority,Agriculture,1800,Germany,event,2026-07-05,2026-08-09
con_0351,acc_032,Harborstone Networks,harborstone-networks.example,Elias,Schmidt,elias.schmidt.0351@harborstone-networks.example,Director of Digital Transformation,Digital Transformation,director,Berlin,Germany,https://social.example/in/elias.schmidt-0351,priority,Agriculture,1800,Germany,referral,2026-07-18,2026-08-14
con_0352,acc_032,Harborstone Networks,harborstone-networks.example,Clara,Wolf,clara.wolf.0352@harborstone-networks.example,Supply Chain Manager,Supply Chain,manager,Berlin,Germany,https://social.example/in/clara.wolf-0352,relevant,Agriculture,1800,Germany,partner,2026-07-31,2026-08-19
con_0353,acc_032,Harborstone Networks,harborstone-networks.example,Lukas,Becker,lukas.becker.0353@harborstone-networks.example,Innovation Manager,Innovation,manager,Berlin,Germany,https://social.example/in/lukas.becker-0353,relevant,Agriculture,1800,Germany,import,2026-08-13,2026-08-24
con_0354,acc_032,Harborstone Networks,harborstone-networks.example,Leonie,Müller,leonie.muller.0354@harborstone-networks.example,Executive Assistant,General Management,individual_contributor,Berlin,Germany,https://social.example/in/leonie.muller-0354,not_target,Agriculture,1800,Germany,outbound_research,2026-05-03,2026-07-01
con_0355,acc_032,Harborstone Networks,harborstone-networks.example,Marie,Klein,marie.klein.0355@harborstone-networks.example,Head of Technology,Engineering,director,Berlin,Germany,https://social.example/in/marie.klein-0355,priority,Agriculture,1800,Germany,website,2026-05-16,2026-07-06
con_0356,acc_032,Harborstone Networks,harborstone-networks.example,Elias,Wagner,elias.wagner.0356@harborstone-networks.example,Director of Digital Transformation,Digital Transformation,director,Berlin,Germany,https://social.example/in/elias.wagner-0356,priority,Agriculture,1800,Germany,event,2026-05-29,2026-07-11
con_0357,acc_033,Ironvale Industries,ironvale-industries.example,Diego,García,diego.garcia.0357@ironvale-industries.example,Head of Procurement,Procurement,director,Valencia,Spain,https://social.example/in/diego.garcia-0357,secondary,Public sector,7,Spain,referral,2026-06-11,2026-07-16
con_0358,acc_033,Ironvale Industries,ironvale-industries.example,Carmen,Díaz,carmen.diaz.0358@ironvale-industries.example,Program Operations Manager,Operations,manager,Valencia,Spain,https://social.example/in/carmen.diaz-0358,relevant,Public sector,7,Spain,partner,2026-06-24,2026-07-21
con_0359,acc_033,Ironvale Industries,ironvale-industries.example,Daniel,Sánchez,daniel.sanchez.0359@ironvale-industries.example,Digital Services Director,Digital Transformation,director,Valencia,Spain,https://social.example/in/daniel.sanchez-0359,priority,Public sector,7,Spain,import,2026-07-07,2026-07-26
con_0360,acc_033,Ironvale Industries,ironvale-industries.example,Lucía,Navarro,lucia.navarro.0360@ironvale-industries.example,Director of Innovation Programs,Innovation,director,Valencia,Spain,https://social.example/in/lucia.navarro-0360,priority,Public sector,7,Spain,outbound_research,2026-07-20,2026-07-31
con_0361,acc_033,Ironvale Industries,ironvale-industries.example,Clara,Hernández,clara.hernandez.0361@ironvale-industries.example,Chief Information Officer,IT,executive,Valencia,Spain,https://social.example/in/clara.hernandez-0361,priority,Public sector,7,Spain,website,2026-08-02,2026-08-05
con_0362,acc_033,Ironvale Industries,ironvale-industries.example,Diego,Martínez,diego.martinez.0362@ironvale-industries.example,Head of Procurement,Procurement,director,Valencia,Spain,https://social.example/in/diego.martinez-0362,secondary,Public sector,7,Spain,event,2026-08-15,2026-08-10
con_0363,acc_033,Ironvale Industries,ironvale-industries.example,Carmen,Alonso,carmen.alonso.0363@ironvale-industries.example,Program Operations Manager,Operations,manager,Valencia,Spain,https://social.example/in/carmen.alonso-0363,relevant,Public sector,7,Spain,referral,2026-05-05,2026-08-15
con_0364,acc_033,Ironvale Industries,ironvale-industries.example,Daniel,Ruiz,daniel.ruiz.0364@ironvale-industries.example,Executive Assistant,General Management,individual_contributor,Valencia,Spain,https://social.example/in/daniel.ruiz-0364,not_target,Public sector,7,Spain,partner,2026-05-18,2026-08-20
con_0365,acc_033,Ironvale Industries,ironvale-industries.example,Lucía,López,lucia.lopez.0365@ironvale-industries.example,Director of Innovation Programs,Innovation,director,Valencia,Spain,https://social.example/in/lucia.lopez-0365,priority,Public sector,7,Spain,import,2026-05-31,2026-08-25
con_0366,acc_034,Mapleworks Energy,mapleworks-energy.example,Julia,van Dijk,julia.van-dijk.0366@mapleworks-energy.example,Partnerships Manager,Partnerships,manager,Rotterdam,Netherlands,https://social.example/in/julia.van-dijk-0366,relevant,Nonprofit,120,Netherlands,outbound_research,2026-06-13,2026-07-02
con_0367,acc_034,Mapleworks Energy,mapleworks-energy.example,Daan,van Leeuwen,daan.van-leeuwen.0367@mapleworks-energy.example,IT Manager,IT,manager,Rotterdam,Netherlands,https://social.example/in/daan.van-leeuwen-0367,secondary,Nonprofit,120,Netherlands,website,2026-06-26,2026-07-07
con_0368,acc_034,Mapleworks Energy,mapleworks-energy.example,Lars,de Boer,lars.de-boer.0368@mapleworks-energy.example,Chief Operating Officer,Operations,executive,Rotterdam,Netherlands,https://social.example/in/lars.de-boer-0368,relevant,Nonprofit,120,Netherlands,event,2026-07-09,2026-07-12
con_0369,acc_034,Mapleworks Energy,mapleworks-energy.example,Eva,van den Berg,eva.van-den-berg.0369@mapleworks-energy.example,Director of Programs,Programs,director,Rotterdam,Netherlands,https://social.example/in/eva.van-den-berg-0369,relevant,Nonprofit,120,Netherlands,referral,2026-07-22,2026-07-17
con_0370,acc_034,Mapleworks Energy,mapleworks-energy.example,Milan,Hendriks,milan.hendriks.0370@mapleworks-energy.example,Head of Digital Transformation,Digital Transformation,director,Rotterdam,Netherlands,https://social.example/in/milan.hendriks-0370,priority,Nonprofit,120,Netherlands,partner,2026-08-04,2026-07-22
con_0371,acc_034,Mapleworks Energy,mapleworks-energy.example,Julia,Meijer,julia.meijer.0371@mapleworks-energy.example,Partnerships Manager,Partnerships,manager,Rotterdam,Netherlands,https://social.example/in/julia.meijer-0371,relevant,Nonprofit,120,Netherlands,import,2026-08-17,2026-07-27
con_0372,acc_034,Mapleworks Energy,mapleworks-energy.example,Daan,de Vries,daan.de-vries.0372@mapleworks-energy.example,IT Manager,IT,manager,Rotterdam,Netherlands,https://social.example/in/daan.de-vries-0372,secondary,Nonprofit,120,Netherlands,outbound_research,2026-05-07,2026-08-01
con_0373,acc_034,Mapleworks Energy,mapleworks-energy.example,Lars,Peters,lars.peters.0373@mapleworks-energy.example,Chief Operating Officer,Operations,executive,Rotterdam,Netherlands,https://social.example/in/lars.peters-0373,relevant,Nonprofit,120,Netherlands,website,2026-05-20,2026-08-06
con_0374,acc_034,Mapleworks Energy,mapleworks-energy.example,Eva,Smit,eva.smit.0374@mapleworks-energy.example,Executive Assistant,General Management,individual_contributor,Rotterdam,Netherlands,https://social.example/in/eva.smit-0374,not_target,Nonprofit,120,Netherlands,event,2026-06-02,2026-08-11
con_0375,acc_034,Mapleworks Energy,mapleworks-energy.example,Milan,Jansen,milan.jansen.0375@mapleworks-energy.example,Head of Digital Transformation,Digital Transformation,director,Rotterdam,Netherlands,https://social.example/in/milan.jansen-0375,priority,Nonprofit,120,Netherlands,referral,2026-06-15,2026-08-16
con_0376,acc_034,Mapleworks Energy,mapleworks-energy.example,Julia,Vos,julia.vos.0376@mapleworks-energy.example,Partnerships Manager,Partnerships,manager,Rotterdam,Netherlands,https://social.example/in/julia.vos-0376,relevant,Nonprofit,120,Netherlands,partner,2026-06-28,2026-08-21
con_0377,acc_035,Noviant Cloud,noviant-cloud.example,Clodagh,Doyle,clodagh.doyle.0377@noviant-cloud.example,Product Operations Manager,Product Operations,manager,Dublin,Ireland,https://social.example/in/clodagh.doyle-0377,relevant,Financial technology,760,Ireland,import,2026-07-11,2026-08-26
con_0378,acc_035,Noviant Cloud,noviant-cloud.example,Cian,Walsh,cian.walsh.0378@noviant-cloud.example,Chief Financial Officer,Finance,executive,Dublin,Ireland,https://social.example/in/cian.walsh-0378,relevant,Financial technology,760,Ireland,outbound_research,2026-07-24,2026-07-03
con_0379,acc_035,Noviant Cloud,noviant-cloud.example,Eoin,Murray,eoin.murray.0379@noviant-cloud.example,Chief Information Officer,IT,executive,Dublin,Ireland,https://social.example/in/eoin.murray-0379,priority,Financial technology,760,Ireland,website,2026-08-06,2026-07-08
con_0380,acc_035,Noviant Cloud,noviant-cloud.example,Grace,O'Neill,grace.o-neill.0380@noviant-cloud.example,VP Engineering,Engineering,vp,Dublin,Ireland,https://social.example/in/grace.o-neill-0380,priority,Financial technology,760,Ireland,event,2026-08-19,2026-07-13
con_0381,acc_035,Noviant Cloud,noviant-cloud.example,Seán,O'Sullivan,sean.o-sullivan.0381@noviant-cloud.example,Head of Risk,Risk,director,Dublin,Ireland,https://social.example/in/sean.o-sullivan-0381,relevant,Financial technology,760,Ireland,referral,2026-05-09,2026-07-18
con_0382,acc_035,Noviant Cloud,noviant-cloud.example,Clodagh,Lynch,clodagh.lynch.0382@noviant-cloud.example,Revenue Operations Director,RevOps,director,Dublin,Ireland,https://social.example/in/clodagh.lynch-0382,priority,Financial technology,760,Ireland,partner,2026-05-22,2026-07-23
con_0383,acc_035,Noviant Cloud,noviant-cloud.example,Cian,O'Connor,cian.o-connor.0383@noviant-cloud.example,Product Operations Manager,Product Operations,manager,Dublin,Ireland,https://social.example/in/cian.o-connor-0383,relevant,Financial technology,760,Ireland,import,2026-06-04,2026-07-28
con_0384,acc_035,Noviant Cloud,noviant-cloud.example,Eoin,Kelly,eoin.kelly.0384@noviant-cloud.example,Executive Assistant,General Management,individual_contributor,Dublin,Ireland,https://social.example/in/eoin.kelly-0384,not_target,Financial technology,760,Ireland,outbound_research,2026-06-17,2026-08-02
con_0385,acc_035,Noviant Cloud,noviant-cloud.example,Grace,Kennedy,grace.kennedy.0385@noviant-cloud.example,Chief Information Officer,IT,executive,Dublin,Ireland,https://social.example/in/grace.kennedy-0385,priority,Financial technology,760,Ireland,website,2026-06-30,2026-08-07
con_0386,acc_035,Noviant Cloud,noviant-cloud.example,Seán,Ryan,sean.ryan.0386@noviant-cloud.example,VP Engineering,Engineering,vp,Dublin,Ireland,https://social.example/in/sean.ryan-0386,priority,Financial technology,760,Ireland,event,2026-07-13,2026-08-12
con_0387,acc_035,Noviant Cloud,noviant-cloud.example,Clodagh,Murphy,clodagh.murphy.0387@noviant-cloud.example,Head of Risk,Risk,director,Dublin,Ireland,https://social.example/in/clodagh.murphy-0387,relevant,Financial technology,760,Ireland,referral,2026-07-26,2026-08-17
con_0388,acc_035,Noviant Cloud,noviant-cloud.example,Cian,Doherty,cian.doherty.0388@noviant-cloud.example,Revenue Operations Director,RevOps,director,Dublin,Ireland,https://social.example/in/cian.doherty-0388,priority,Financial technology,760,Ireland,partner,2026-08-08,2026-08-22
con_0389,acc_036,Oakridge Systems,oakridge-systems.example,Leah,Kristiansen,leah.kristiansen.0389@oakridge-systems.example,Chief Financial Officer,Finance,executive,Oslo,Norway,https://social.example/in/leah.kristiansen-0389,relevant,Financial technology,7200,Norway,import,2026-08-21,2026-08-27
con_0390,acc_036,Oakridge Systems,oakridge-systems.example,Elias,Hansen,elias.hansen.0390@oakridge-systems.example,Chief Information Officer,IT,executive,Oslo,Norway,https://social.example/in/elias.hansen-0390,priority,Financial technology,7200,Norway,outbound_research,2026-05-11,2026-07-04
con_0391,acc_036,Oakridge Systems,oakridge-systems.example,Ida,Berg,ida.berg.0391@oakridge-systems.example,VP Engineering,Engineering,vp,Oslo,Norway,https://social.example/in/ida.berg-0391,priority,Financial technology,7200,Norway,website,2026-05-24,2026-07-09
con_0392,acc_036,Oakridge Systems,oakridge-systems.example,Isak,Nilsen,isak.nilsen.0392@oakridge-systems.example,Head of Risk,Risk,director,Oslo,Norway,https://social.example/in/isak.nilsen-0392,relevant,Financial technology,7200,Norway,event,2026-06-06,2026-07-14
con_0393,acc_036,Oakridge Systems,oakridge-systems.example,Emma,Dahl,emma.dahl.0393@oakridge-systems.example,Revenue Operations Director,RevOps,director,Oslo,Norway,https://social.example/in/emma.dahl-0393,priority,Financial technology,7200,Norway,referral,2026-06-19,2026-07-19
con_0394,acc_036,Oakridge Systems,oakridge-systems.example,Leah,Eriksen,leah.eriksen.0394@oakridge-systems.example,Executive Assistant,General Management,individual_contributor,Oslo,Norway,https://social.example/in/leah.eriksen-0394,not_target,Financial technology,7200,Norway,partner,2026-07-02,2026-07-24
con_0395,acc_036,Oakridge Systems,oakridge-systems.example,Elias,Pedersen,elias.pedersen.0395@oakridge-systems.example,Chief Financial Officer,Finance,executive,Oslo,Norway,https://social.example/in/elias.pedersen-0395,relevant,Financial technology,7200,Norway,import,2026-07-15,2026-07-29
con_0396,acc_036,Oakridge Systems,oakridge-systems.example,Ida,Solberg,ida.solberg.0396@oakridge-systems.example,Chief Information Officer,IT,executive,Oslo,Norway,https://social.example/in/ida.solberg-0396,priority,Financial technology,7200,Norway,outbound_research,2026-07-28,2026-08-03
con_0397,acc_036,Oakridge Systems,oakridge-systems.example,Isak,Pettersen,isak.pettersen.0397@oakridge-systems.example,VP Engineering,Engineering,vp,Oslo,Norway,https://social.example/in/isak.pettersen-0397,priority,Financial technology,7200,Norway,website,2026-08-10,2026-08-08
con_0398,acc_036,Oakridge Systems,oakridge-systems.example,Emma,Andersen,emma.andersen.0398@oakridge-systems.example,Head of Risk,Risk,director,Oslo,Norway,https://social.example/in/emma.andersen-0398,relevant,Financial technology,7200,Norway,event,2026-08-23,2026-08-13
con_0399,acc_036,Oakridge Systems,oakridge-systems.example,Leah,Bakken,leah.bakken.0399@oakridge-systems.example,Revenue Operations Director,RevOps,director,Oslo,Norway,https://social.example/in/leah.bakken-0399,priority,Financial technology,7200,Norway,referral,2026-05-13,2026-08-18
con_0400,acc_036,Oakridge Systems,oakridge-systems.example,Elias,Johnsen,elias.johnsen.0400@oakridge-systems.example,Product Operations Manager,Product Operations,manager,Oslo,Norway,https://social.example/in/elias.johnsen-0400,relevant,Financial technology,7200,Norway,partner,2026-05-26,2026-08-23
con_0401,acc_036,Oakridge Systems,oakridge-systems.example,Ida,Larsen,ida.larsen.0401@oakridge-systems.example,Chief Financial Officer,Finance,executive,Oslo,Norway,https://social.example/in/ida.larsen-0401,relevant,Financial technology,7200,Norway,import,2026-06-08,2026-08-28
con_0402,acc_037,Redwoodline Digital,redwoodline-digital.example,Sophia,Thomas,sophia.thomas.0402@redwoodline-digital.example,Chief Information Security Officer,Security,executive,New York,United States,https://social.example/in/sophia.thomas-0402,priority,Cybersecurity,32,United States,outbound_research,2026-06-21,2026-07-05
con_0403,acc_037,Redwoodline Digital,redwoodline-digital.example,Noah,Rodriguez,noah.rodriguez.0403@redwoodline-digital.example,VP Engineering,Engineering,vp,New York,United States,https://social.example/in/noah.rodriguez-0403,priority,Cybersecurity,32,United States,website,2026-07-04,2026-07-10
con_0404,acc_037,Redwoodline Digital,redwoodline-digital.example,Theodore,Johnson,theodore.johnson.0404@redwoodline-digital.example,Executive Assistant,General Management,individual_contributor,New York,United States,https://social.example/in/theodore.johnson-0404,not_target,Cybersecurity,32,United States,event,2026-07-17,2026-07-15
con_0405,acc_037,Redwoodline Digital,redwoodline-digital.example,Harper,Anderson,harper.anderson.0405@redwoodline-digital.example,Head of Product,Product,director,New York,United States,https://social.example/in/harper.anderson-0405,relevant,Cybersecurity,32,United States,referral,2026-07-30,2026-07-20
con_0406,acc_037,Redwoodline Digital,redwoodline-digital.example,William,Davis,william.davis.0406@redwoodline-digital.example,Demand Generation Director,Marketing,director,New York,United States,https://social.example/in/william.davis-0406,relevant,Cybersecurity,32,United States,partner,2026-08-12,2026-07-25
con_0407,acc_037,Redwoodline Digital,redwoodline-digital.example,Sophia,Smith,sophia.smith.0407@redwoodline-digital.example,Solutions Engineering Manager,Solutions Engineering,manager,New York,United States,https://social.example/in/sophia.smith-0407,relevant,Cybersecurity,32,United States,import,2026-05-02,2026-07-30
con_0408,acc_037,Redwoodline Digital,redwoodline-digital.example,Noah,Wilson,noah.wilson.0408@redwoodline-digital.example,Chief Information Security Officer,Security,executive,New York,United States,https://social.example/in/noah.wilson-0408,priority,Cybersecurity,32,United States,outbound_research,2026-05-15,2026-08-04
con_0409,acc_037,Redwoodline Digital,redwoodline-digital.example,Theodore,Miller,theodore.miller.0409@redwoodline-digital.example,VP Engineering,Engineering,vp,New York,United States,https://social.example/in/theodore.miller-0409,priority,Cybersecurity,32,United States,website,2026-05-28,2026-08-09
con_0410,acc_037,Redwoodline Digital,redwoodline-digital.example,Harper,Martin,harper.martin.0410@redwoodline-digital.example,IT Security Manager,Security,manager,New York,United States,https://social.example/in/harper.martin-0410,priority,Cybersecurity,32,United States,event,2026-06-10,2026-08-14
con_0411,acc_037,Redwoodline Digital,redwoodline-digital.example,William,Gonzalez,william.gonzalez.0411@redwoodline-digital.example,Head of Product,Product,director,New York,United States,https://social.example/in/william.gonzalez-0411,relevant,Cybersecurity,32,United States,referral,2026-06-23,2026-08-19
con_0412,acc_038,Skyward Platforms,skyward-platforms.example,Antoine,Simon,antoine.simon.0412@skyward-platforms.example,VP Engineering,Engineering,vp,Paris,France,https://social.example/in/antoine.simon-0412,priority,Cybersecurity,340,France,partner,2026-07-06,2026-08-24
con_0413,acc_038,Skyward Platforms,skyward-platforms.example,Manon,Thomas,manon.thomas.0413@skyward-platforms.example,IT Security Manager,Security,manager,Paris,France,https://social.example/in/manon.thomas-0413,priority,Cybersecurity,340,France,import,2026-07-19,2026-07-01
con_0414,acc_038,Skyward Platforms,skyward-platforms.example,Arthur,Bertrand,arthur.bertrand.0414@skyward-platforms.example,Executive Assistant,General Management,individual_contributor,Paris,France,https://social.example/in/arthur.bertrand-0414,not_target,Cybersecurity,340,France,outbound_research,2026-08-01,2026-07-06
con_0415,acc_038,Skyward Platforms,skyward-platforms.example,Camille,Moreau,camille.moreau.0415@skyward-platforms.example,Demand Generation Director,Marketing,director,Paris,France,https://social.example/in/camille.moreau-0415,relevant,Cybersecurity,340,France,website,2026-08-14,2026-07-11
con_0416,acc_038,Skyward Platforms,skyward-platforms.example,Nina,Dubois,nina.dubois.0416@skyward-platforms.example,Solutions Engineering Manager,Solutions Engineering,manager,Paris,France,https://social.example/in/nina.dubois-0416,relevant,Cybersecurity,340,France,event,2026-05-04,2026-07-16
con_0417,acc_038,Skyward Platforms,skyward-platforms.example,Antoine,David,antoine.david.0417@skyward-platforms.example,Chief Information Security Officer,Security,executive,Paris,France,https://social.example/in/antoine.david-0417,priority,Cybersecurity,340,France,referral,2026-05-17,2026-07-21
con_0418,acc_038,Skyward Platforms,skyward-platforms.example,Manon,Leroy,manon.leroy.0418@skyward-platforms.example,VP Engineering,Engineering,vp,Paris,France,https://social.example/in/manon.leroy-0418,priority,Cybersecurity,340,France,partner,2026-05-30,2026-07-26
con_0419,acc_038,Skyward Platforms,skyward-platforms.example,Arthur,Martin,arthur.martin.0419@skyward-platforms.example,IT Security Manager,Security,manager,Paris,France,https://social.example/in/arthur.martin-0419,priority,Cybersecurity,340,France,import,2026-06-12,2026-07-31
con_0420,acc_038,Skyward Platforms,skyward-platforms.example,Camille,Garcia,camille.garcia.0420@skyward-platforms.example,Head of Product,Product,director,Paris,France,https://social.example/in/camille.garcia-0420,relevant,Cybersecurity,340,France,outbound_research,2026-06-25,2026-08-05
con_0421,acc_038,Skyward Platforms,skyward-platforms.example,Nina,Durand,nina.durand.0421@skyward-platforms.example,Demand Generation Director,Marketing,director,Paris,France,https://social.example/in/nina.durand-0421,relevant,Cybersecurity,340,France,website,2026-07-08,2026-08-10
con_0422,acc_038,Skyward Platforms,skyward-platforms.example,Antoine,Bernard,antoine.bernard.0422@skyward-platforms.example,Solutions Engineering Manager,Solutions Engineering,manager,Paris,France,https://social.example/in/antoine.bernard-0422,relevant,Cybersecurity,340,France,event,2026-07-21,2026-08-15
con_0423,acc_039,Solstice Health,solstice-health.example,Henry,Hughes,henry.hughes.0423@solstice-health.example,Director of IT,IT,director,Manchester,United Kingdom,https://social.example/in/henry.hughes-0423,priority,Software,1800,United Kingdom,referral,2026-08-03,2026-08-20
con_0424,acc_039,Solstice Health,solstice-health.example,Grace,Roberts,grace.roberts.0424@solstice-health.example,Executive Assistant,General Management,individual_contributor,Manchester,United Kingdom,https://social.example/in/grace.roberts-0424,not_target,Software,1800,United Kingdom,partner,2026-08-16,2026-08-25
con_0425,acc_039,Solstice Health,solstice-health.example,Arthur,Taylor,arthur.taylor.0425@solstice-health.example,Marketing Operations Lead,Marketing Operations,lead,Manchester,United Kingdom,https://social.example/in/arthur.taylor-0425,relevant,Software,1800,United Kingdom,import,2026-05-06,2026-07-02
con_0426,acc_039,Solstice Health,solstice-health.example,Amelia,White,amelia.white.0426@solstice-health.example,Customer Operations Director,Customer Success,director,Manchester,United Kingdom,https://social.example/in/amelia.white-0426,relevant,Software,1800,United Kingdom,outbound_research,2026-05-19,2026-07-07
con_0427,acc_039,Solstice Health,solstice-health.example,Freya,Thomas,freya.thomas.0427@solstice-health.example,Chief Technology Officer,Engineering,executive,Manchester,United Kingdom,https://social.example/in/freya.thomas-0427,priority,Software,1800,United Kingdom,website,2026-06-01,2026-07-12
con_0428,acc_039,Solstice Health,solstice-health.example,Henry,Jones,henry.jones.0428@solstice-health.example,VP Product,Product,vp,Manchester,United Kingdom,https://social.example/in/henry.jones-0428,priority,Software,1800,United Kingdom,event,2026-06-14,2026-07-17
con_0429,acc_039,Solstice Health,solstice-health.example,Grace,Robinson,grace.robinson.0429@solstice-health.example,Director of IT,IT,director,Manchester,United Kingdom,https://social.example/in/grace.robinson-0429,priority,Software,1800,United Kingdom,referral,2026-06-27,2026-07-22
con_0430,acc_039,Solstice Health,solstice-health.example,Arthur,Evans,arthur.evans.0430@solstice-health.example,RevOps Manager,RevOps,manager,Manchester,United Kingdom,https://social.example/in/arthur.evans-0430,relevant,Software,1800,United Kingdom,partner,2026-07-10,2026-07-27
con_0431,acc_039,Solstice Health,solstice-health.example,Amelia,Smith,amelia.smith.0431@solstice-health.example,Marketing Operations Lead,Marketing Operations,lead,Manchester,United Kingdom,https://social.example/in/amelia.smith-0431,relevant,Software,1800,United Kingdom,import,2026-07-23,2026-08-01
con_0432,acc_039,Solstice Health,solstice-health.example,Freya,Thompson,freya.thompson.0432@solstice-health.example,Customer Operations Director,Customer Success,director,Manchester,United Kingdom,https://social.example/in/freya.thompson-0432,relevant,Software,1800,United Kingdom,outbound_research,2026-08-05,2026-08-06
con_0433,acc_039,Solstice Health,solstice-health.example,Henry,Davies,henry.davies.0433@solstice-health.example,Chief Technology Officer,Engineering,executive,Manchester,United Kingdom,https://social.example/in/henry.davies-0433,priority,Software,1800,United Kingdom,website,2026-08-18,2026-08-11
con_0434,acc_039,Solstice Health,solstice-health.example,Grace,Hall,grace.hall.0434@solstice-health.example,VP Product,Product,vp,Manchester,United Kingdom,https://social.example/in/grace.hall-0434,priority,Software,1800,United Kingdom,event,2026-05-08,2026-08-16
con_0435,acc_040,Westmere Advisory,westmere-advisory.example,Paula,Díaz,paula.diaz.0435@westmere-advisory.example,RevOps Manager,RevOps,manager,Madrid,Spain,https://social.example/in/paula.diaz-0435,relevant,Software,7,Spain,referral,2026-05-21,2026-08-21
con_0436,acc_040,Westmere Advisory,westmere-advisory.example,Mateo,Sánchez,mateo.sanchez.0436@westmere-advisory.example,Marketing Operations Lead,Marketing Operations,lead,Madrid,Spain,https://social.example/in/mateo.sanchez-0436,relevant,Software,7,Spain,partner,2026-06-03,2026-08-26
con_0437,acc_040,Westmere Advisory,westmere-advisory.example,Adrián,Navarro,adrian.navarro.0437@westmere-advisory.example,Customer Operations Director,Customer Success,director,Madrid,Spain,https://social.example/in/adrian.navarro-0437,relevant,Software,7,Spain,import,2026-06-16,2026-07-03
con_0438,acc_040,Westmere Advisory,westmere-advisory.example,Marta,Hernández,marta.hernandez.0438@westmere-advisory.example,Chief Technology Officer,Engineering,executive,Madrid,Spain,https://social.example/in/marta.hernandez-0438,priority,Software,7,Spain,outbound_research,2026-06-29,2026-07-08
con_0439,acc_040,Westmere Advisory,westmere-advisory.example,Álvaro,Martínez,alvaro.martinez.0439@westmere-advisory.example,VP Product,Product,vp,Madrid,Spain,https://social.example/in/alvaro.martinez-0439,priority,Software,7,Spain,website,2026-07-12,2026-07-13
con_0440,acc_040,Westmere Advisory,westmere-advisory.example,Paula,Alonso,paula.alonso.0440@westmere-advisory.example,Director of IT,IT,director,Madrid,Spain,https://social.example/in/paula.alonso-0440,priority,Software,7,Spain,event,2026-07-25,2026-07-18
con_0441,acc_040,Westmere Advisory,westmere-advisory.example,Mateo,Ruiz,mateo.ruiz.0441@westmere-advisory.example,RevOps Manager,RevOps,manager,Madrid,Spain,https://social.example/in/mateo.ruiz-0441,relevant,Software,7,Spain,referral,2026-08-07,2026-07-23
con_0442,acc_040,Westmere Advisory,westmere-advisory.example,Adrián,López,adrian.lopez.0442@westmere-advisory.example,Marketing Operations Lead,Marketing Operations,lead,Madrid,Spain,https://social.example/in/adrian.lopez-0442,relevant,Software,7,Spain,partner,2026-08-20,2026-07-28
con_0443,acc_040,Westmere Advisory,westmere-advisory.example,Marta,Romero,marta.romero.0443@westmere-advisory.example,Customer Operations Director,Customer Success,director,Madrid,Spain,https://social.example/in/marta.romero-0443,relevant,Software,7,Spain,import,2026-05-10,2026-08-02
con_0444,acc_041,Yarrow Analytics,yarrow-analytics.example,Valentina,Rizzo,valentina.rizzo.0444@yarrow-analytics.example,Executive Assistant,General Management,individual_contributor,Turin,Italy,https://social.example/in/valentina.rizzo-0444,not_target,Data infrastructure,120,Italy,outbound_research,2026-05-23,2026-08-07
con_0445,acc_041,Yarrow Analytics,yarrow-analytics.example,Luca,Bruno,luca.bruno.0445@yarrow-analytics.example,Product Marketing Director,Marketing,director,Turin,Italy,https://social.example/in/luca.bruno-0445,relevant,Data infrastructure,120,Italy,website,2026-06-05,2026-08-12
con_0446,acc_041,Yarrow Analytics,yarrow-analytics.example,Alice,Esposito,alice.esposito.0446@yarrow-analytics.example,Chief Data Officer,Data,executive,Turin,Italy,https://social.example/in/alice.esposito-0446,priority,Data infrastructure,120,Italy,event,2026-06-18,2026-08-17
con_0447,acc_041,Yarrow Analytics,yarrow-analytics.example,Francesco,Giordano,francesco.giordano.0447@yarrow-analytics.example,VP Engineering,Engineering,vp,Turin,Italy,https://social.example/in/francesco.giordano-0447,priority,Data infrastructure,120,Italy,referral,2026-07-01,2026-08-22
con_0448,acc_041,Yarrow Analytics,yarrow-analytics.example,Sofia,Greco,sofia.greco.0448@yarrow-analytics.example,Director of Platform,Engineering,director,Turin,Italy,https://social.example/in/sofia.greco-0448,priority,Data infrastructure,120,Italy,partner,2026-07-14,2026-08-27
con_0449,acc_041,Yarrow Analytics,yarrow-analytics.example,Valentina,Ferrari,valentina.ferrari.0449@yarrow-analytics.example,Data Operations Manager,Data,manager,Turin,Italy,https://social.example/in/valentina.ferrari-0449,relevant,Data infrastructure,120,Italy,import,2026-07-27,2026-07-04
con_0450,acc_041,Yarrow Analytics,yarrow-analytics.example,Luca,Costa,luca.costa.0450@yarrow-analytics.example,Head of Developer Experience,Engineering,director,Turin,Italy,https://social.example/in/luca.costa-0450,relevant,Data infrastructure,120,Italy,outbound_research,2026-08-09,2026-07-09
con_0451,acc_041,Yarrow Analytics,yarrow-analytics.example,Alice,Marino,alice.marino.0451@yarrow-analytics.example,Product Marketing Director,Marketing,director,Turin,Italy,https://social.example/in/alice.marino-0451,relevant,Data infrastructure,120,Italy,website,2026-08-22,2026-07-14
con_0452,acc_041,Yarrow Analytics,yarrow-analytics.example,Francesco,Russo,francesco.russo.0452@yarrow-analytics.example,Chief Data Officer,Data,executive,Turin,Italy,https://social.example/in/francesco.russo-0452,priority,Data infrastructure,120,Italy,event,2026-05-12,2026-07-19
con_0453,acc_041,Yarrow Analytics,yarrow-analytics.example,Sofia,Mancini,sofia.mancini.0453@yarrow-analytics.example,VP Engineering,Engineering,vp,Turin,Italy,https://social.example/in/sofia.mancini-0453,priority,Data infrastructure,120,Italy,referral,2026-05-25,2026-07-24
con_0454,acc_041,Yarrow Analytics,yarrow-analytics.example,Valentina,Ricci,valentina.ricci.0454@yarrow-analytics.example,Director of Platform,Engineering,director,Turin,Italy,https://social.example/in/valentina.ricci-0454,priority,Data infrastructure,120,Italy,partner,2026-06-07,2026-07-29
con_0455,acc_042,Asterline Labs,asterline-labs.example,Nora,Nilsson,nora.nilsson.0455@asterline-labs.example,Product Marketing Director,Marketing,director,Stockholm,Sweden,https://social.example/in/nora.nilsson-0455,relevant,Data infrastructure,760,Sweden,import,2026-06-20,2026-08-03
con_0456,acc_042,Asterline Labs,asterline-labs.example,Oscar,Jakobsson,oscar.jakobsson.0456@asterline-labs.example,Chief Data Officer,Data,executive,Stockholm,Sweden,https://social.example/in/oscar.jakobsson-0456,priority,Data infrastructure,760,Sweden,outbound_research,2026-07-03,2026-08-08
con_0457,acc_042,Asterline Labs,asterline-labs.example,Ella,Gustafsson,ella.gustafsson.0457@asterline-labs.example,VP Engineering,Engineering,vp,Stockholm,Sweden,https://social.example/in/ella.gustafsson-0457,priority,Data infrastructure,760,Sweden,website,2026-07-16,2026-08-13
con_0458,acc_042,Asterline Labs,asterline-labs.example,Noah,Karlsson,noah.karlsson.0458@asterline-labs.example,Director of Platform,Engineering,director,Stockholm,Sweden,https://social.example/in/noah.karlsson-0458,priority,Data infrastructure,760,Sweden,event,2026-07-29,2026-08-18
con_0459,acc_042,Asterline Labs,asterline-labs.example,Astrid,Lindberg,astrid.lindberg.0459@asterline-labs.example,Data Operations Manager,Data,manager,Stockholm,Sweden,https://social.example/in/astrid.lindberg-0459,relevant,Data infrastructure,760,Sweden,referral,2026-08-11,2026-08-23
con_0460,acc_042,Asterline Labs,asterline-labs.example,Nora,Svensson,nora.svensson.0460@asterline-labs.example,Head of Developer Experience,Engineering,director,Stockholm,Sweden,https://social.example/in/nora.svensson-0460,relevant,Data infrastructure,760,Sweden,partner,2026-05-01,2026-08-28
con_0461,acc_042,Asterline Labs,asterline-labs.example,Oscar,Johansson,oscar.johansson.0461@asterline-labs.example,Product Marketing Director,Marketing,director,Stockholm,Sweden,https://social.example/in/oscar.johansson-0461,relevant,Data infrastructure,760,Sweden,import,2026-05-14,2026-07-05
con_0462,acc_042,Asterline Labs,asterline-labs.example,Ella,Bengtsson,ella.bengtsson.0462@asterline-labs.example,Chief Data Officer,Data,executive,Stockholm,Sweden,https://social.example/in/ella.bengtsson-0462,priority,Data infrastructure,760,Sweden,outbound_research,2026-05-27,2026-07-10
con_0463,acc_042,Asterline Labs,asterline-labs.example,Noah,Persson,noah.persson.0463@asterline-labs.example,VP Engineering,Engineering,vp,Stockholm,Sweden,https://social.example/in/noah.persson-0463,priority,Data infrastructure,760,Sweden,website,2026-06-09,2026-07-15
con_0464,acc_042,Asterline Labs,asterline-labs.example,Astrid,Andersson,astrid.andersson.0464@asterline-labs.example,Director of Platform,Engineering,director,Stockholm,Sweden,https://social.example/in/astrid.andersson-0464,priority,Data infrastructure,760,Sweden,event,2026-06-22,2026-07-20
con_0465,acc_042,Asterline Labs,asterline-labs.example,Nora,Hansson,nora.hansson.0465@asterline-labs.example,Executive Assistant,General Management,individual_contributor,Stockholm,Sweden,https://social.example/in/nora.hansson-0465,not_target,Data infrastructure,760,Sweden,referral,2026-07-05,2026-07-25
con_0466,acc_042,Asterline Labs,asterline-labs.example,Oscar,Olsson,oscar.olsson.0466@asterline-labs.example,Head of Developer Experience,Engineering,director,Stockholm,Sweden,https://social.example/in/oscar.olsson-0466,relevant,Data infrastructure,760,Sweden,partner,2026-07-18,2026-07-30
con_0467,acc_043,Bluehaven Collective,bluehaven-collective.example,Mateusz,Nowak,mateusz.nowak.0467@bluehaven-collective.example,Chief Operating Officer,Operations,executive,Warsaw,Poland,https://social.example/in/mateusz.nowak-0467,priority,E-commerce,7200,Poland,import,2026-07-31,2026-08-04
con_0468,acc_043,Bluehaven Collective,bluehaven-collective.example,Hanna,Mazur,hanna.mazur.0468@bluehaven-collective.example,VP Growth,Growth,vp,Warsaw,Poland,https://social.example/in/hanna.mazur-0468,relevant,E-commerce,7200,Poland,outbound_research,2026-08-13,2026-08-09
con_0469,acc_043,Bluehaven Collective,bluehaven-collective.example,Jan,Lewandowski,jan.lewandowski.0469@bluehaven-collective.example,Head of E-commerce,E-commerce,director,Warsaw,Poland,https://social.example/in/jan.lewandowski-0469,relevant,E-commerce,7200,Poland,website,2026-05-03,2026-08-14
con_0470,acc_043,Bluehaven Collective,bluehaven-collective.example,Zofia,Michalski,zofia.michalski.0470@bluehaven-collective.example,Director of Customer Experience,Customer Success,director,Warsaw,Poland,https://social.example/in/zofia.michalski-0470,relevant,E-commerce,7200,Poland,event,2026-05-16,2026-08-19
con_0471,acc_043,Bluehaven Collective,bluehaven-collective.example,Wiktoria,Jankowski,wiktoria.jankowski.0471@bluehaven-collective.example,Marketing Operations Manager,Marketing Operations,manager,Warsaw,Poland,https://social.example/in/wiktoria.jankowski-0471,relevant,E-commerce,7200,Poland,referral,2026-05-29,2026-08-24
con_0472,acc_043,Bluehaven Collective,bluehaven-collective.example,Mateusz,Kamiński,mateusz.kaminski.0472@bluehaven-collective.example,IT Director,IT,director,Warsaw,Poland,https://social.example/in/mateusz.kaminski-0472,priority,E-commerce,7200,Poland,partner,2026-06-11,2026-07-01
con_0473,acc_043,Bluehaven Collective,bluehaven-collective.example,Hanna,Pawłowski,hanna.pawowski.0473@bluehaven-collective.example,Chief Operating Officer,Operations,executive,Warsaw,Poland,https://social.example/in/hanna.pawowski-0473,priority,E-commerce,7200,Poland,import,2026-06-24,2026-07-06
con_0474,acc_043,Bluehaven Collective,bluehaven-collective.example,Jan,Kozłowski,jan.kozowski.0474@bluehaven-collective.example,VP Growth,Growth,vp,Warsaw,Poland,https://social.example/in/jan.kozowski-0474,relevant,E-commerce,7200,Poland,outbound_research,2026-07-07,2026-07-11
con_0475,acc_043,Bluehaven Collective,bluehaven-collective.example,Zofia,Kowalczyk,zofia.kowalczyk.0475@bluehaven-collective.example,Executive Assistant,General Management,individual_contributor,Warsaw,Poland,https://social.example/in/zofia.kowalczyk-0475,not_target,E-commerce,7200,Poland,website,2026-07-20,2026-07-16
con_0476,acc_043,Bluehaven Collective,bluehaven-collective.example,Wiktoria,Grabowski,wiktoria.grabowski.0476@bluehaven-collective.example,Director of Customer Experience,Customer Success,director,Warsaw,Poland,https://social.example/in/wiktoria.grabowski-0476,relevant,E-commerce,7200,Poland,event,2026-08-02,2026-07-21
con_0477,acc_043,Bluehaven Collective,bluehaven-collective.example,Mateusz,Woźniak,mateusz.wozniak.0477@bluehaven-collective.example,Marketing Operations Manager,Marketing Operations,manager,Warsaw,Poland,https://social.example/in/mateusz.wozniak-0477,relevant,E-commerce,7200,Poland,referral,2026-08-15,2026-07-26
con_0478,acc_043,Bluehaven Collective,bluehaven-collective.example,Hanna,Wójcik,hanna.wojcik.0478@bluehaven-collective.example,IT Director,IT,director,Warsaw,Poland,https://social.example/in/hanna.wojcik-0478,priority,E-commerce,7200,Poland,partner,2026-05-05,2026-07-31
con_0479,acc_043,Bluehaven Collective,bluehaven-collective.example,Jan,Piotrowski,jan.piotrowski.0479@bluehaven-collective.example,Chief Operating Officer,Operations,executive,Warsaw,Poland,https://social.example/in/jan.piotrowski-0479,priority,E-commerce,7200,Poland,import,2026-05-18,2026-08-05
con_0480,acc_044,Copperleaf Commerce,copperleaf-commerce.example,Oliver,Johnson,oliver.johnson.0480@copperleaf-commerce.example,VP Growth,Growth,vp,Toronto,Canada,https://social.example/in/oliver.johnson-0480,relevant,E-commerce,32,Canada,outbound_research,2026-05-31,2026-08-10
con_0481,acc_044,Copperleaf Commerce,copperleaf-commerce.example,Theo,Brown,theo.brown.0481@copperleaf-commerce.example,Head of E-commerce,E-commerce,director,Toronto,Canada,https://social.example/in/theo.brown-0481,relevant,E-commerce,32,Canada,website,2026-06-13,2026-08-15
con_0482,acc_044,Copperleaf Commerce,copperleaf-commerce.example,Chloe,Bouchard,chloe.bouchard.0482@copperleaf-commerce.example,Director of Customer Experience,Customer Success,director,Toronto,Canada,https://social.example/in/chloe.bouchard-0482,relevant,E-commerce,32,Canada,event,2026-06-26,2026-08-20
con_0483,acc_044,Copperleaf Commerce,copperleaf-commerce.example,Ethan,Wilson,ethan.wilson.0483@copperleaf-commerce.example,Marketing Operations Manager,Marketing Operations,manager,Toronto,Canada,https://social.example/in/ethan.wilson-0483,relevant,E-commerce,32,Canada,referral,2026-07-09,2026-08-25
con_0484,acc_044,Copperleaf Commerce,copperleaf-commerce.example,Emma,Smith,emma.smith.0484@copperleaf-commerce.example,IT Director,IT,director,Toronto,Canada,https://social.example/in/emma.smith-0484,priority,E-commerce,32,Canada,partner,2026-07-22,2026-07-02
con_0485,acc_044,Copperleaf Commerce,copperleaf-commerce.example,Oliver,Thompson,oliver.thompson.0485@copperleaf-commerce.example,Executive Assistant,General Management,individual_contributor,Toronto,Canada,https://social.example/in/oliver.thompson-0485,not_target,E-commerce,32,Canada,import,2026-08-04,2026-07-07
con_0486,acc_044,Copperleaf Commerce,copperleaf-commerce.example,Theo,Lee,theo.lee.0486@copperleaf-commerce.example,VP Growth,Growth,vp,Toronto,Canada,https://social.example/in/theo.lee-0486,relevant,E-commerce,32,Canada,outbound_research,2026-08-17,2026-07-12
con_0487,acc_044,Copperleaf Commerce,copperleaf-commerce.example,Chloe,Clark,chloe.clark.0487@copperleaf-commerce.example,Head of E-commerce,E-commerce,director,Toronto,Canada,https://social.example/in/chloe.clark-0487,relevant,E-commerce,32,Canada,website,2026-05-07,2026-07-17
con_0488,acc_044,Copperleaf Commerce,copperleaf-commerce.example,Ethan,Anderson,ethan.anderson.0488@copperleaf-commerce.example,Director of Customer Experience,Customer Success,director,Toronto,Canada,https://social.example/in/ethan.anderson-0488,relevant,E-commerce,32,Canada,event,2026-05-20,2026-07-22
con_0489,acc_044,Copperleaf Commerce,copperleaf-commerce.example,Emma,Gagnon,emma.gagnon.0489@copperleaf-commerce.example,Marketing Operations Manager,Marketing Operations,manager,Toronto,Canada,https://social.example/in/emma.gagnon-0489,relevant,E-commerce,32,Canada,referral,2026-06-02,2026-07-27
con_0490,acc_045,Deltaforge Mobility,deltaforge-mobility.example,Maya,Ng,maya.ng.0490@deltaforge-mobility.example,Director of Operations,Operations,director,Singapore,Singapore,https://social.example/in/maya.ng-0490,relevant,Healthcare,340,Singapore,partner,2026-06-15,2026-08-01
con_0491,acc_045,Deltaforge Mobility,deltaforge-mobility.example,Ryan,Loh,ryan.loh.0491@deltaforge-mobility.example,IT Program Manager,IT,manager,Singapore,Singapore,https://social.example/in/ryan.loh-0491,relevant,Healthcare,340,Singapore,import,2026-06-28,2026-08-06
con_0492,acc_045,Deltaforge Mobility,deltaforge-mobility.example,Adrian,Koh,adrian.koh.0492@deltaforge-mobility.example,Head of Innovation,Innovation,director,Singapore,Singapore,https://social.example/in/adrian.koh-0492,priority,Healthcare,340,Singapore,outbound_research,2026-07-11,2026-08-11
con_0493,acc_045,Deltaforge Mobility,deltaforge-mobility.example,Amelia,Lee,amelia.lee.0493@deltaforge-mobility.example,Procurement Director,Procurement,director,Singapore,Singapore,https://social.example/in/amelia.lee-0493,secondary,Healthcare,340,Singapore,website,2026-07-24,2026-08-16
con_0494,acc_045,Deltaforge Mobility,deltaforge-mobility.example,Benjamin,Ang,benjamin.ang.0494@deltaforge-mobility.example,Chief Information Officer,IT,executive,Singapore,Singapore,https://social.example/in/benjamin.ang-0494,priority,Healthcare,340,Singapore,event,2026-08-06,2026-08-21
con_0495,acc_045,Deltaforge Mobility,deltaforge-mobility.example,Maya,Ong,maya.ong.0495@deltaforge-mobility.example,Executive Assistant,General Management,individual_contributor,Singapore,Singapore,https://social.example/in/maya.ong-0495,not_target,Healthcare,340,Singapore,referral,2026-08-19,2026-08-26
con_0496,acc_045,Deltaforge Mobility,deltaforge-mobility.example,Ryan,Lim,ryan.lim.0496@deltaforge-mobility.example,Director of Operations,Operations,director,Singapore,Singapore,https://social.example/in/ryan.lim-0496,relevant,Healthcare,340,Singapore,partner,2026-05-09,2026-07-03
con_0497,acc_045,Deltaforge Mobility,deltaforge-mobility.example,Adrian,Low,adrian.low.0497@deltaforge-mobility.example,IT Program Manager,IT,manager,Singapore,Singapore,https://social.example/in/adrian.low-0497,relevant,Healthcare,340,Singapore,import,2026-05-22,2026-07-08
con_0498,acc_045,Deltaforge Mobility,deltaforge-mobility.example,Amelia,Ho,amelia.ho.0498@deltaforge-mobility.example,Head of Innovation,Innovation,director,Singapore,Singapore,https://social.example/in/amelia.ho-0498,priority,Healthcare,340,Singapore,outbound_research,2026-06-04,2026-07-13
con_0499,acc_045,Deltaforge Mobility,deltaforge-mobility.example,Benjamin,Tan,benjamin.tan.0499@deltaforge-mobility.example,Procurement Director,Procurement,director,Singapore,Singapore,https://social.example/in/benjamin.tan-0499,secondary,Healthcare,340,Singapore,website,2026-06-17,2026-07-18
con_0500,acc_045,Deltaforge Mobility,deltaforge-mobility.example,Maya,Chong,maya.chong.0500@deltaforge-mobility.example,Chief Information Officer,IT,executive,Singapore,Singapore,https://social.example/in/maya.chong-0500,priority,Healthcare,340,Singapore,event,2026-06-30,2026-07-23
con_0501,acc_046,Emberfield Services,emberfield-services.example,Léa,Moreau,lea.moreau.0501@emberfield-services.example,IT Program Manager,IT,manager,Nantes,France,https://social.example/in/lea.moreau-0501,relevant,Healthcare,1800,France,referral,2026-07-13,2026-07-28
con_0502,acc_046,Emberfield Services,emberfield-services.example,Louis,Dubois,louis.dubois.0502@emberfield-services.example,Head of Innovation,Innovation,director,Nantes,France,https://social.example/in/louis.dubois-0502,priority,Healthcare,1800,France,partner,2026-07-26,2026-08-02
con_0503,acc_046,Emberfield Services,emberfield-services.example,Gabriel,David,gabriel.david.0503@emberfield-services.example,Procurement Director,Procurement,director,Nantes,France,https://social.example/in/gabriel.david-0503,secondary,Healthcare,1800,France,import,2026-08-08,2026-08-07
con_0504,acc_046,Emberfield Services,emberfield-services.example,Amélie,Leroy,amelie.leroy.0504@emberfield-services.example,Chief Information Officer,IT,executive,Nantes,France,https://social.example/in/amelie.leroy-0504,priority,Healthcare,1800,France,outbound_research,2026-08-21,2026-08-12
con_0505,acc_046,Emberfield Services,emberfield-services.example,Maxime,Martin,maxime.martin.0505@emberfield-services.example,Executive Assistant,General Management,individual_contributor,Nantes,France,https://social.example/in/maxime.martin-0505,not_target,Healthcare,1800,France,website,2026-05-11,2026-08-17
con_0506,acc_046,Emberfield Services,emberfield-services.example,Léa,Garcia,lea.garcia.0506@emberfield-services.example,Director of Operations,Operations,director,Nantes,France,https://social.example/in/lea.garcia-0506,relevant,Healthcare,1800,France,event,2026-05-24,2026-08-22
con_0507,acc_046,Emberfield Services,emberfield-services.example,Louis,Durand,louis.durand.0507@emberfield-services.example,IT Program Manager,IT,manager,Nantes,France,https://social.example/in/louis.durand-0507,relevant,Healthcare,1800,France,referral,2026-06-06,2026-08-27
con_0508,acc_046,Emberfield Services,emberfield-services.example,Gabriel,Bernard,gabriel.bernard.0508@emberfield-services.example,Head of Innovation,Innovation,director,Nantes,France,https://social.example/in/gabriel.bernard-0508,priority,Healthcare,1800,France,partner,2026-06-19,2026-07-04
con_0509,acc_046,Emberfield Services,emberfield-services.example,Amélie,Michel,amelie.michel.0509@emberfield-services.example,Procurement Director,Procurement,director,Nantes,France,https://social.example/in/amelie.michel-0509,secondary,Healthcare,1800,France,import,2026-07-02,2026-07-09
con_0510,acc_046,Emberfield Services,emberfield-services.example,Maxime,Petit,maxime.petit.0510@emberfield-services.example,Chief Information Officer,IT,executive,Nantes,France,https://social.example/in/maxime.petit-0510,priority,Healthcare,1800,France,outbound_research,2026-07-15,2026-07-14
con_0511,acc_046,Emberfield Services,emberfield-services.example,Léa,Fournier,lea.fournier.0511@emberfield-services.example,Chief Digital Officer,Digital Transformation,executive,Nantes,France,https://social.example/in/lea.fournier-0511,priority,Healthcare,1800,France,website,2026-07-28,2026-07-19
con_0512,acc_046,Emberfield Services,emberfield-services.example,Louis,Lefebvre,louis.lefebvre.0512@emberfield-services.example,Director of Operations,Operations,director,Nantes,France,https://social.example/in/louis.lefebvre-0512,relevant,Healthcare,1800,France,event,2026-08-10,2026-07-24
con_0513,acc_047,Fableworks Works,fableworks-works.example,Paul,Wagner,paul.wagner.0513@fableworks-works.example,Supply Chain Manager,Supply Chain,manager,Munich,Germany,https://social.example/in/paul.wagner-0513,relevant,Logistics,7,Germany,referral,2026-08-23,2026-07-29
con_0514,acc_047,Fableworks Works,fableworks-works.example,Ben,Braun,ben.braun.0514@fableworks-works.example,IT Operations Manager,IT,manager,Munich,Germany,https://social.example/in/ben.braun-0514,relevant,Logistics,7,Germany,partner,2026-05-13,2026-08-03
con_0515,acc_047,Fableworks Works,fableworks-works.example,Emma,Richter,emma.richter.0515@fableworks-works.example,Executive Assistant,General Management,individual_contributor,Munich,Germany,https://social.example/in/emma.richter-0515,not_target,Logistics,7,Germany,import,2026-05-26,2026-08-08
con_0516,acc_047,Fableworks Works,fableworks-works.example,Felix,Meyer,felix.meyer.0516@fableworks-works.example,VP Technology,Engineering,vp,Munich,Germany,https://social.example/in/felix.meyer-0516,priority,Logistics,7,Germany,outbound_research,2026-06-08,2026-08-13
con_0517,acc_047,Fableworks Works,fableworks-works.example,Mia,Zimmermann,mia.zimmermann.0517@fableworks-works.example,Director of Fleet Operations,Operations,director,Munich,Germany,https://social.example/in/mia.zimmermann-0517,relevant,Logistics,7,Germany,website,2026-06-21,2026-08-18
con_0518,acc_047,Fableworks Works,fableworks-works.example,Paul,Bauer,paul.bauer.0518@fableworks-works.example,Head of Digital Transformation,Digital Transformation,director,Munich,Germany,https://social.example/in/paul.bauer-0518,priority,Logistics,7,Germany,event,2026-07-04,2026-08-23
con_0519,acc_047,Fableworks Works,fableworks-works.example,Ben,Weber,ben.weber.0519@fableworks-works.example,Supply Chain Manager,Supply Chain,manager,Munich,Germany,https://social.example/in/ben.weber-0519,relevant,Logistics,7,Germany,referral,2026-07-17,2026-08-28
con_0520,acc_047,Fableworks Works,fableworks-works.example,Emma,Schwarz,emma.schwarz.0520@fableworks-works.example,IT Operations Manager,IT,manager,Munich,Germany,https://social.example/in/emma.schwarz-0520,relevant,Logistics,7,Germany,partner,2026-07-30,2026-07-05
con_0521,acc_047,Fableworks Works,fableworks-works.example,Felix,Koch,felix.koch.0521@fableworks-works.example,Chief Operating Officer,Operations,executive,Munich,Germany,https://social.example/in/felix.koch-0521,priority,Logistics,7,Germany,import,2026-08-12,2026-07-10
con_0522,acc_048,Graniteway Networks,graniteway-networks.example,Marco,Bruno,marco.bruno.0522@graniteway-networks.example,IT Operations Manager,IT,manager,Milan,Italy,https://social.example/in/marco.bruno-0522,relevant,Logistics,120,Italy,outbound_research,2026-05-02,2026-07-15
con_0523,acc_048,Graniteway Networks,graniteway-networks.example,Chiara,Esposito,chiara.esposito.0523@graniteway-networks.example,Chief Operating Officer,Operations,executive,Milan,Italy,https://social.example/in/chiara.esposito-0523,priority,Logistics,120,Italy,website,2026-05-15,2026-07-20
con_0524,acc_048,Graniteway Networks,graniteway-networks.example,Leonardo,Giordano,leonardo.giordano.0524@graniteway-networks.example,VP Technology,Engineering,vp,Milan,Italy,https://social.example/in/leonardo.giordano-0524,priority,Logistics,120,Italy,event,2026-05-28,2026-07-25
con_0525,acc_048,Graniteway Networks,graniteway-networks.example,Giulia,Greco,giulia.greco.0525@graniteway-networks.example,Executive Assistant,General Management,individual_contributor,Milan,Italy,https://social.example/in/giulia.greco-0525,not_target,Logistics,120,Italy,referral,2026-06-10,2026-07-30
con_0526,acc_048,Graniteway Networks,graniteway-networks.example,Elisa,Ferrari,elisa.ferrari.0526@graniteway-networks.example,Head of Digital Transformation,Digital Transformation,director,Milan,Italy,https://social.example/in/elisa.ferrari-0526,priority,Logistics,120,Italy,partner,2026-06-23,2026-08-04
con_0527,acc_048,Graniteway Networks,graniteway-networks.example,Marco,Costa,marco.costa.0527@graniteway-networks.example,Supply Chain Manager,Supply Chain,manager,Milan,Italy,https://social.example/in/marco.costa-0527,relevant,Logistics,120,Italy,import,2026-07-06,2026-08-09
con_0528,acc_048,Graniteway Networks,graniteway-networks.example,Chiara,Marino,chiara.marino.0528@graniteway-networks.example,IT Operations Manager,IT,manager,Milan,Italy,https://social.example/in/chiara.marino-0528,relevant,Logistics,120,Italy,outbound_research,2026-07-19,2026-08-14
con_0529,acc_048,Graniteway Networks,graniteway-networks.example,Leonardo,Russo,leonardo.russo.0529@graniteway-networks.example,Chief Operating Officer,Operations,executive,Milan,Italy,https://social.example/in/leonardo.russo-0529,priority,Logistics,120,Italy,website,2026-08-01,2026-08-19
con_0530,acc_048,Graniteway Networks,graniteway-networks.example,Giulia,Mancini,giulia.mancini.0530@graniteway-networks.example,VP Technology,Engineering,vp,Milan,Italy,https://social.example/in/giulia.mancini-0530,priority,Logistics,120,Italy,event,2026-08-14,2026-08-24
con_0531,acc_048,Graniteway Networks,graniteway-networks.example,Elisa,Ricci,elisa.ricci.0531@graniteway-networks.example,Director of Fleet Operations,Operations,director,Milan,Italy,https://social.example/in/elisa.ricci-0531,relevant,Logistics,120,Italy,referral,2026-05-04,2026-07-01
con_0532,acc_048,Graniteway Networks,graniteway-networks.example,Marco,Rossi,marco.rossi.0532@graniteway-networks.example,Head of Digital Transformation,Digital Transformation,director,Milan,Italy,https://social.example/in/marco.rossi-0532,priority,Logistics,120,Italy,partner,2026-05-17,2026-07-06
con_0533,acc_049,Juniperlane Industries,juniperlane-industries.example,Jules,Simon,jules.simon.0533@juniperlane-industries.example,Chief Digital Officer,Digital Transformation,executive,Brussels,Belgium,https://social.example/in/jules.simon-0533,priority,Manufacturing,760,Belgium,import,2026-05-30,2026-07-11
con_0534,acc_049,Juniperlane Industries,juniperlane-industries.example,Jules,De Smet,jules.de-smet.0534@juniperlane-industries.example,CIO,IT,executive,Brussels,Belgium,https://social.example/in/jules.de-smet-0534,priority,Manufacturing,760,Belgium,outbound_research,2026-06-12,2026-07-16
con_0535,acc_049,Juniperlane Industries,juniperlane-industries.example,Victor,Maes,victor.maes.0535@juniperlane-industries.example,Executive Assistant,General Management,individual_contributor,Brussels,Belgium,https://social.example/in/victor.maes-0535,not_target,Manufacturing,760,Belgium,website,2026-06-25,2026-07-21
con_0536,acc_049,Juniperlane Industries,juniperlane-industries.example,Louise,Leclercq,louise.leclercq.0536@juniperlane-industries.example,Plant Operations Director,Operations,director,Brussels,Belgium,https://social.example/in/louise.leclercq-0536,relevant,Manufacturing,760,Belgium,event,2026-07-08,2026-07-26
con_0537,acc_049,Juniperlane Industries,juniperlane-industries.example,Charlotte,Wouters,charlotte.wouters.0537@juniperlane-industries.example,IT Security Manager,Security,manager,Brussels,Belgium,https://social.example/in/charlotte.wouters-0537,priority,Manufacturing,760,Belgium,referral,2026-07-21,2026-07-31
con_0538,acc_049,Juniperlane Industries,juniperlane-industries.example,Jules,Janssens,jules.janssens.0538@juniperlane-industries.example,Continuous Improvement Manager,Operations,manager,Brussels,Belgium,https://social.example/in/jules.janssens-0538,relevant,Manufacturing,760,Belgium,partner,2026-08-03,2026-08-05
con_0539,acc_049,Juniperlane Industries,juniperlane-industries.example,Jules,Dupont,jules.dupont.0539@juniperlane-industries.example,Chief Digital Officer,Digital Transformation,executive,Brussels,Belgium,https://social.example/in/jules.dupont-0539,priority,Manufacturing,760,Belgium,import,2026-08-16,2026-08-10
con_0540,acc_049,Juniperlane Industries,juniperlane-industries.example,Victor,Goossens,victor.goossens.0540@juniperlane-industries.example,CIO,IT,executive,Brussels,Belgium,https://social.example/in/victor.goossens-0540,priority,Manufacturing,760,Belgium,outbound_research,2026-05-06,2026-08-15
con_0541,acc_049,Juniperlane Industries,juniperlane-industries.example,Louise,Peeters,louise.peeters.0541@juniperlane-industries.example,VP Operations,Operations,vp,Brussels,Belgium,https://social.example/in/louise.peeters-0541,priority,Manufacturing,760,Belgium,website,2026-05-19,2026-08-20
con_0542,acc_049,Juniperlane Industries,juniperlane-industries.example,Charlotte,Lambert,charlotte.lambert.0542@juniperlane-industries.example,Plant Operations Director,Operations,director,Brussels,Belgium,https://social.example/in/charlotte.lambert-0542,relevant,Manufacturing,760,Belgium,event,2026-06-01,2026-08-25
con_0543,acc_049,Juniperlane Industries,juniperlane-industries.example,Jules,Claes,jules.claes.0543@juniperlane-industries.example,IT Security Manager,Security,manager,Brussels,Belgium,https://social.example/in/jules.claes-0543,priority,Manufacturing,760,Belgium,referral,2026-06-14,2026-07-02
con_0544,acc_049,Juniperlane Industries,juniperlane-industries.example,Jules,Dubois,jules.dubois.0544@juniperlane-industries.example,Continuous Improvement Manager,Operations,manager,Brussels,Belgium,https://social.example/in/jules.dubois-0544,relevant,Manufacturing,760,Belgium,partner,2026-06-27,2026-07-07
con_0545,acc_050,Latticepoint Energy,latticepoint-energy.example,Leonor,Lopes,leonor.lopes.0545@latticepoint-energy.example,Executive Assistant,General Management,individual_contributor,Lisbon,Portugal,https://social.example/in/leonor.lopes-0545,not_target,Manufacturing,7200,Portugal,import,2026-07-10,2026-07-12
con_0546,acc_050,Latticepoint Energy,latticepoint-energy.example,Martim,Rodrigues,martim.rodrigues.0546@latticepoint-energy.example,VP Operations,Operations,vp,Lisbon,Portugal,https://social.example/in/martim.rodrigues-0546,priority,Manufacturing,7200,Portugal,outbound_research,2026-07-23,2026-07-17
con_0547,acc_050,Latticepoint Energy,latticepoint-energy.example,Pedro,Teixeira,pedro.teixeira.0547@latticepoint-energy.example,Plant Operations Director,Operations,director,Lisbon,Portugal,https://social.example/in/pedro.teixeira-0547,relevant,Manufacturing,7200,Portugal,website,2026-08-05,2026-07-22
con_0548,acc_050,Latticepoint Energy,latticepoint-energy.example,Joana,Gomes,joana.gomes.0548@latticepoint-energy.example,IT Security Manager,Security,manager,Lisbon,Portugal,https://social.example/in/joana.gomes-0548,priority,Manufacturing,7200,Portugal,event,2026-08-18,2026-07-27
con_0549,acc_050,Latticepoint Energy,latticepoint-energy.example,Afonso,Costa,afonso.costa.0549@latticepoint-energy.example,Continuous Improvement Manager,Operations,manager,Lisbon,Portugal,https://social.example/in/afonso.costa-0549,relevant,Manufacturing,7200,Portugal,referral,2026-05-08,2026-08-01
con_0550,acc_050,Latticepoint Energy,latticepoint-energy.example,Leonor,Carvalho,leonor.carvalho.0550@latticepoint-energy.example,Chief Digital Officer,Digital Transformation,executive,Lisbon,Portugal,https://social.example/in/leonor.carvalho-0550,priority,Manufacturing,7200,Portugal,partner,2026-05-21,2026-08-06
con_0551,acc_050,Latticepoint Energy,latticepoint-energy.example,Martim,Gonçalves,martim.goncalves.0551@latticepoint-energy.example,CIO,IT,executive,Lisbon,Portugal,https://social.example/in/martim.goncalves-0551,priority,Manufacturing,7200,Portugal,import,2026-06-03,2026-08-11
con_0552,acc_050,Latticepoint Energy,latticepoint-energy.example,Pedro,Oliveira,pedro.oliveira.0552@latticepoint-energy.example,VP Operations,Operations,vp,Lisbon,Portugal,https://social.example/in/pedro.oliveira-0552,priority,Manufacturing,7200,Portugal,outbound_research,2026-06-16,2026-08-16
con_0553,acc_050,Latticepoint Energy,latticepoint-energy.example,Joana,Ribeiro,joana.ribeiro.0553@latticepoint-energy.example,Plant Operations Director,Operations,director,Lisbon,Portugal,https://social.example/in/joana.ribeiro-0553,relevant,Manufacturing,7200,Portugal,website,2026-06-29,2026-08-21
con_0554,acc_050,Latticepoint Energy,latticepoint-energy.example,Afonso,Fernandes,afonso.fernandes.0554@latticepoint-energy.example,IT Security Manager,Security,manager,Lisbon,Portugal,https://social.example/in/afonso.fernandes-0554,priority,Manufacturing,7200,Portugal,event,2026-07-12,2026-08-26
con_0555,acc_050,Latticepoint Energy,latticepoint-energy.example,Leonor,Pereira,leonor.pereira.0555@latticepoint-energy.example,Continuous Improvement Manager,Operations,manager,Lisbon,Portugal,https://social.example/in/leonor.pereira-0555,relevant,Manufacturing,7200,Portugal,referral,2026-07-25,2026-07-03
con_0556,acc_050,Latticepoint Energy,latticepoint-energy.example,Martim,Almeida,martim.almeida.0556@latticepoint-energy.example,Executive Assistant,General Management,individual_contributor,Lisbon,Portugal,https://social.example/in/martim.almeida-0556,not_target,Manufacturing,7200,Portugal,partner,2026-08-07,2026-07-08
con_0557,acc_050,Latticepoint Energy,latticepoint-energy.example,Pedro,Sousa,pedro.sousa.0557@latticepoint-energy.example,CIO,IT,executive,Lisbon,Portugal,https://social.example/in/pedro.sousa-0557,priority,Manufacturing,7200,Portugal,import,2026-08-20,2026-07-13
con_0558,acc_051,Meadowcrest Cloud,meadowcrest-cloud.example,Emil,Virtanen,emil.virtanen.0558@meadowcrest-cloud.example,Director of Asset Operations,Operations,director,Helsinki,Finland,https://social.example/in/emil.virtanen-0558,relevant,Energy,32,Finland,outbound_research,2026-05-10,2026-07-18
con_0559,acc_051,Meadowcrest Cloud,meadowcrest-cloud.example,Venla,Niemi,venla.niemi.0559@meadowcrest-cloud.example,Head of Innovation,Innovation,director,Helsinki,Finland,https://social.example/in/venla.niemi-0559,priority,Energy,32,Finland,website,2026-05-23,2026-07-23
con_0560,acc_051,Meadowcrest Cloud,meadowcrest-cloud.example,Oliver,Heikkinen,oliver.heikkinen.0560@meadowcrest-cloud.example,IT Infrastructure Manager,IT,manager,Helsinki,Finland,https://social.example/in/oliver.heikkinen-0560,relevant,Energy,32,Finland,event,2026-06-05,2026-07-28
con_0561,acc_051,Meadowcrest Cloud,meadowcrest-cloud.example,Sofia,Korhonen,sofia.korhonen.0561@meadowcrest-cloud.example,Procurement Manager,Procurement,manager,Helsinki,Finland,https://social.example/in/sofia.korhonen-0561,secondary,Energy,32,Finland,referral,2026-06-18,2026-08-02
con_0562,acc_051,Meadowcrest Cloud,meadowcrest-cloud.example,Iida,Heinonen,iida.heinonen.0562@meadowcrest-cloud.example,Chief Technology Officer,Engineering,executive,Helsinki,Finland,https://social.example/in/iida.heinonen-0562,priority,Energy,32,Finland,partner,2026-07-01,2026-08-07
con_0563,acc_051,Meadowcrest Cloud,meadowcrest-cloud.example,Emil,Laine,emil.laine.0563@meadowcrest-cloud.example,Chief Digital Officer,Digital Transformation,executive,Helsinki,Finland,https://social.example/in/emil.laine-0563,priority,Energy,32,Finland,import,2026-07-14,2026-08-12
con_0564,acc_051,Meadowcrest Cloud,meadowcrest-cloud.example,Venla,Mattila,venla.mattila.0564@meadowcrest-cloud.example,Director of Asset Operations,Operations,director,Helsinki,Finland,https://social.example/in/venla.mattila-0564,relevant,Energy,32,Finland,outbound_research,2026-07-27,2026-08-17
con_0565,acc_051,Meadowcrest Cloud,meadowcrest-cloud.example,Oliver,Salminen,oliver.salminen.0565@meadowcrest-cloud.example,Head of Innovation,Innovation,director,Helsinki,Finland,https://social.example/in/oliver.salminen-0565,priority,Energy,32,Finland,website,2026-08-09,2026-08-22
con_0566,acc_051,Meadowcrest Cloud,meadowcrest-cloud.example,Sofia,Hämäläinen,sofia.hamalainen.0566@meadowcrest-cloud.example,Executive Assistant,General Management,individual_contributor,Helsinki,Finland,https://social.example/in/sofia.hamalainen-0566,not_target,Energy,32,Finland,event,2026-08-22,2026-08-27
con_0567,acc_051,Meadowcrest Cloud,meadowcrest-cloud.example,Iida,Karjalainen,iida.karjalainen.0567@meadowcrest-cloud.example,Procurement Manager,Procurement,manager,Helsinki,Finland,https://social.example/in/iida.karjalainen-0567,secondary,Energy,32,Finland,referral,2026-05-12,2026-07-04
con_0568,acc_052,Northstar Systems,northstar-systems.example,Liam,Taylor,liam.taylor.0568@northstar-systems.example,Head of Innovation,Innovation,director,Austin,United States,https://social.example/in/liam.taylor-0568,priority,Energy,340,United States,partner,2026-05-25,2026-07-09
con_0569,acc_052,Northstar Systems,northstar-systems.example,Benjamin,Martinez,benjamin.martinez.0569@northstar-systems.example,IT Infrastructure Manager,IT,manager,Austin,United States,https://social.example/in/benjamin.martinez-0569,relevant,Energy,340,United States,import,2026-06-07,2026-07-14
con_0570,acc_052,Northstar Systems,northstar-systems.example,Amelia,Williams,amelia.williams.0570@northstar-systems.example,Procurement Manager,Procurement,manager,Austin,United States,https://social.example/in/amelia.williams-0570,secondary,Energy,340,United States,outbound_research,2026-06-20,2026-07-19
con_0571,acc_052,Northstar Systems,northstar-systems.example,Elijah,Thomas,elijah.thomas.0571@northstar-systems.example,Chief Technology Officer,Engineering,executive,Austin,United States,https://social.example/in/elijah.thomas-0571,priority,Energy,340,United States,website,2026-07-03,2026-07-24
con_0572,acc_052,Northstar Systems,northstar-systems.example,Mia,Rodriguez,mia.rodriguez.0572@northstar-systems.example,Chief Digital Officer,Digital Transformation,executive,Austin,United States,https://social.example/in/mia.rodriguez-0572,priority,Energy,340,United States,event,2026-07-16,2026-07-29
con_0573,acc_052,Northstar Systems,northstar-systems.example,Liam,Johnson,liam.johnson.0573@northstar-systems.example,Director of Asset Operations,Operations,director,Austin,United States,https://social.example/in/liam.johnson-0573,relevant,Energy,340,United States,referral,2026-07-29,2026-08-03
con_0574,acc_052,Northstar Systems,northstar-systems.example,Benjamin,Anderson,benjamin.anderson.0574@northstar-systems.example,Head of Innovation,Innovation,director,Austin,United States,https://social.example/in/benjamin.anderson-0574,priority,Energy,340,United States,partner,2026-08-11,2026-08-08
con_0575,acc_052,Northstar Systems,northstar-systems.example,Amelia,Davis,amelia.davis.0575@northstar-systems.example,IT Infrastructure Manager,IT,manager,Austin,United States,https://social.example/in/amelia.davis-0575,relevant,Energy,340,United States,import,2026-05-01,2026-08-13
con_0576,acc_052,Northstar Systems,northstar-systems.example,Elijah,Smith,elijah.smith.0576@northstar-systems.example,Executive Assistant,General Management,individual_contributor,Austin,United States,https://social.example/in/elijah.smith-0576,not_target,Energy,340,United States,outbound_research,2026-05-14,2026-08-18
con_0577,acc_052,Northstar Systems,northstar-systems.example,Mia,Wilson,mia.wilson.0577@northstar-systems.example,Chief Technology Officer,Engineering,executive,Austin,United States,https://social.example/in/mia.wilson-0577,priority,Energy,340,United States,website,2026-05-27,2026-08-23
con_0578,acc_052,Northstar Systems,northstar-systems.example,Liam,Miller,liam.miller.0578@northstar-systems.example,Chief Digital Officer,Digital Transformation,executive,Austin,United States,https://social.example/in/liam.miller-0578,priority,Energy,340,United States,event,2026-06-09,2026-08-28
con_0579,acc_053,Orbitwell Digital,orbitwell-digital.example,Hugo,Dubois,hugo.dubois.0579@orbitwell-digital.example,Director of IT,IT,director,Lyon,France,https://social.example/in/hugo.dubois-0579,priority,Education,1800,France,referral,2026-06-22,2026-07-05
con_0580,acc_053,Orbitwell Digital,orbitwell-digital.example,Mathieu,David,mathieu.david.0580@orbitwell-digital.example,Marketing Operations Manager,Marketing Operations,manager,Lyon,France,https://social.example/in/mathieu.david-0580,relevant,Education,1800,France,partner,2026-07-05,2026-07-10
con_0581,acc_053,Orbitwell Digital,orbitwell-digital.example,Chloé,Leroy,chloe.leroy.0581@orbitwell-digital.example,Product Manager,Product,manager,Lyon,France,https://social.example/in/chloe.leroy-0581,secondary,Education,1800,France,import,2026-07-18,2026-07-15
con_0582,acc_053,Orbitwell Digital,orbitwell-digital.example,Baptiste,Martin,baptiste.martin.0582@orbitwell-digital.example,Chief Operating Officer,Operations,executive,Lyon,France,https://social.example/in/baptiste.martin-0582,relevant,Education,1800,France,outbound_research,2026-07-31,2026-07-20
con_0583,acc_053,Orbitwell Digital,orbitwell-digital.example,Inès,Garcia,ines.garcia.0583@orbitwell-digital.example,Head of Digital Learning,Digital Transformation,director,Lyon,France,https://social.example/in/ines.garcia-0583,relevant,Education,1800,France,website,2026-08-13,2026-07-25
con_0584,acc_053,Orbitwell Digital,orbitwell-digital.example,Hugo,Durand,hugo.durand.0584@orbitwell-digital.example,Director of IT,IT,director,Lyon,France,https://social.example/in/hugo.durand-0584,priority,Education,1800,France,event,2026-05-03,2026-07-30
con_0585,acc_053,Orbitwell Digital,orbitwell-digital.example,Mathieu,Bernard,mathieu.bernard.0585@orbitwell-digital.example,Marketing Operations Manager,Marketing Operations,manager,Lyon,France,https://social.example/in/mathieu.bernard-0585,relevant,Education,1800,France,referral,2026-05-16,2026-08-04
con_0586,acc_053,Orbitwell Digital,orbitwell-digital.example,Chloé,Michel,chloe.michel.0586@orbitwell-digital.example,Executive Assistant,General Management,individual_contributor,Lyon,France,https://social.example/in/chloe.michel-0586,not_target,Education,1800,France,partner,2026-05-29,2026-08-09
con_0587,acc_053,Orbitwell Digital,orbitwell-digital.example,Baptiste,Petit,baptiste.petit.0587@orbitwell-digital.example,Chief Operating Officer,Operations,executive,Lyon,France,https://social.example/in/baptiste.petit-0587,relevant,Education,1800,France,import,2026-06-11,2026-08-14
con_0588,acc_053,Orbitwell Digital,orbitwell-digital.example,Inès,Fournier,ines.fournier.0588@orbitwell-digital.example,Head of Digital Learning,Digital Transformation,director,Lyon,France,https://social.example/in/ines.fournier-0588,relevant,Education,1800,France,outbound_research,2026-06-24,2026-08-19
con_0589,acc_053,Orbitwell Digital,orbitwell-digital.example,Hugo,Lefebvre,hugo.lefebvre.0589@orbitwell-digital.example,Director of IT,IT,director,Lyon,France,https://social.example/in/hugo.lefebvre-0589,priority,Education,1800,France,website,2026-07-07,2026-08-24
con_0590,acc_053,Orbitwell Digital,orbitwell-digital.example,Mathieu,Richard,mathieu.richard.0590@orbitwell-digital.example,Marketing Operations Manager,Marketing Operations,manager,Lyon,France,https://social.example/in/mathieu.richard-0590,relevant,Education,1800,France,event,2026-07-20,2026-07-01
con_0591,acc_054,Pinebridge Platforms,pinebridge-platforms.example,Leo,Hall,leo.hall.0591@pinebridge-platforms.example,Marketing Operations Manager,Marketing Operations,manager,Edinburgh,United Kingdom,https://social.example/in/leo.hall-0591,relevant,Media,7,United Kingdom,referral,2026-08-02,2026-07-06
con_0592,acc_054,Pinebridge Platforms,pinebridge-platforms.example,Sophie,Wright,sophie.wright.0592@pinebridge-platforms.example,IT Manager,IT,manager,Edinburgh,United Kingdom,https://social.example/in/sophie.wright-0592,secondary,Media,7,United Kingdom,partner,2026-08-15,2026-07-11
con_0593,acc_054,Pinebridge Platforms,pinebridge-platforms.example,Harry,Wilson,harry.wilson.0593@pinebridge-platforms.example,Chief Operating Officer,Operations,executive,Edinburgh,United Kingdom,https://social.example/in/harry.wilson-0593,relevant,Media,7,United Kingdom,import,2026-05-05,2026-07-16
con_0594,acc_054,Pinebridge Platforms,pinebridge-platforms.example,Olivia,Green,olivia.green.0594@pinebridge-platforms.example,Head of Digital Product,Product,director,Edinburgh,United Kingdom,https://social.example/in/olivia.green-0594,relevant,Media,7,United Kingdom,outbound_research,2026-05-18,2026-07-21
con_0595,acc_054,Pinebridge Platforms,pinebridge-platforms.example,Lily,Walker,lily.walker.0595@pinebridge-platforms.example,Audience Development Director,Growth,director,Edinburgh,United Kingdom,https://social.example/in/lily.walker-0595,relevant,Media,7,United Kingdom,website,2026-05-31,2026-07-26
con_0596,acc_054,Pinebridge Platforms,pinebridge-platforms.example,Leo,Williams,leo.williams.0596@pinebridge-platforms.example,Executive Assistant,General Management,individual_contributor,Edinburgh,United Kingdom,https://social.example/in/leo.williams-0596,not_target,Media,7,United Kingdom,event,2026-06-13,2026-07-31
con_0597,acc_054,Pinebridge Platforms,pinebridge-platforms.example,Sophie,Edwards,sophie.edwards.0597@pinebridge-platforms.example,IT Manager,IT,manager,Edinburgh,United Kingdom,https://social.example/in/sophie.edwards-0597,secondary,Media,7,United Kingdom,referral,2026-06-26,2026-08-05
con_0598,acc_054,Pinebridge Platforms,pinebridge-platforms.example,Harry,Johnson,harry.johnson.0598@pinebridge-platforms.example,Chief Operating Officer,Operations,executive,Edinburgh,United Kingdom,https://social.example/in/harry.johnson-0598,relevant,Media,7,United Kingdom,partner,2026-07-09,2026-08-10
con_0599,acc_054,Pinebridge Platforms,pinebridge-platforms.example,Olivia,Brown,olivia.brown.0599@pinebridge-platforms.example,Head of Digital Product,Product,director,Edinburgh,United Kingdom,https://social.example/in/olivia.brown-0599,relevant,Media,7,United Kingdom,import,2026-07-22,2026-08-15
con_0600,acc_055,Quartzline Health,quartzline-health.example,Paula,Rodríguez,paula.rodriguez.0600@quartzline-health.example,Managing Partner,General Management,executive,Barcelona,Spain,https://social.example/in/paula.rodriguez-0600,relevant,Professional services,120,Spain,outbound_research,2026-08-04,2026-08-20
con_0601,acc_055,Quartzline Health,quartzline-health.example,Mateo,Álvarez,mateo.alvarez.0601@quartzline-health.example,"Partner, Operations Transformation",Consulting,executive,Barcelona,Spain,https://social.example/in/mateo.alvarez-0601,priority,Professional services,120,Spain,website,2026-08-17,2026-08-25
con_0602,acc_055,Quartzline Health,quartzline-health.example,Adrián,Martín,adrian.martin.0602@quartzline-health.example,Chief Operating Officer,Operations,executive,Barcelona,Spain,https://social.example/in/adrian.martin-0602,priority,Professional services,120,Spain,event,2026-05-07,2026-07-02
con_0603,acc_055,Quartzline Health,quartzline-health.example,Marta,González,marta.gonzalez.0603@quartzline-health.example,Director of Business Development,Business Development,director,Barcelona,Spain,https://social.example/in/marta.gonzalez-0603,relevant,Professional services,120,Spain,referral,2026-05-20,2026-07-07
con_0604,acc_055,Quartzline Health,quartzline-health.example,Álvaro,Muñoz,alvaro.munoz.0604@quartzline-health.example,Marketing Operations Manager,Marketing Operations,manager,Barcelona,Spain,https://social.example/in/alvaro.munoz-0604,relevant,Professional services,120,Spain,partner,2026-06-02,2026-07-12
con_0605,acc_055,Quartzline Health,quartzline-health.example,Paula,Gómez,paula.gomez.0605@quartzline-health.example,IT Director,IT,director,Barcelona,Spain,https://social.example/in/paula.gomez-0605,priority,Professional services,120,Spain,import,2026-06-15,2026-07-17
con_0606,acc_055,Quartzline Health,quartzline-health.example,Mateo,Fernández,mateo.fernandez.0606@quartzline-health.example,Executive Assistant,General Management,individual_contributor,Barcelona,Spain,https://social.example/in/mateo.fernandez-0606,not_target,Professional services,120,Spain,outbound_research,2026-06-28,2026-07-22
con_0607,acc_055,Quartzline Health,quartzline-health.example,Adrián,Moreno,adrian.moreno.0607@quartzline-health.example,"Partner, Operations Transformation",Consulting,executive,Barcelona,Spain,https://social.example/in/adrian.moreno-0607,priority,Professional services,120,Spain,website,2026-07-11,2026-07-27
con_0608,acc_055,Quartzline Health,quartzline-health.example,Marta,Pérez,marta.perez.0608@quartzline-health.example,Chief Operating Officer,Operations,executive,Barcelona,Spain,https://social.example/in/marta.perez-0608,priority,Professional services,120,Spain,event,2026-07-24,2026-08-01
con_0609,acc_055,Quartzline Health,quartzline-health.example,Álvaro,García,alvaro.garcia.0609@quartzline-health.example,Director of Business Development,Business Development,director,Barcelona,Spain,https://social.example/in/alvaro.garcia-0609,relevant,Professional services,120,Spain,referral,2026-08-06,2026-08-06
con_0610,acc_055,Quartzline Health,quartzline-health.example,Paula,Díaz,paula.diaz.0610@quartzline-health.example,Marketing Operations Manager,Marketing Operations,manager,Barcelona,Spain,https://social.example/in/paula.diaz-0610,relevant,Professional services,120,Spain,partner,2026-08-19,2026-08-11
con_0611,acc_056,Riverstone Advisory,riverstone-advisory.example,Anna,Meijer,anna.meijer.0611@riverstone-advisory.example,"Partner, Operations Transformation",Consulting,executive,Amsterdam,Netherlands,https://social.example/in/anna.meijer-0611,priority,Professional services,760,Netherlands,import,2026-05-09,2026-08-16
con_0612,acc_056,Riverstone Advisory,riverstone-advisory.example,Lucas,de Vries,lucas.de-vries.0612@riverstone-advisory.example,Chief Operating Officer,Operations,executive,Amsterdam,Netherlands,https://social.example/in/lucas.de-vries-0612,priority,Professional services,760,Netherlands,outbound_research,2026-05-22,2026-08-21
con_0613,acc_056,Riverstone Advisory,riverstone-advisory.example,Mees,Peters,mees.peters.0613@riverstone-advisory.example,Director of Business Development,Business Development,director,Amsterdam,Netherlands,https://social.example/in/mees.peters-0613,relevant,Professional services,760,Netherlands,website,2026-06-04,2026-08-26
con_0614,acc_056,Riverstone Advisory,riverstone-advisory.example,Nora,Smit,nora.smit.0614@riverstone-advisory.example,Marketing Operations Manager,Marketing Operations,manager,Amsterdam,Netherlands,https://social.example/in/nora.smit-0614,relevant,Professional services,760,Netherlands,event,2026-06-17,2026-07-03
con_0615,acc_056,Riverstone Advisory,riverstone-advisory.example,Finn,Jansen,finn.jansen.0615@riverstone-advisory.example,IT Director,IT,director,Amsterdam,Netherlands,https://social.example/in/finn.jansen-0615,priority,Professional services,760,Netherlands,referral,2026-06-30,2026-07-08
con_0616,acc_056,Riverstone Advisory,riverstone-advisory.example,Anna,Vos,anna.vos.0616@riverstone-advisory.example,Executive Assistant,General Management,individual_contributor,Amsterdam,Netherlands,https://social.example/in/anna.vos-0616,not_target,Professional services,760,Netherlands,partner,2026-07-13,2026-07-13
con_0617,acc_056,Riverstone Advisory,riverstone-advisory.example,Lucas,Visser,lucas.visser.0617@riverstone-advisory.example,"Partner, Operations Transformation",Consulting,executive,Amsterdam,Netherlands,https://social.example/in/lucas.visser-0617,priority,Professional services,760,Netherlands,import,2026-07-26,2026-07-18
con_0618,acc_056,Riverstone Advisory,riverstone-advisory.example,Mees,de Jong,mees.de-jong.0618@riverstone-advisory.example,Chief Operating Officer,Operations,executive,Amsterdam,Netherlands,https://social.example/in/mees.de-jong-0618,priority,Professional services,760,Netherlands,outbound_research,2026-08-08,2026-07-23
con_0619,acc_056,Riverstone Advisory,riverstone-advisory.example,Nora,Bos,nora.bos.0619@riverstone-advisory.example,Director of Business Development,Business Development,director,Amsterdam,Netherlands,https://social.example/in/nora.bos-0619,relevant,Professional services,760,Netherlands,website,2026-08-21,2026-07-28
con_0620,acc_056,Riverstone Advisory,riverstone-advisory.example,Finn,Janssen,finn.janssen.0620@riverstone-advisory.example,Marketing Operations Manager,Marketing Operations,manager,Amsterdam,Netherlands,https://social.example/in/finn.janssen-0620,relevant,Professional services,760,Netherlands,event,2026-05-11,2026-08-02
con_0621,acc_056,Riverstone Advisory,riverstone-advisory.example,Anna,Brouwer,anna.brouwer.0621@riverstone-advisory.example,IT Director,IT,director,Amsterdam,Netherlands,https://social.example/in/anna.brouwer-0621,priority,Professional services,760,Netherlands,referral,2026-05-24,2026-08-07
con_0622,acc_056,Riverstone Advisory,riverstone-advisory.example,Lucas,de Groot,lucas.de-groot.0622@riverstone-advisory.example,Managing Partner,General Management,executive,Amsterdam,Netherlands,https://social.example/in/lucas.de-groot-0622,relevant,Professional services,760,Netherlands,partner,2026-06-06,2026-08-12
con_0623,acc_057,Silvergrove Analytics,silvergrove-analytics.example,William,Larsen,william.larsen.0623@silvergrove-analytics.example,VP Product,Product,vp,Copenhagen,Denmark,https://social.example/in/william.larsen-0623,relevant,Travel,7200,Denmark,import,2026-06-19,2026-08-17
con_0624,acc_057,Silvergrove Analytics,silvergrove-analytics.example,Elias,Mortensen,elias.mortensen.0624@silvergrove-analytics.example,Head of Digital,Digital Transformation,director,Copenhagen,Denmark,https://social.example/in/elias.mortensen-0624,relevant,Travel,7200,Denmark,outbound_research,2026-07-02,2026-08-22
con_0625,acc_057,Silvergrove Analytics,silvergrove-analytics.example,Agnes,Kristensen,agnes.kristensen.0625@silvergrove-analytics.example,Revenue Operations Manager,RevOps,manager,Copenhagen,Denmark,https://social.example/in/agnes.kristensen-0625,relevant,Travel,7200,Denmark,website,2026-07-15,2026-08-27
con_0626,acc_057,Silvergrove Analytics,silvergrove-analytics.example,Malthe,Christensen,malthe.christensen.0626@silvergrove-analytics.example,Executive Assistant,General Management,individual_contributor,Copenhagen,Denmark,https://social.example/in/malthe.christensen-0626,not_target,Travel,7200,Denmark,event,2026-07-28,2026-07-04
con_0627,acc_057,Silvergrove Analytics,silvergrove-analytics.example,Clara,Møller,clara.mller.0627@silvergrove-analytics.example,Chief Operating Officer,Operations,executive,Copenhagen,Denmark,https://social.example/in/clara.mller-0627,relevant,Travel,7200,Denmark,referral,2026-08-10,2026-07-09
con_0628,acc_057,Silvergrove Analytics,silvergrove-analytics.example,William,Madsen,william.madsen.0628@silvergrove-analytics.example,VP Product,Product,vp,Copenhagen,Denmark,https://social.example/in/william.madsen-0628,relevant,Travel,7200,Denmark,partner,2026-08-23,2026-07-14
con_0629,acc_057,Silvergrove Analytics,silvergrove-analytics.example,Elias,Andersen,elias.andersen.0629@silvergrove-analytics.example,Head of Digital,Digital Transformation,director,Copenhagen,Denmark,https://social.example/in/elias.andersen-0629,relevant,Travel,7200,Denmark,import,2026-05-13,2026-07-19
con_0630,acc_057,Silvergrove Analytics,silvergrove-analytics.example,Agnes,Johansen,agnes.johansen.0630@silvergrove-analytics.example,Revenue Operations Manager,RevOps,manager,Copenhagen,Denmark,https://social.example/in/agnes.johansen-0630,relevant,Travel,7200,Denmark,outbound_research,2026-05-26,2026-07-24
con_0631,acc_057,Silvergrove Analytics,silvergrove-analytics.example,Malthe,Petersen,malthe.petersen.0631@silvergrove-analytics.example,IT Manager,IT,manager,Copenhagen,Denmark,https://social.example/in/malthe.petersen-0631,secondary,Travel,7200,Denmark,website,2026-06-08,2026-07-29
con_0632,acc_057,Silvergrove Analytics,silvergrove-analytics.example,Clara,Pedersen,clara.pedersen.0632@silvergrove-analytics.example,Chief Operating Officer,Operations,executive,Copenhagen,Denmark,https://social.example/in/clara.pedersen-0632,relevant,Travel,7200,Denmark,event,2026-06-21,2026-08-03
con_0633,acc_057,Silvergrove Analytics,silvergrove-analytics.example,William,Poulsen,william.poulsen.0633@silvergrove-analytics.example,VP Product,Product,vp,Copenhagen,Denmark,https://social.example/in/william.poulsen-0633,relevant,Travel,7200,Denmark,referral,2026-07-04,2026-08-08
con_0634,acc_057,Silvergrove Analytics,silvergrove-analytics.example,Elias,Jørgensen,elias.jrgensen.0634@silvergrove-analytics.example,Head of Digital,Digital Transformation,director,Copenhagen,Denmark,https://social.example/in/elias.jrgensen-0634,relevant,Travel,7200,Denmark,partner,2026-07-17,2026-08-13
con_0635,acc_057,Silvergrove Analytics,silvergrove-analytics.example,Agnes,Hansen,agnes.hansen.0635@silvergrove-analytics.example,Revenue Operations Manager,RevOps,manager,Copenhagen,Denmark,https://social.example/in/agnes.hansen-0635,relevant,Travel,7200,Denmark,import,2026-07-30,2026-08-18
con_0636,acc_058,Summitline Labs,summitline-labs.example,Laura,Zimmermann,laura.zimmermann.0636@summitline-labs.example,Executive Assistant,General Management,individual_contributor,Zurich,Switzerland,https://social.example/in/laura.zimmermann-0636,not_target,Agriculture,32,Switzerland,outbound_research,2026-08-12,2026-08-23
con_0637,acc_058,Summitline Labs,summitline-labs.example,Leon,Fischer,leon.fischer.0637@summitline-labs.example,Supply Chain Manager,Supply Chain,manager,Zurich,Switzerland,https://social.example/in/leon.fischer-0637,relevant,Agriculture,32,Switzerland,website,2026-05-02,2026-08-28
con_0638,acc_058,Summitline Labs,summitline-labs.example,Nora,Müller,nora.muller.0638@summitline-labs.example,Innovation Manager,Innovation,manager,Zurich,Switzerland,https://social.example/in/nora.muller-0638,relevant,Agriculture,32,Switzerland,event,2026-05-15,2026-07-05
con_0639,acc_058,Summitline Labs,summitline-labs.example,Alina,Wyss,alina.wyss.0639@summitline-labs.example,Chief Operating Officer,Operations,executive,Zurich,Switzerland,https://social.example/in/alina.wyss-0639,relevant,Agriculture,32,Switzerland,referral,2026-05-28,2026-07-10
con_0640,acc_058,Summitline Labs,summitline-labs.example,Nico,Brunner,nico.brunner.0640@summitline-labs.example,Head of Technology,Engineering,director,Zurich,Switzerland,https://social.example/in/nico.brunner-0640,priority,Agriculture,32,Switzerland,partner,2026-06-10,2026-07-15
con_0641,acc_058,Summitline Labs,summitline-labs.example,Laura,Kunz,laura.kunz.0641@summitline-labs.example,Director of Digital Transformation,Digital Transformation,director,Zurich,Switzerland,https://social.example/in/laura.kunz-0641,priority,Agriculture,32,Switzerland,import,2026-06-23,2026-07-20
con_0642,acc_058,Summitline Labs,summitline-labs.example,Leon,Moser,leon.moser.0642@summitline-labs.example,Supply Chain Manager,Supply Chain,manager,Zurich,Switzerland,https://social.example/in/leon.moser-0642,relevant,Agriculture,32,Switzerland,outbound_research,2026-07-06,2026-07-25
con_0643,acc_058,Summitline Labs,summitline-labs.example,Nora,Huber,nora.huber.0643@summitline-labs.example,Innovation Manager,Innovation,manager,Zurich,Switzerland,https://social.example/in/nora.huber-0643,relevant,Agriculture,32,Switzerland,website,2026-07-19,2026-07-30
con_0644,acc_058,Summitline Labs,summitline-labs.example,Alina,Suter,alina.suter.0644@summitline-labs.example,Chief Operating Officer,Operations,executive,Zurich,Switzerland,https://social.example/in/alina.suter-0644,relevant,Agriculture,32,Switzerland,event,2026-08-01,2026-08-04
con_0645,acc_058,Summitline Labs,summitline-labs.example,Nico,Graf,nico.graf.0645@summitline-labs.example,Head of Technology,Engineering,director,Zurich,Switzerland,https://social.example/in/nico.graf-0645,priority,Agriculture,32,Switzerland,referral,2026-08-14,2026-08-09
con_0646,acc_059,Terravale Collective,terravale-collective.example,Henry,MacDonald,henry.macdonald.0646@terravale-collective.example,Executive Assistant,General Management,individual_contributor,Montreal,Canada,https://social.example/in/henry.macdonald-0646,not_target,Public sector,340,Canada,partner,2026-05-04,2026-08-14
con_0647,acc_059,Terravale Collective,terravale-collective.example,Sophie,Tremblay,sophie.tremblay.0647@terravale-collective.example,Digital Services Director,Digital Transformation,director,Montreal,Canada,https://social.example/in/sophie.tremblay-0647,priority,Public sector,340,Canada,import,2026-05-17,2026-08-19
con_0648,acc_059,Terravale Collective,terravale-collective.example,Lucas,Côté,lucas.cote.0648@terravale-collective.example,Director of Innovation Programs,Innovation,director,Montreal,Canada,https://social.example/in/lucas.cote-0648,priority,Public sector,340,Canada,outbound_research,2026-05-30,2026-08-24
con_0649,acc_059,Terravale Collective,terravale-collective.example,Charlotte,Johnson,charlotte.johnson.0649@terravale-collective.example,Chief Information Officer,IT,executive,Montreal,Canada,https://social.example/in/charlotte.johnson-0649,priority,Public sector,340,Canada,website,2026-06-12,2026-07-01
con_0650,acc_059,Terravale Collective,terravale-collective.example,Noah,Brown,noah.brown.0650@terravale-collective.example,Head of Procurement,Procurement,director,Montreal,Canada,https://social.example/in/noah.brown-0650,secondary,Public sector,340,Canada,event,2026-06-25,2026-07-06
con_0651,acc_059,Terravale Collective,terravale-collective.example,Henry,Bouchard,henry.bouchard.0651@terravale-collective.example,Program Operations Manager,Operations,manager,Montreal,Canada,https://social.example/in/henry.bouchard-0651,relevant,Public sector,340,Canada,referral,2026-07-08,2026-07-11
con_0652,acc_059,Terravale Collective,terravale-collective.example,Sophie,Wilson,sophie.wilson.0652@terravale-collective.example,Digital Services Director,Digital Transformation,director,Montreal,Canada,https://social.example/in/sophie.wilson-0652,priority,Public sector,340,Canada,partner,2026-07-21,2026-07-16
con_0653,acc_059,Terravale Collective,terravale-collective.example,Lucas,Smith,lucas.smith.0653@terravale-collective.example,Director of Innovation Programs,Innovation,director,Montreal,Canada,https://social.example/in/lucas.smith-0653,priority,Public sector,340,Canada,import,2026-08-03,2026-07-21
con_0654,acc_059,Terravale Collective,terravale-collective.example,Charlotte,Thompson,charlotte.thompson.0654@terravale-collective.example,Chief Information Officer,IT,executive,Montreal,Canada,https://social.example/in/charlotte.thompson-0654,priority,Public sector,340,Canada,outbound_research,2026-08-16,2026-07-26
con_0655,acc_059,Terravale Collective,terravale-collective.example,Noah,Lee,noah.lee.0655@terravale-collective.example,Head of Procurement,Procurement,director,Montreal,Canada,https://social.example/in/noah.lee-0655,secondary,Public sector,340,Canada,website,2026-05-06,2026-07-31
con_0656,acc_059,Terravale Collective,terravale-collective.example,Henry,Clark,henry.clark.0656@terravale-collective.example,Program Operations Manager,Operations,manager,Montreal,Canada,https://social.example/in/henry.clark-0656,relevant,Public sector,340,Canada,event,2026-05-19,2026-08-05
con_0657,acc_060,Vantagefield Commerce,vantagefield-commerce.example,Theodore,Lee,theodore.lee.0657@vantagefield-commerce.example,IT Manager,IT,manager,Sydney,Australia,https://social.example/in/theodore.lee-0657,secondary,Nonprofit,1800,Australia,referral,2026-06-01,2026-08-10
con_0658,acc_060,Vantagefield Commerce,vantagefield-commerce.example,Ava,Martin,ava.martin.0658@vantagefield-commerce.example,Chief Operating Officer,Operations,executive,Sydney,Australia,https://social.example/in/ava.martin-0658,relevant,Nonprofit,1800,Australia,partner,2026-06-14,2026-08-15
con_0659,acc_060,Vantagefield Commerce,vantagefield-commerce.example,William,Jones,william.jones.0659@vantagefield-commerce.example,Director of Programs,Programs,director,Sydney,Australia,https://social.example/in/william.jones-0659,relevant,Nonprofit,1800,Australia,import,2026-06-27,2026-08-20
con_0660,acc_060,Vantagefield Commerce,vantagefield-commerce.example,Olivia,Harris,olivia.harris.0660@vantagefield-commerce.example,Head of Digital Transformation,Digital Transformation,director,Sydney,Australia,https://social.example/in/olivia.harris-0660,priority,Nonprofit,1800,Australia,outbound_research,2026-07-10,2026-08-25
con_0661,acc_060,Vantagefield Commerce,vantagefield-commerce.example,Matilda,White,matilda.white.0661@vantagefield-commerce.example,Partnerships Manager,Partnerships,manager,Sydney,Australia,https://social.example/in/matilda.white-0661,relevant,Nonprofit,1800,Australia,website,2026-07-23,2026-07-02
con_0662,acc_060,Vantagefield Commerce,vantagefield-commerce.example,Theodore,Smith,theodore.smith.0662@vantagefield-commerce.example,IT Manager,IT,manager,Sydney,Australia,https://social.example/in/theodore.smith-0662,secondary,Nonprofit,1800,Australia,event,2026-08-05,2026-07-07
con_0663,acc_060,Vantagefield Commerce,vantagefield-commerce.example,Ava,Walker,ava.walker.0663@vantagefield-commerce.example,Chief Operating Officer,Operations,executive,Sydney,Australia,https://social.example/in/ava.walker-0663,relevant,Nonprofit,1800,Australia,referral,2026-08-18,2026-07-12
con_0664,acc_060,Vantagefield Commerce,vantagefield-commerce.example,William,Johnson,william.johnson.0664@vantagefield-commerce.example,Director of Programs,Programs,director,Sydney,Australia,https://social.example/in/william.johnson-0664,relevant,Nonprofit,1800,Australia,partner,2026-05-08,2026-07-17
con_0665,acc_060,Vantagefield Commerce,vantagefield-commerce.example,Olivia,King,olivia.king.0665@vantagefield-commerce.example,Head of Digital Transformation,Digital Transformation,director,Sydney,Australia,https://social.example/in/olivia.king-0665,priority,Nonprofit,1800,Australia,import,2026-05-21,2026-07-22
con_0666,acc_060,Vantagefield Commerce,vantagefield-commerce.example,Matilda,Thomas,matilda.thomas.0666@vantagefield-commerce.example,Partnerships Manager,Partnerships,manager,Sydney,Australia,https://social.example/in/matilda.thomas-0666,relevant,Nonprofit,1800,Australia,outbound_research,2026-06-03,2026-07-27
con_0667,acc_060,Vantagefield Commerce,vantagefield-commerce.example,Theodore,Taylor,theodore.taylor.0667@vantagefield-commerce.example,Executive Assistant,General Management,individual_contributor,Sydney,Australia,https://social.example/in/theodore.taylor-0667,not_target,Nonprofit,1800,Australia,website,2026-06-16,2026-08-01
con_0668,acc_060,Vantagefield Commerce,vantagefield-commerce.example,Ava,Kelly,ava.kelly.0668@vantagefield-commerce.example,Chief Operating Officer,Operations,executive,Sydney,Australia,https://social.example/in/ava.kelly-0668,relevant,Nonprofit,1800,Australia,event,2026-06-29,2026-08-06
con_0669,acc_061,Willowgate Mobility,willowgate-mobility.example,Grace,Wright,grace.wright.0669@willowgate-mobility.example,Chief Information Officer,IT,executive,London,United Kingdom,https://social.example/in/grace.wright-0669,priority,Financial technology,7,United Kingdom,referral,2026-07-12,2026-08-11
con_0670,acc_061,Willowgate Mobility,willowgate-mobility.example,Arthur,Wilson,arthur.wilson.0670@willowgate-mobility.example,VP Engineering,Engineering,vp,London,United Kingdom,https://social.example/in/arthur.wilson-0670,priority,Financial technology,7,United Kingdom,partner,2026-07-25,2026-08-16
con_0671,acc_061,Willowgate Mobility,willowgate-mobility.example,Amelia,Green,amelia.green.0671@willowgate-mobility.example,Head of Risk,Risk,director,London,United Kingdom,https://social.example/in/amelia.green-0671,relevant,Financial technology,7,United Kingdom,import,2026-08-07,2026-08-21
con_0672,acc_061,Willowgate Mobility,willowgate-mobility.example,Freya,Walker,freya.walker.0672@willowgate-mobility.example,Revenue Operations Director,RevOps,director,London,United Kingdom,https://social.example/in/freya.walker-0672,priority,Financial technology,7,United Kingdom,outbound_research,2026-08-20,2026-08-26
con_0673,acc_061,Willowgate Mobility,willowgate-mobility.example,Henry,Williams,henry.williams.0673@willowgate-mobility.example,Product Operations Manager,Product Operations,manager,London,United Kingdom,https://social.example/in/henry.williams-0673,relevant,Financial technology,7,United Kingdom,website,2026-05-10,2026-07-03
con_0674,acc_061,Willowgate Mobility,willowgate-mobility.example,Grace,Edwards,grace.edwards.0674@willowgate-mobility.example,Chief Financial Officer,Finance,executive,London,United Kingdom,https://social.example/in/grace.edwards-0674,relevant,Financial technology,7,United Kingdom,event,2026-05-23,2026-07-08
con_0675,acc_061,Willowgate Mobility,willowgate-mobility.example,Arthur,Johnson,arthur.johnson.0675@willowgate-mobility.example,Chief Information Officer,IT,executive,London,United Kingdom,https://social.example/in/arthur.johnson-0675,priority,Financial technology,7,United Kingdom,referral,2026-06-05,2026-07-13
con_0676,acc_061,Willowgate Mobility,willowgate-mobility.example,Amelia,Brown,amelia.brown.0676@willowgate-mobility.example,VP Engineering,Engineering,vp,London,United Kingdom,https://social.example/in/amelia.brown-0676,priority,Financial technology,7,United Kingdom,partner,2026-06-18,2026-07-18
con_0677,acc_061,Willowgate Mobility,willowgate-mobility.example,Freya,Hughes,freya.hughes.0677@willowgate-mobility.example,Executive Assistant,General Management,individual_contributor,London,United Kingdom,https://social.example/in/freya.hughes-0677,not_target,Financial technology,7,United Kingdom,import,2026-07-01,2026-07-23
con_0678,acc_062,Wintermere Services,wintermere-services.example,Paul,Neumann,paul.neumann.0678@wintermere-services.example,VP Engineering,Engineering,vp,Hamburg,Germany,https://social.example/in/paul.neumann-0678,priority,Financial technology,120,Germany,outbound_research,2026-07-14,2026-07-28
con_0679,acc_062,Wintermere Services,wintermere-services.example,Ben,Hoffmann,ben.hoffmann.0679@wintermere-services.example,Head of Risk,Risk,director,Hamburg,Germany,https://social.example/in/ben.hoffmann-0679,relevant,Financial technology,120,Germany,website,2026-07-27,2026-08-02
con_0680,acc_062,Wintermere Services,wintermere-services.example,Emma,Schneider,emma.schneider.0680@wintermere-services.example,Revenue Operations Director,RevOps,director,Hamburg,Germany,https://social.example/in/emma.schneider-0680,priority,Financial technology,120,Germany,event,2026-08-09,2026-08-07
con_0681,acc_062,Wintermere Services,wintermere-services.example,Felix,Schröder,felix.schroder.0681@wintermere-services.example,Product Operations Manager,Product Operations,manager,Hamburg,Germany,https://social.example/in/felix.schroder-0681,relevant,Financial technology,120,Germany,referral,2026-08-22,2026-08-12
con_0682,acc_062,Wintermere Services,wintermere-services.example,Mia,Schulz,mia.schulz.0682@wintermere-services.example,Chief Financial Officer,Finance,executive,Hamburg,Germany,https://social.example/in/mia.schulz-0682,relevant,Financial technology,120,Germany,partner,2026-05-12,2026-08-17
con_0683,acc_062,Wintermere Services,wintermere-services.example,Paul,Schmidt,paul.schmidt.0683@wintermere-services.example,Chief Information Officer,IT,executive,Hamburg,Germany,https://social.example/in/paul.schmidt-0683,priority,Financial technology,120,Germany,import,2026-05-25,2026-08-22
con_0684,acc_062,Wintermere Services,wintermere-services.example,Ben,Wolf,ben.wolf.0684@wintermere-services.example,VP Engineering,Engineering,vp,Hamburg,Germany,https://social.example/in/ben.wolf-0684,priority,Financial technology,120,Germany,outbound_research,2026-06-07,2026-08-27
con_0685,acc_062,Wintermere Services,wintermere-services.example,Emma,Becker,emma.becker.0685@wintermere-services.example,Head of Risk,Risk,director,Hamburg,Germany,https://social.example/in/emma.becker-0685,relevant,Financial technology,120,Germany,website,2026-06-20,2026-07-04
con_0686,acc_062,Wintermere Services,wintermere-services.example,Felix,Müller,felix.muller.0686@wintermere-services.example,Revenue Operations Director,RevOps,director,Hamburg,Germany,https://social.example/in/felix.muller-0686,priority,Financial technology,120,Germany,event,2026-07-03,2026-07-09
con_0687,acc_062,Wintermere Services,wintermere-services.example,Mia,Klein,mia.klein.0687@wintermere-services.example,Executive Assistant,General Management,individual_contributor,Hamburg,Germany,https://social.example/in/mia.klein-0687,not_target,Financial technology,120,Germany,referral,2026-07-16,2026-07-14
con_0688,acc_062,Wintermere Services,wintermere-services.example,Paul,Wagner,paul.wagner.0688@wintermere-services.example,Chief Financial Officer,Finance,executive,Hamburg,Germany,https://social.example/in/paul.wagner-0688,relevant,Financial technology,120,Germany,partner,2026-07-29,2026-07-19
con_0689,acc_063,Brightpath Works,brightpath-works.example,Lorenzo,Ferrari,lorenzo.ferrari.0689@brightpath-works.example,IT Security Manager,Security,manager,Rome,Italy,https://social.example/in/lorenzo.ferrari-0689,priority,Cybersecurity,760,Italy,import,2026-08-11,2026-07-24
con_0690,acc_063,Brightpath Works,brightpath-works.example,Davide,Costa,davide.costa.0690@brightpath-works.example,Head of Product,Product,director,Rome,Italy,https://social.example/in/davide.costa-0690,relevant,Cybersecurity,760,Italy,outbound_research,2026-05-01,2026-07-29
con_0691,acc_063,Brightpath Works,brightpath-works.example,Martina,Marino,martina.marino.0691@brightpath-works.example,Demand Generation Director,Marketing,director,Rome,Italy,https://social.example/in/martina.marino-0691,relevant,Cybersecurity,760,Italy,website,2026-05-14,2026-08-03
con_0692,acc_063,Brightpath Works,brightpath-works.example,Andrea,Russo,andrea.russo.0692@brightpath-works.example,Solutions Engineering Manager,Solutions Engineering,manager,Rome,Italy,https://social.example/in/andrea.russo-0692,relevant,Cybersecurity,760,Italy,event,2026-05-27,2026-08-08
con_0693,acc_063,Brightpath Works,brightpath-works.example,Francesca,Mancini,francesca.mancini.0693@brightpath-works.example,Chief Information Security Officer,Security,executive,Rome,Italy,https://social.example/in/francesca.mancini-0693,priority,Cybersecurity,760,Italy,referral,2026-06-09,2026-08-13
con_0694,acc_063,Brightpath Works,brightpath-works.example,Lorenzo,Ricci,lorenzo.ricci.0694@brightpath-works.example,VP Engineering,Engineering,vp,Rome,Italy,https://social.example/in/lorenzo.ricci-0694,priority,Cybersecurity,760,Italy,partner,2026-06-22,2026-08-18
con_0695,acc_063,Brightpath Works,brightpath-works.example,Davide,Rossi,davide.rossi.0695@brightpath-works.example,IT Security Manager,Security,manager,Rome,Italy,https://social.example/in/davide.rossi-0695,priority,Cybersecurity,760,Italy,import,2026-07-05,2026-08-23
con_0696,acc_063,Brightpath Works,brightpath-works.example,Martina,De Luca,martina.de-luca.0696@brightpath-works.example,Head of Product,Product,director,Rome,Italy,https://social.example/in/martina.de-luca-0696,relevant,Cybersecurity,760,Italy,outbound_research,2026-07-18,2026-08-28
con_0697,acc_063,Brightpath Works,brightpath-works.example,Andrea,Colombo,andrea.colombo.0697@brightpath-works.example,Executive Assistant,General Management,individual_contributor,Rome,Italy,https://social.example/in/andrea.colombo-0697,not_target,Cybersecurity,760,Italy,website,2026-07-31,2026-07-05
con_0698,acc_063,Brightpath Works,brightpath-works.example,Francesca,Moretti,francesca.moretti.0698@brightpath-works.example,Solutions Engineering Manager,Solutions Engineering,manager,Rome,Italy,https://social.example/in/francesca.moretti-0698,relevant,Cybersecurity,760,Italy,event,2026-08-13,2026-07-10
con_0699,acc_063,Brightpath Works,brightpath-works.example,Lorenzo,Conti,lorenzo.conti.0699@brightpath-works.example,Chief Information Security Officer,Security,executive,Rome,Italy,https://social.example/in/lorenzo.conti-0699,priority,Cybersecurity,760,Italy,referral,2026-05-03,2026-07-15
con_0700,acc_063,Brightpath Works,brightpath-works.example,Davide,Romano,davide.romano.0700@brightpath-works.example,VP Engineering,Engineering,vp,Rome,Italy,https://social.example/in/davide.romano-0700,priority,Cybersecurity,760,Italy,partner,2026-05-16,2026-07-20
con_0701,acc_064,Cedarpoint Networks,cedarpoint-networks.example,Noah,Dubois,noah.dubois.0701@cedarpoint-networks.example,Head of Product,Product,director,Antwerp,Belgium,https://social.example/in/noah.dubois-0701,relevant,Cybersecurity,7200,Belgium,import,2026-05-29,2026-07-25
con_0702,acc_064,Cedarpoint Networks,cedarpoint-networks.example,Lina,Vandenberghe,lina.vandenberghe.0702@cedarpoint-networks.example,Demand Generation Director,Marketing,director,Antwerp,Belgium,https://social.example/in/lina.vandenberghe-0702,relevant,Cybersecurity,7200,Belgium,outbound_research,2026-06-11,2026-07-30
con_0703,acc_064,Cedarpoint Networks,cedarpoint-networks.example,Lucas,Willems,lucas.willems.0703@cedarpoint-networks.example,Solutions Engineering Manager,Solutions Engineering,manager,Antwerp,Belgium,https://social.example/in/lucas.willems-0703,relevant,Cybersecurity,7200,Belgium,website,2026-06-24,2026-08-04
con_0704,acc_064,Cedarpoint Networks,cedarpoint-networks.example,Emma,Martin,emma.martin.0704@cedarpoint-networks.example,Chief Information Security Officer,Security,executive,Antwerp,Belgium,https://social.example/in/emma.martin-0704,priority,Cybersecurity,7200,Belgium,event,2026-07-07,2026-08-09
con_0705,acc_064,Cedarpoint Networks,cedarpoint-networks.example,Elise,Vermeulen,elise.vermeulen.0705@cedarpoint-networks.example,VP Engineering,Engineering,vp,Antwerp,Belgium,https://social.example/in/elise.vermeulen-0705,priority,Cybersecurity,7200,Belgium,referral,2026-07-20,2026-08-14
con_0706,acc_064,Cedarpoint Networks,cedarpoint-networks.example,Noah,Mertens,noah.mertens.0706@cedarpoint-networks.example,IT Security Manager,Security,manager,Antwerp,Belgium,https://social.example/in/noah.mertens-0706,priority,Cybersecurity,7200,Belgium,partner,2026-08-02,2026-08-19
con_0707,acc_064,Cedarpoint Networks,cedarpoint-networks.example,Lina,Leroy,lina.leroy.0707@cedarpoint-networks.example,Executive Assistant,General Management,individual_contributor,Antwerp,Belgium,https://social.example/in/lina.leroy-0707,not_target,Cybersecurity,7200,Belgium,import,2026-08-15,2026-08-24
con_0708,acc_064,Cedarpoint Networks,cedarpoint-networks.example,Lucas,De Vos,lucas.de-vos.0708@cedarpoint-networks.example,Demand Generation Director,Marketing,director,Antwerp,Belgium,https://social.example/in/lucas.de-vos-0708,relevant,Cybersecurity,7200,Belgium,outbound_research,2026-05-05,2026-07-01
con_0709,acc_064,Cedarpoint Networks,cedarpoint-networks.example,Emma,Jacobs,emma.jacobs.0709@cedarpoint-networks.example,Solutions Engineering Manager,Solutions Engineering,manager,Antwerp,Belgium,https://social.example/in/emma.jacobs-0709,relevant,Cybersecurity,7200,Belgium,website,2026-05-18,2026-07-06
con_0710,acc_064,Cedarpoint Networks,cedarpoint-networks.example,Elise,Simon,elise.simon.0710@cedarpoint-networks.example,Chief Information Security Officer,Security,executive,Antwerp,Belgium,https://social.example/in/elise.simon-0710,priority,Cybersecurity,7200,Belgium,event,2026-05-31,2026-07-11
con_0711,acc_064,Cedarpoint Networks,cedarpoint-networks.example,Noah,De Smet,noah.de-smet.0711@cedarpoint-networks.example,VP Engineering,Engineering,vp,Antwerp,Belgium,https://social.example/in/noah.de-smet-0711,priority,Cybersecurity,7200,Belgium,referral,2026-06-13,2026-07-16
con_0712,acc_064,Cedarpoint Networks,cedarpoint-networks.example,Lina,Maes,lina.maes.0712@cedarpoint-networks.example,IT Security Manager,Security,manager,Antwerp,Belgium,https://social.example/in/lina.maes-0712,priority,Cybersecurity,7200,Belgium,partner,2026-06-26,2026-07-21
con_0713,acc_064,Cedarpoint Networks,cedarpoint-networks.example,Lucas,Leclercq,lucas.leclercq.0713@cedarpoint-networks.example,Head of Product,Product,director,Antwerp,Belgium,https://social.example/in/lucas.leclercq-0713,relevant,Cybersecurity,7200,Belgium,import,2026-07-09,2026-07-26
con_0714,acc_065,Harborstone Industries,harborstone-industries.example,Lukas,Berger,lukas.berger.0714@harborstone-industries.example,Marketing Operations Lead,Marketing Operations,lead,Vienna,Austria,https://social.example/in/lukas.berger-0714,relevant,Software,32,Austria,outbound_research,2026-07-22,2026-07-31
con_0715,acc_065,Harborstone Industries,harborstone-industries.example,Tobias,Gruber,tobias.gruber.0715@harborstone-industries.example,Customer Operations Director,Customer Success,director,Vienna,Austria,https://social.example/in/tobias.gruber-0715,relevant,Software,32,Austria,website,2026-08-04,2026-08-05
con_0716,acc_065,Harborstone Industries,harborstone-industries.example,Mia,Schmid,mia.schmid.0716@harborstone-industries.example,Chief Technology Officer,Engineering,executive,Vienna,Austria,https://social.example/in/mia.schmid-0716,priority,Software,32,Austria,event,2026-08-17,2026-08-10
con_0717,acc_065,Harborstone Industries,harborstone-industries.example,David,Moser,david.moser.0717@harborstone-industries.example,Executive Assistant,General Management,individual_contributor,Vienna,Austria,https://social.example/in/david.moser-0717,not_target,Software,32,Austria,referral,2026-05-07,2026-08-15
con_0718,acc_065,Harborstone Industries,harborstone-industries.example,Lena,Bauer,lena.bauer.0718@harborstone-industries.example,Director of IT,IT,director,Vienna,Austria,https://social.example/in/lena.bauer-0718,priority,Software,32,Austria,partner,2026-05-20,2026-08-20
con_0719,acc_065,Harborstone Industries,harborstone-industries.example,Lukas,Wimmer,lukas.wimmer.0719@harborstone-industries.example,RevOps Manager,RevOps,manager,Vienna,Austria,https://social.example/in/lukas.wimmer-0719,relevant,Software,32,Austria,import,2026-06-02,2026-08-25
con_0720,acc_065,Harborstone Industries,harborstone-industries.example,Tobias,Steiner,tobias.steiner.0720@harborstone-industries.example,Marketing Operations Lead,Marketing Operations,lead,Vienna,Austria,https://social.example/in/tobias.steiner-0720,relevant,Software,32,Austria,outbound_research,2026-06-15,2026-07-02
con_0721,acc_065,Harborstone Industries,harborstone-industries.example,Mia,Reiter,mia.reiter.0721@harborstone-industries.example,Customer Operations Director,Customer Success,director,Vienna,Austria,https://social.example/in/mia.reiter-0721,relevant,Software,32,Austria,website,2026-06-28,2026-07-07
con_0722,acc_065,Harborstone Industries,harborstone-industries.example,David,Fuchs,david.fuchs.0722@harborstone-industries.example,Chief Technology Officer,Engineering,executive,Vienna,Austria,https://social.example/in/david.fuchs-0722,priority,Software,32,Austria,event,2026-07-11,2026-07-12
con_0723,acc_065,Harborstone Industries,harborstone-industries.example,Lena,Pichler,lena.pichler.0723@harborstone-industries.example,VP Product,Product,vp,Vienna,Austria,https://social.example/in/lena.pichler-0723,priority,Software,32,Austria,referral,2026-07-24,2026-07-17
con_0724,acc_066,Ironvale Energy,ironvale-energy.example,Sofie,Novotný,sofie.novotny.0724@ironvale-energy.example,Customer Operations Director,Customer Success,director,Prague,Czechia,https://social.example/in/sofie.novotny-0724,relevant,Software,340,Czechia,partner,2026-08-06,2026-07-22
con_0725,acc_066,Ironvale Energy,ironvale-energy.example,Matěj,Jelínek,matej.jelinek.0725@ironvale-energy.example,Chief Technology Officer,Engineering,executive,Prague,Czechia,https://social.example/in/matej.jelinek-0725,priority,Software,340,Czechia,import,2026-08-19,2026-07-27
con_0726,acc_066,Ironvale Energy,ironvale-energy.example,Tereza,Horák,tereza.horak.0726@ironvale-energy.example,VP Product,Product,vp,Prague,Czechia,https://social.example/in/tereza.horak-0726,priority,Software,340,Czechia,outbound_research,2026-05-09,2026-08-01
con_0727,acc_066,Ironvale Energy,ironvale-energy.example,Lucie,Svoboda,lucie.svoboda.0727@ironvale-energy.example,Executive Assistant,General Management,individual_contributor,Prague,Czechia,https://social.example/in/lucie.svoboda-0727,not_target,Software,340,Czechia,website,2026-05-22,2026-08-06
con_0728,acc_066,Ironvale Energy,ironvale-energy.example,Adam,Král,adam.kral.0728@ironvale-energy.example,RevOps Manager,RevOps,manager,Prague,Czechia,https://social.example/in/adam.kral-0728,relevant,Software,340,Czechia,event,2026-06-04,2026-08-11
con_0729,acc_066,Ironvale Energy,ironvale-energy.example,Sofie,Veselý,sofie.vesely.0729@ironvale-energy.example,Marketing Operations Lead,Marketing Operations,lead,Prague,Czechia,https://social.example/in/sofie.vesely-0729,relevant,Software,340,Czechia,referral,2026-06-17,2026-08-16
con_0730,acc_066,Ironvale Energy,ironvale-energy.example,Matěj,Novák,matej.novak.0730@ironvale-energy.example,Customer Operations Director,Customer Success,director,Prague,Czechia,https://social.example/in/matej.novak-0730,relevant,Software,340,Czechia,partner,2026-06-30,2026-08-21
con_0731,acc_066,Ironvale Energy,ironvale-energy.example,Tereza,Hájek,tereza.hajek.0731@ironvale-energy.example,Chief Technology Officer,Engineering,executive,Prague,Czechia,https://social.example/in/tereza.hajek-0731,priority,Software,340,Czechia,import,2026-07-13,2026-08-26
con_0732,acc_066,Ironvale Energy,ironvale-energy.example,Lucie,Kučera,lucie.kucera.0732@ironvale-energy.example,VP Product,Product,vp,Prague,Czechia,https://social.example/in/lucie.kucera-0732,priority,Software,340,Czechia,outbound_research,2026-07-26,2026-07-03
con_0733,acc_066,Ironvale Energy,ironvale-energy.example,Adam,Sedláček,adam.sedlacek.0733@ironvale-energy.example,Director of IT,IT,director,Prague,Czechia,https://social.example/in/adam.sedlacek-0733,priority,Software,340,Czechia,website,2026-08-08,2026-07-08
con_0734,acc_066,Ironvale Energy,ironvale-energy.example,Sofie,Pokorný,sofie.pokorny.0734@ironvale-energy.example,RevOps Manager,RevOps,manager,Prague,Czechia,https://social.example/in/sofie.pokorny-0734,relevant,Software,340,Czechia,event,2026-08-21,2026-07-13
con_0735,acc_067,Mapleworks Cloud,mapleworks-cloud.example,Isabella,Rodriguez,isabella.rodriguez.0735@mapleworks-cloud.example,Chief Data Officer,Data,executive,Chicago,United States,https://social.example/in/isabella.rodriguez-0735,priority,Data infrastructure,1800,United States,referral,2026-05-11,2026-07-18
con_0736,acc_067,Mapleworks Cloud,mapleworks-cloud.example,Oliver,Johnson,oliver.johnson.0736@mapleworks-cloud.example,VP Engineering,Engineering,vp,Chicago,United States,https://social.example/in/oliver.johnson-0736,priority,Data infrastructure,1800,United States,partner,2026-05-24,2026-07-23
con_0737,acc_067,Mapleworks Cloud,mapleworks-cloud.example,Ava,Anderson,ava.anderson.0737@mapleworks-cloud.example,Executive Assistant,General Management,individual_contributor,Chicago,United States,https://social.example/in/ava.anderson-0737,not_target,Data infrastructure,1800,United States,import,2026-06-06,2026-07-28
con_0738,acc_067,Mapleworks Cloud,mapleworks-cloud.example,Evelyn,Davis,evelyn.davis.0738@mapleworks-cloud.example,Data Operations Manager,Data,manager,Chicago,United States,https://social.example/in/evelyn.davis-0738,relevant,Data infrastructure,1800,United States,outbound_research,2026-06-19,2026-08-02
con_0739,acc_067,Mapleworks Cloud,mapleworks-cloud.example,Henry,Smith,henry.smith.0739@mapleworks-cloud.example,Head of Developer Experience,Engineering,director,Chicago,United States,https://social.example/in/henry.smith-0739,relevant,Data infrastructure,1800,United States,website,2026-07-02,2026-08-07
con_0740,acc_067,Mapleworks Cloud,mapleworks-cloud.example,Isabella,Wilson,isabella.wilson.0740@mapleworks-cloud.example,Product Marketing Director,Marketing,director,Chicago,United States,https://social.example/in/isabella.wilson-0740,relevant,Data infrastructure,1800,United States,event,2026-07-15,2026-08-12
con_0741,acc_067,Mapleworks Cloud,mapleworks-cloud.example,Oliver,Miller,oliver.miller.0741@mapleworks-cloud.example,Chief Data Officer,Data,executive,Chicago,United States,https://social.example/in/oliver.miller-0741,priority,Data infrastructure,1800,United States,referral,2026-07-28,2026-08-17
con_0742,acc_067,Mapleworks Cloud,mapleworks-cloud.example,Ava,Martin,ava.martin.0742@mapleworks-cloud.example,VP Engineering,Engineering,vp,Chicago,United States,https://social.example/in/ava.martin-0742,priority,Data infrastructure,1800,United States,partner,2026-08-10,2026-08-22
con_0743,acc_067,Mapleworks Cloud,mapleworks-cloud.example,Evelyn,Gonzalez,evelyn.gonzalez.0743@mapleworks-cloud.example,Director of Platform,Engineering,director,Chicago,United States,https://social.example/in/evelyn.gonzalez-0743,priority,Data infrastructure,1800,United States,import,2026-08-23,2026-08-27
con_0744,acc_067,Mapleworks Cloud,mapleworks-cloud.example,Henry,Garcia,henry.garcia.0744@mapleworks-cloud.example,Data Operations Manager,Data,manager,Chicago,United States,https://social.example/in/henry.garcia-0744,relevant,Data infrastructure,1800,United States,outbound_research,2026-05-13,2026-07-04
con_0745,acc_067,Mapleworks Cloud,mapleworks-cloud.example,Isabella,Jackson,isabella.jackson.0745@mapleworks-cloud.example,Head of Developer Experience,Engineering,director,Chicago,United States,https://social.example/in/isabella.jackson-0745,relevant,Data infrastructure,1800,United States,website,2026-05-26,2026-07-09
con_0746,acc_067,Mapleworks Cloud,mapleworks-cloud.example,Oliver,Lopez,oliver.lopez.0746@mapleworks-cloud.example,Product Marketing Director,Marketing,director,Chicago,United States,https://social.example/in/oliver.lopez-0746,relevant,Data infrastructure,1800,United States,event,2026-06-08,2026-07-14
con_0747,acc_068,Noviant Systems,noviant-systems.example,Louis,Richard,louis.richard.0747@noviant-systems.example,Executive Assistant,General Management,individual_contributor,Toulouse,France,https://social.example/in/louis.richard-0747,not_target,Data infrastructure,7,France,referral,2026-06-21,2026-07-19
con_0748,acc_068,Noviant Systems,noviant-systems.example,Gabriel,Vincent,gabriel.vincent.0748@noviant-systems.example,Director of Platform,Engineering,director,Toulouse,France,https://social.example/in/gabriel.vincent-0748,priority,Data infrastructure,7,France,partner,2026-07-04,2026-07-24
con_0749,acc_068,Noviant Systems,noviant-systems.example,Amélie,Laurent,amelie.laurent.0749@noviant-systems.example,Data Operations Manager,Data,manager,Toulouse,France,https://social.example/in/amelie.laurent-0749,relevant,Data infrastructure,7,France,import,2026-07-17,2026-07-29
con_0750,acc_068,Noviant Systems,noviant-systems.example,Maxime,Robert,maxime.robert.0750@noviant-systems.example,Head of Developer Experience,Engineering,director,Toulouse,France,https://social.example/in/maxime.robert-0750,relevant,Data infrastructure,7,France,outbound_research,2026-07-30,2026-08-03
con_0751,acc_068,Noviant Systems,noviant-systems.example,Léa,Roux,lea.roux.0751@noviant-systems.example,Product Marketing Director,Marketing,director,Toulouse,France,https://social.example/in/lea.roux-0751,relevant,Data infrastructure,7,France,website,2026-08-12,2026-08-08
con_0752,acc_068,Noviant Systems,noviant-systems.example,Louis,Simon,louis.simon.0752@noviant-systems.example,Chief Data Officer,Data,executive,Toulouse,France,https://social.example/in/louis.simon-0752,priority,Data infrastructure,7,France,event,2026-05-02,2026-08-13
con_0753,acc_068,Noviant Systems,noviant-systems.example,Gabriel,Thomas,gabriel.thomas.0753@noviant-systems.example,VP Engineering,Engineering,vp,Toulouse,France,https://social.example/in/gabriel.thomas-0753,priority,Data infrastructure,7,France,referral,2026-05-15,2026-08-18
con_0754,acc_068,Noviant Systems,noviant-systems.example,Amélie,Bertrand,amelie.bertrand.0754@noviant-systems.example,Director of Platform,Engineering,director,Toulouse,France,https://social.example/in/amelie.bertrand-0754,priority,Data infrastructure,7,France,partner,2026-05-28,2026-08-23
con_0755,acc_068,Noviant Systems,noviant-systems.example,Maxime,Moreau,maxime.moreau.0755@noviant-systems.example,Data Operations Manager,Data,manager,Toulouse,France,https://social.example/in/maxime.moreau-0755,relevant,Data infrastructure,7,France,import,2026-06-10,2026-08-28
con_0756,acc_069,Oakridge Digital,oakridge-digital.example,Elias,Hoffmann,elias.hoffmann.0756@oakridge-digital.example,Head of E-commerce,E-commerce,director,Berlin,Germany,https://social.example/in/elias.hoffmann-0756,relevant,E-commerce,120,Germany,outbound_research,2026-06-23,2026-07-05
con_0757,acc_069,Oakridge Digital,oakridge-digital.example,Clara,Schneider,clara.schneider.0757@oakridge-digital.example,Executive Assistant,General Management,individual_contributor,Berlin,Germany,https://social.example/in/clara.schneider-0757,not_target,E-commerce,120,Germany,website,2026-07-06,2026-07-10
con_0758,acc_069,Oakridge Digital,oakridge-digital.example,Lukas,Schröder,lukas.schroder.0758@oakridge-digital.example,Marketing Operations Manager,Marketing Operations,manager,Berlin,Germany,https://social.example/in/lukas.schroder-0758,relevant,E-commerce,120,Germany,event,2026-07-19,2026-07-15
con_0759,acc_069,Oakridge Digital,oakridge-digital.example,Leonie,Schulz,leonie.schulz.0759@oakridge-digital.example,IT Director,IT,director,Berlin,Germany,https://social.example/in/leonie.schulz-0759,priority,E-commerce,120,Germany,referral,2026-08-01,2026-07-20
con_0760,acc_069,Oakridge Digital,oakridge-digital.example,Marie,Schmidt,marie.schmidt.0760@oakridge-digital.example,Chief Operating Officer,Operations,executive,Berlin,Germany,https://social.example/in/marie.schmidt-0760,priority,E-commerce,120,Germany,partner,2026-08-14,2026-07-25
con_0761,acc_069,Oakridge Digital,oakridge-digital.example,Elias,Wolf,elias.wolf.0761@oakridge-digital.example,VP Growth,Growth,vp,Berlin,Germany,https://social.example/in/elias.wolf-0761,relevant,E-commerce,120,Germany,import,2026-05-04,2026-07-30
con_0762,acc_069,Oakridge Digital,oakridge-digital.example,Clara,Becker,clara.becker.0762@oakridge-digital.example,Head of E-commerce,E-commerce,director,Berlin,Germany,https://social.example/in/clara.becker-0762,relevant,E-commerce,120,Germany,outbound_research,2026-05-17,2026-08-04
con_0763,acc_069,Oakridge Digital,oakridge-digital.example,Lukas,Müller,lukas.muller.0763@oakridge-digital.example,Director of Customer Experience,Customer Success,director,Berlin,Germany,https://social.example/in/lukas.muller-0763,relevant,E-commerce,120,Germany,website,2026-05-30,2026-08-09
con_0764,acc_069,Oakridge Digital,oakridge-digital.example,Leonie,Klein,leonie.klein.0764@oakridge-digital.example,Marketing Operations Manager,Marketing Operations,manager,Berlin,Germany,https://social.example/in/leonie.klein-0764,relevant,E-commerce,120,Germany,event,2026-06-12,2026-08-14
con_0765,acc_069,Oakridge Digital,oakridge-digital.example,Marie,Wagner,marie.wagner.0765@oakridge-digital.example,IT Director,IT,director,Berlin,Germany,https://social.example/in/marie.wagner-0765,priority,E-commerce,120,Germany,referral,2026-06-25,2026-08-19
con_0766,acc_069,Oakridge Digital,oakridge-digital.example,Elias,Braun,elias.braun.0766@oakridge-digital.example,Chief Operating Officer,Operations,executive,Berlin,Germany,https://social.example/in/elias.braun-0766,priority,E-commerce,120,Germany,partner,2026-07-08,2026-08-24
con_0767,acc_070,Redwoodline Platforms,redwoodline-platforms.example,Lucas,Muñoz,lucas.munoz.0767@redwoodline-platforms.example,Executive Assistant,General Management,individual_contributor,Valencia,Spain,https://social.example/in/lucas.munoz-0767,not_target,E-commerce,760,Spain,import,2026-07-21,2026-07-01
con_0768,acc_070,Redwoodline Platforms,redwoodline-platforms.example,Alba,Gómez,alba.gomez.0768@redwoodline-platforms.example,Marketing Operations Manager,Marketing Operations,manager,Valencia,Spain,https://social.example/in/alba.gomez-0768,relevant,E-commerce,760,Spain,outbound_research,2026-08-03,2026-07-06
con_0769,acc_070,Redwoodline Platforms,redwoodline-platforms.example,Pablo,Fernández,pablo.fernandez.0769@redwoodline-platforms.example,IT Director,IT,director,Valencia,Spain,https://social.example/in/pablo.fernandez-0769,priority,E-commerce,760,Spain,website,2026-08-16,2026-07-11
con_0770,acc_070,Redwoodline Platforms,redwoodline-platforms.example,Sofía,Moreno,sofia.moreno.0770@redwoodline-platforms.example,Chief Operating Officer,Operations,executive,Valencia,Spain,https://social.example/in/sofia.moreno-0770,priority,E-commerce,760,Spain,event,2026-05-06,2026-07-16
con_0771,acc_070,Redwoodline Platforms,redwoodline-platforms.example,Nuria,Pérez,nuria.perez.0771@redwoodline-platforms.example,VP Growth,Growth,vp,Valencia,Spain,https://social.example/in/nuria.perez-0771,relevant,E-commerce,760,Spain,referral,2026-05-19,2026-07-21
con_0772,acc_070,Redwoodline Platforms,redwoodline-platforms.example,Lucas,García,lucas.garcia.0772@redwoodline-platforms.example,Head of E-commerce,E-commerce,director,Valencia,Spain,https://social.example/in/lucas.garcia-0772,relevant,E-commerce,760,Spain,partner,2026-06-01,2026-07-26
con_0773,acc_070,Redwoodline Platforms,redwoodline-platforms.example,Alba,Díaz,alba.diaz.0773@redwoodline-platforms.example,Director of Customer Experience,Customer Success,director,Valencia,Spain,https://social.example/in/alba.diaz-0773,relevant,E-commerce,760,Spain,import,2026-06-14,2026-07-31
con_0774,acc_070,Redwoodline Platforms,redwoodline-platforms.example,Pablo,Sánchez,pablo.sanchez.0774@redwoodline-platforms.example,Marketing Operations Manager,Marketing Operations,manager,Valencia,Spain,https://social.example/in/pablo.sanchez-0774,relevant,E-commerce,760,Spain,outbound_research,2026-06-27,2026-08-05
con_0775,acc_070,Redwoodline Platforms,redwoodline-platforms.example,Sofía,Navarro,sofia.navarro.0775@redwoodline-platforms.example,IT Director,IT,director,Valencia,Spain,https://social.example/in/sofia.navarro-0775,priority,E-commerce,760,Spain,website,2026-07-10,2026-08-10
con_0776,acc_070,Redwoodline Platforms,redwoodline-platforms.example,Nuria,Hernández,nuria.hernandez.0776@redwoodline-platforms.example,Chief Operating Officer,Operations,executive,Valencia,Spain,https://social.example/in/nuria.hernandez-0776,priority,E-commerce,760,Spain,event,2026-07-23,2026-08-15
con_0777,acc_070,Redwoodline Platforms,redwoodline-platforms.example,Lucas,Martínez,lucas.martinez.0777@redwoodline-platforms.example,VP Growth,Growth,vp,Valencia,Spain,https://social.example/in/lucas.martinez-0777,relevant,E-commerce,760,Spain,referral,2026-08-05,2026-08-20
con_0778,acc_070,Redwoodline Platforms,redwoodline-platforms.example,Alba,Alonso,alba.alonso.0778@redwoodline-platforms.example,Executive Assistant,General Management,individual_contributor,Valencia,Spain,https://social.example/in/alba.alonso-0778,not_target,E-commerce,760,Spain,partner,2026-08-18,2026-08-25
con_0779,acc_071,Skyward Health,skyward-health.example,Lotte,de Groot,lotte.de-groot.0779@skyward-health.example,Head of Innovation,Innovation,director,Rotterdam,Netherlands,https://social.example/in/lotte.de-groot-0779,priority,Healthcare,7200,Netherlands,import,2026-05-08,2026-07-02
con_0780,acc_071,Skyward Health,skyward-health.example,Sem,Bakker,sem.bakker.0780@skyward-health.example,Procurement Director,Procurement,director,Rotterdam,Netherlands,https://social.example/in/sem.bakker-0780,secondary,Healthcare,7200,Netherlands,outbound_research,2026-05-21,2026-07-07
con_0781,acc_071,Skyward Health,skyward-health.example,Sophie,Dekker,sophie.dekker.0781@skyward-health.example,Chief Information Officer,IT,executive,Rotterdam,Netherlands,https://social.example/in/sophie.dekker-0781,priority,Healthcare,7200,Netherlands,website,2026-06-03,2026-07-12
con_0782,acc_071,Skyward Health,skyward-health.example,Fleur,Mulder,fleur.mulder.0782@skyward-health.example,Chief Digital Officer,Digital Transformation,executive,Rotterdam,Netherlands,https://social.example/in/fleur.mulder-0782,priority,Healthcare,7200,Netherlands,event,2026-06-16,2026-07-17
con_0783,acc_071,Skyward Health,skyward-health.example,Thijs,van Dijk,thijs.van-dijk.0783@skyward-health.example,Director of Operations,Operations,director,Rotterdam,Netherlands,https://social.example/in/thijs.van-dijk-0783,relevant,Healthcare,7200,Netherlands,referral,2026-06-29,2026-07-22
con_0784,acc_071,Skyward Health,skyward-health.example,Lotte,van Leeuwen,lotte.van-leeuwen.0784@skyward-health.example,IT Program Manager,IT,manager,Rotterdam,Netherlands,https://social.example/in/lotte.van-leeuwen-0784,relevant,Healthcare,7200,Netherlands,partner,2026-07-12,2026-07-27
con_0785,acc_071,Skyward Health,skyward-health.example,Sem,de Boer,sem.de-boer.0785@skyward-health.example,Head of Innovation,Innovation,director,Rotterdam,Netherlands,https://social.example/in/sem.de-boer-0785,priority,Healthcare,7200,Netherlands,import,2026-07-25,2026-08-01
con_0786,acc_071,Skyward Health,skyward-health.example,Sophie,van den Berg,sophie.van-den-berg.0786@skyward-health.example,Procurement Director,Procurement,director,Rotterdam,Netherlands,https://social.example/in/sophie.van-den-berg-0786,secondary,Healthcare,7200,Netherlands,outbound_research,2026-08-07,2026-08-06
con_0787,acc_071,Skyward Health,skyward-health.example,Fleur,Hendriks,fleur.hendriks.0787@skyward-health.example,Chief Information Officer,IT,executive,Rotterdam,Netherlands,https://social.example/in/fleur.hendriks-0787,priority,Healthcare,7200,Netherlands,website,2026-08-20,2026-08-11
con_0788,acc_071,Skyward Health,skyward-health.example,Thijs,Meijer,thijs.meijer.0788@skyward-health.example,Executive Assistant,General Management,individual_contributor,Rotterdam,Netherlands,https://social.example/in/thijs.meijer-0788,not_target,Healthcare,7200,Netherlands,event,2026-05-10,2026-08-16
con_0789,acc_071,Skyward Health,skyward-health.example,Lotte,de Vries,lotte.de-vries.0789@skyward-health.example,Director of Operations,Operations,director,Rotterdam,Netherlands,https://social.example/in/lotte.de-vries-0789,relevant,Healthcare,7200,Netherlands,referral,2026-05-23,2026-08-21
con_0790,acc_071,Skyward Health,skyward-health.example,Sem,Peters,sem.peters.0790@skyward-health.example,IT Program Manager,IT,manager,Rotterdam,Netherlands,https://social.example/in/sem.peters-0790,relevant,Healthcare,7200,Netherlands,partner,2026-06-05,2026-08-26
con_0791,acc_071,Skyward Health,skyward-health.example,Sophie,Smit,sophie.smit.0791@skyward-health.example,Head of Innovation,Innovation,director,Rotterdam,Netherlands,https://social.example/in/sophie.smit-0791,priority,Healthcare,7200,Netherlands,import,2026-06-18,2026-07-03
con_0792,acc_072,Solstice Advisory,solstice-advisory.example,Eoin,Murphy,eoin.murphy.0792@solstice-advisory.example,Procurement Director,Procurement,director,Dublin,Ireland,https://social.example/in/eoin.murphy-0792,secondary,Healthcare,32,Ireland,outbound_research,2026-07-01,2026-07-08
con_0793,acc_072,Solstice Advisory,solstice-advisory.example,Grace,Doherty,grace.doherty.0793@solstice-advisory.example,Chief Information Officer,IT,executive,Dublin,Ireland,https://social.example/in/grace.doherty-0793,priority,Healthcare,32,Ireland,website,2026-07-14,2026-07-13
con_0794,acc_072,Solstice Advisory,solstice-advisory.example,Seán,Byrne,sean.byrne.0794@solstice-advisory.example,Chief Digital Officer,Digital Transformation,executive,Dublin,Ireland,https://social.example/in/sean.byrne-0794,priority,Healthcare,32,Ireland,event,2026-07-27,2026-07-18
con_0795,acc_072,Solstice Advisory,solstice-advisory.example,Clodagh,McGrath,clodagh.mcgrath.0795@solstice-advisory.example,Director of Operations,Operations,director,Dublin,Ireland,https://social.example/in/clodagh.mcgrath-0795,relevant,Healthcare,32,Ireland,referral,2026-08-09,2026-07-23
con_0796,acc_072,Solstice Advisory,solstice-advisory.example,Cian,Gallagher,cian.gallagher.0796@solstice-advisory.example,IT Program Manager,IT,manager,Dublin,Ireland,https://social.example/in/cian.gallagher-0796,relevant,Healthcare,32,Ireland,partner,2026-08-22,2026-07-28
con_0797,acc_072,Solstice Advisory,solstice-advisory.example,Eoin,O'Brien,eoin.o-brien.0797@solstice-advisory.example,Head of Innovation,Innovation,director,Dublin,Ireland,https://social.example/in/eoin.o-brien-0797,priority,Healthcare,32,Ireland,import,2026-05-12,2026-08-02
con_0798,acc_072,Solstice Advisory,solstice-advisory.example,Grace,Moore,grace.moore.0798@solstice-advisory.example,Executive Assistant,General Management,individual_contributor,Dublin,Ireland,https://social.example/in/grace.moore-0798,not_target,Healthcare,32,Ireland,outbound_research,2026-05-25,2026-08-07
con_0799,acc_072,Solstice Advisory,solstice-advisory.example,Seán,McCarthy,sean.mccarthy.0799@solstice-advisory.example,Chief Information Officer,IT,executive,Dublin,Ireland,https://social.example/in/sean.mccarthy-0799,priority,Healthcare,32,Ireland,website,2026-06-07,2026-08-12
con_0800,acc_072,Solstice Advisory,solstice-advisory.example,Clodagh,Smith,clodagh.smith.0800@solstice-advisory.example,Chief Digital Officer,Digital Transformation,executive,Dublin,Ireland,https://social.example/in/clodagh.smith-0800,priority,Healthcare,32,Ireland,event,2026-06-20,2026-08-17
con_0801,acc_072,Solstice Advisory,solstice-advisory.example,Cian,Quinn,cian.quinn.0801@solstice-advisory.example,Director of Operations,Operations,director,Dublin,Ireland,https://social.example/in/cian.quinn-0801,relevant,Healthcare,32,Ireland,referral,2026-07-03,2026-08-22
con_0802,acc_073,Westmere Analytics,westmere-analytics.example,Emil,Hagen,emil.hagen.0802@westmere-analytics.example,Chief Operating Officer,Operations,executive,Oslo,Norway,https://social.example/in/emil.hagen-0802,priority,Logistics,340,Norway,partner,2026-07-16,2026-08-27
con_0803,acc_073,Westmere Analytics,westmere-analytics.example,Aksel,Jensen,aksel.jensen.0803@westmere-analytics.example,VP Technology,Engineering,vp,Oslo,Norway,https://social.example/in/aksel.jensen-0803,priority,Logistics,340,Norway,import,2026-07-29,2026-07-04
con_0804,acc_073,Westmere Analytics,westmere-analytics.example,Maja,Johansen,maja.johansen.0804@westmere-analytics.example,Director of Fleet Operations,Operations,director,Oslo,Norway,https://social.example/in/maja.johansen-0804,relevant,Logistics,340,Norway,outbound_research,2026-08-11,2026-07-09
con_0805,acc_073,Westmere Analytics,westmere-analytics.example,William,Haugen,william.haugen.0805@westmere-analytics.example,Head of Digital Transformation,Digital Transformation,director,Oslo,Norway,https://social.example/in/william.haugen-0805,priority,Logistics,340,Norway,website,2026-05-01,2026-07-14
con_0806,acc_073,Westmere Analytics,westmere-analytics.example,Ella,Kristiansen,ella.kristiansen.0806@westmere-analytics.example,Supply Chain Manager,Supply Chain,manager,Oslo,Norway,https://social.example/in/ella.kristiansen-0806,relevant,Logistics,340,Norway,event,2026-05-14,2026-07-19
con_0807,acc_073,Westmere Analytics,westmere-analytics.example,Emil,Hansen,emil.hansen.0807@westmere-analytics.example,IT Operations Manager,IT,manager,Oslo,Norway,https://social.example/in/emil.hansen-0807,relevant,Logistics,340,Norway,referral,2026-05-27,2026-07-24
con_0808,acc_073,Westmere Analytics,westmere-analytics.example,Aksel,Berg,aksel.berg.0808@westmere-analytics.example,Executive Assistant,General Management,individual_contributor,Oslo,Norway,https://social.example/in/aksel.berg-0808,not_target,Logistics,340,Norway,partner,2026-06-09,2026-07-29
con_0809,acc_073,Westmere Analytics,westmere-analytics.example,Maja,Nilsen,maja.nilsen.0809@westmere-analytics.example,VP Technology,Engineering,vp,Oslo,Norway,https://social.example/in/maja.nilsen-0809,priority,Logistics,340,Norway,import,2026-06-22,2026-08-03
con_0810,acc_073,Westmere Analytics,westmere-analytics.example,William,Dahl,william.dahl.0810@westmere-analytics.example,Director of Fleet Operations,Operations,director,Oslo,Norway,https://social.example/in/william.dahl-0810,relevant,Logistics,340,Norway,outbound_research,2026-07-05,2026-08-08
con_0811,acc_073,Westmere Analytics,westmere-analytics.example,Ella,Eriksen,ella.eriksen.0811@westmere-analytics.example,Head of Digital Transformation,Digital Transformation,director,Oslo,Norway,https://social.example/in/ella.eriksen-0811,priority,Logistics,340,Norway,website,2026-07-18,2026-08-13
con_0812,acc_073,Westmere Analytics,westmere-analytics.example,Emil,Pedersen,emil.pedersen.0812@westmere-analytics.example,Supply Chain Manager,Supply Chain,manager,Oslo,Norway,https://social.example/in/emil.pedersen-0812,relevant,Logistics,340,Norway,event,2026-07-31,2026-08-18
con_0813,acc_074,Yarrow Labs,yarrow-labs.example,Noah,Johnson,noah.johnson.0813@yarrow-labs.example,VP Technology,Engineering,vp,New York,United States,https://social.example/in/noah.johnson-0813,priority,Logistics,1800,United States,referral,2026-08-13,2026-08-23
con_0814,acc_074,Yarrow Labs,yarrow-labs.example,Theodore,Anderson,theodore.anderson.0814@yarrow-labs.example,Director of Fleet Operations,Operations,director,New York,United States,https://social.example/in/theodore.anderson-0814,relevant,Logistics,1800,United States,partner,2026-05-03,2026-08-28
con_0815,acc_074,Yarrow Labs,yarrow-labs.example,Harper,Davis,harper.davis.0815@yarrow-labs.example,Head of Digital Transformation,Digital Transformation,director,New York,United States,https://social.example/in/harper.davis-0815,priority,Logistics,1800,United States,import,2026-05-16,2026-07-05
con_0816,acc_074,Yarrow Labs,yarrow-labs.example,William,Smith,william.smith.0816@yarrow-labs.example,Supply Chain Manager,Supply Chain,manager,New York,United States,https://social.example/in/william.smith-0816,relevant,Logistics,1800,United States,outbound_research,2026-05-29,2026-07-10
con_0817,acc_074,Yarrow Labs,yarrow-labs.example,Sophia,Wilson,sophia.wilson.0817@yarrow-labs.example,IT Operations Manager,IT,manager,New York,United States,https://social.example/in/sophia.wilson-0817,relevant,Logistics,1800,United States,website,2026-06-11,2026-07-15
con_0818,acc_074,Yarrow Labs,yarrow-labs.example,Noah,Miller,noah.miller.0818@yarrow-labs.example,Executive Assistant,General Management,individual_contributor,New York,United States,https://social.example/in/noah.miller-0818,not_target,Logistics,1800,United States,event,2026-06-24,2026-07-20
con_0819,acc_074,Yarrow Labs,yarrow-labs.example,Theodore,Martin,theodore.martin.0819@yarrow-labs.example,VP Technology,Engineering,vp,New York,United States,https://social.example/in/theodore.martin-0819,priority,Logistics,1800,United States,referral,2026-07-07,2026-07-25
con_0820,acc_074,Yarrow Labs,yarrow-labs.example,Harper,Gonzalez,harper.gonzalez.0820@yarrow-labs.example,Director of Fleet Operations,Operations,director,New York,United States,https://social.example/in/harper.gonzalez-0820,relevant,Logistics,1800,United States,partner,2026-07-20,2026-07-30
con_0821,acc_074,Yarrow Labs,yarrow-labs.example,William,Garcia,william.garcia.0821@yarrow-labs.example,Head of Digital Transformation,Digital Transformation,director,New York,United States,https://social.example/in/william.garcia-0821,priority,Logistics,1800,United States,import,2026-08-02,2026-08-04
con_0822,acc_074,Yarrow Labs,yarrow-labs.example,Sophia,Jackson,sophia.jackson.0822@yarrow-labs.example,Supply Chain Manager,Supply Chain,manager,New York,United States,https://social.example/in/sophia.jackson-0822,relevant,Logistics,1800,United States,outbound_research,2026-08-15,2026-08-09
con_0823,acc_074,Yarrow Labs,yarrow-labs.example,Noah,Lopez,noah.lopez.0823@yarrow-labs.example,IT Operations Manager,IT,manager,New York,United States,https://social.example/in/noah.lopez-0823,relevant,Logistics,1800,United States,website,2026-05-05,2026-08-14
con_0824,acc_074,Yarrow Labs,yarrow-labs.example,Theodore,Jones,theodore.jones.0824@yarrow-labs.example,Chief Operating Officer,Operations,executive,New York,United States,https://social.example/in/theodore.jones-0824,priority,Logistics,1800,United States,event,2026-05-18,2026-08-19
con_0825,acc_075,Asterline Collective,asterline-collective.example,Mathieu,Vincent,mathieu.vincent.0825@asterline-collective.example,VP Operations,Operations,vp,Paris,France,https://social.example/in/mathieu.vincent-0825,priority,Manufacturing,7,France,referral,2026-05-31,2026-08-24
con_0826,acc_075,Asterline Collective,asterline-collective.example,Chloé,Laurent,chloe.laurent.0826@asterline-collective.example,Plant Operations Director,Operations,director,Paris,France,https://social.example/in/chloe.laurent-0826,relevant,Manufacturing,7,France,partner,2026-06-13,2026-07-01
con_0827,acc_075,Asterline Collective,asterline-collective.example,Baptiste,Robert,baptiste.robert.0827@asterline-collective.example,IT Security Manager,Security,manager,Paris,France,https://social.example/in/baptiste.robert-0827,priority,Manufacturing,7,France,import,2026-06-26,2026-07-06
con_0828,acc_075,Asterline Collective,asterline-collective.example,Inès,Roux,ines.roux.0828@asterline-collective.example,Executive Assistant,General Management,individual_contributor,Paris,France,https://social.example/in/ines.roux-0828,not_target,Manufacturing,7,France,outbound_research,2026-07-09,2026-07-11
con_0829,acc_075,Asterline Collective,asterline-collective.example,Hugo,Simon,hugo.simon.0829@asterline-collective.example,Chief Digital Officer,Digital Transformation,executive,Paris,France,https://social.example/in/hugo.simon-0829,priority,Manufacturing,7,France,website,2026-07-22,2026-07-16
con_0830,acc_075,Asterline Collective,asterline-collective.example,Mathieu,Thomas,mathieu.thomas.0830@asterline-collective.example,CIO,IT,executive,Paris,France,https://social.example/in/mathieu.thomas-0830,priority,Manufacturing,7,France,event,2026-08-04,2026-07-21
con_0831,acc_075,Asterline Collective,asterline-collective.example,Chloé,Bertrand,chloe.bertrand.0831@asterline-collective.example,VP Operations,Operations,vp,Paris,France,https://social.example/in/chloe.bertrand-0831,priority,Manufacturing,7,France,referral,2026-08-17,2026-07-26
con_0832,acc_075,Asterline Collective,asterline-collective.example,Baptiste,Moreau,baptiste.moreau.0832@asterline-collective.example,Plant Operations Director,Operations,director,Paris,France,https://social.example/in/baptiste.moreau-0832,relevant,Manufacturing,7,France,partner,2026-05-07,2026-07-31
con_0833,acc_075,Asterline Collective,asterline-collective.example,Inès,Dubois,ines.dubois.0833@asterline-collective.example,IT Security Manager,Security,manager,Paris,France,https://social.example/in/ines.dubois-0833,priority,Manufacturing,7,France,import,2026-05-20,2026-08-05
con_0834,acc_076,Bluehaven Commerce,bluehaven-commerce.example,Grace,Taylor,grace.taylor.0834@bluehaven-commerce.example,Plant Operations Director,Operations,director,Manchester,United Kingdom,https://social.example/in/grace.taylor-0834,relevant,Manufacturing,120,United Kingdom,outbound_research,2026-06-02,2026-08-10
con_0835,acc_076,Bluehaven Commerce,bluehaven-commerce.example,Arthur,White,arthur.white.0835@bluehaven-commerce.example,IT Security Manager,Security,manager,Manchester,United Kingdom,https://social.example/in/arthur.white-0835,priority,Manufacturing,120,United Kingdom,website,2026-06-15,2026-08-15
con_0836,acc_076,Bluehaven Commerce,bluehaven-commerce.example,Amelia,Thomas,amelia.thomas.0836@bluehaven-commerce.example,Continuous Improvement Manager,Operations,manager,Manchester,United Kingdom,https://social.example/in/amelia.thomas-0836,relevant,Manufacturing,120,United Kingdom,event,2026-06-28,2026-08-20
con_0837,acc_076,Bluehaven Commerce,bluehaven-commerce.example,Freya,Jones,freya.jones.0837@bluehaven-commerce.example,Chief Digital Officer,Digital Transformation,executive,Manchester,United Kingdom,https://social.example/in/freya.jones-0837,priority,Manufacturing,120,United Kingdom,referral,2026-07-11,2026-08-25
con_0838,acc_076,Bluehaven Commerce,bluehaven-commerce.example,Henry,Robinson,henry.robinson.0838@bluehaven-commerce.example,Executive Assistant,General Management,individual_contributor,Manchester,United Kingdom,https://social.example/in/henry.robinson-0838,not_target,Manufacturing,120,United Kingdom,partner,2026-07-24,2026-07-02
con_0839,acc_076,Bluehaven Commerce,bluehaven-commerce.example,Grace,Evans,grace.evans.0839@bluehaven-commerce.example,VP Operations,Operations,vp,Manchester,United Kingdom,https://social.example/in/grace.evans-0839,priority,Manufacturing,120,United Kingdom,import,2026-08-06,2026-07-07
con_0840,acc_076,Bluehaven Commerce,bluehaven-commerce.example,Arthur,Smith,arthur.smith.0840@bluehaven-commerce.example,Plant Operations Director,Operations,director,Manchester,United Kingdom,https://social.example/in/arthur.smith-0840,relevant,Manufacturing,120,United Kingdom,outbound_research,2026-08-19,2026-07-12
con_0841,acc_076,Bluehaven Commerce,bluehaven-commerce.example,Amelia,Thompson,amelia.thompson.0841@bluehaven-commerce.example,IT Security Manager,Security,manager,Manchester,United Kingdom,https://social.example/in/amelia.thompson-0841,priority,Manufacturing,120,United Kingdom,website,2026-05-09,2026-07-17
con_0842,acc_076,Bluehaven Commerce,bluehaven-commerce.example,Freya,Davies,freya.davies.0842@bluehaven-commerce.example,Continuous Improvement Manager,Operations,manager,Manchester,United Kingdom,https://social.example/in/freya.davies-0842,relevant,Manufacturing,120,United Kingdom,event,2026-05-22,2026-07-22
con_0843,acc_076,Bluehaven Commerce,bluehaven-commerce.example,Henry,Hall,henry.hall.0843@bluehaven-commerce.example,Chief Digital Officer,Digital Transformation,executive,Manchester,United Kingdom,https://social.example/in/henry.hall-0843,priority,Manufacturing,120,United Kingdom,referral,2026-06-04,2026-07-27
con_0844,acc_076,Bluehaven Commerce,bluehaven-commerce.example,Grace,Wright,grace.wright.0844@bluehaven-commerce.example,CIO,IT,executive,Manchester,United Kingdom,https://social.example/in/grace.wright-0844,priority,Manufacturing,120,United Kingdom,partner,2026-06-17,2026-08-01
con_0845,acc_077,Copperleaf Mobility,copperleaf-mobility.example,Carmen,Gómez,carmen.gomez.0845@copperleaf-mobility.example,IT Infrastructure Manager,IT,manager,Madrid,Spain,https://social.example/in/carmen.gomez-0845,relevant,Energy,760,Spain,import,2026-06-30,2026-08-06
con_0846,acc_077,Copperleaf Mobility,copperleaf-mobility.example,Daniel,Fernández,daniel.fernandez.0846@copperleaf-mobility.example,Procurement Manager,Procurement,manager,Madrid,Spain,https://social.example/in/daniel.fernandez-0846,secondary,Energy,760,Spain,outbound_research,2026-07-13,2026-08-11
con_0847,acc_077,Copperleaf Mobility,copperleaf-mobility.example,Lucía,Moreno,lucia.moreno.0847@copperleaf-mobility.example,Chief Technology Officer,Engineering,executive,Madrid,Spain,https://social.example/in/lucia.moreno-0847,priority,Energy,760,Spain,website,2026-07-26,2026-08-16
con_0848,acc_077,Copperleaf Mobility,copperleaf-mobility.example,Clara,Pérez,clara.perez.0848@copperleaf-mobility.example,Executive Assistant,General Management,individual_contributor,Madrid,Spain,https://social.example/in/clara.perez-0848,not_target,Energy,760,Spain,event,2026-08-08,2026-08-21
con_0849,acc_077,Copperleaf Mobility,copperleaf-mobility.example,Diego,García,diego.garcia.0849@copperleaf-mobility.example,Director of Asset Operations,Operations,director,Madrid,Spain,https://social.example/in/diego.garcia-0849,relevant,Energy,760,Spain,referral,2026-08-21,2026-08-26
con_0850,acc_077,Copperleaf Mobility,copperleaf-mobility.example,Carmen,Díaz,carmen.diaz.0850@copperleaf-mobility.example,Head of Innovation,Innovation,director,Madrid,Spain,https://social.example/in/carmen.diaz-0850,priority,Energy,760,Spain,partner,2026-05-11,2026-07-03
con_0851,acc_077,Copperleaf Mobility,copperleaf-mobility.example,Daniel,Sánchez,daniel.sanchez.0851@copperleaf-mobility.example,IT Infrastructure Manager,IT,manager,Madrid,Spain,https://social.example/in/daniel.sanchez-0851,relevant,Energy,760,Spain,import,2026-05-24,2026-07-08
con_0852,acc_077,Copperleaf Mobility,copperleaf-mobility.example,Lucía,Navarro,lucia.navarro.0852@copperleaf-mobility.example,Procurement Manager,Procurement,manager,Madrid,Spain,https://social.example/in/lucia.navarro-0852,secondary,Energy,760,Spain,outbound_research,2026-06-06,2026-07-13
con_0853,acc_077,Copperleaf Mobility,copperleaf-mobility.example,Clara,Hernández,clara.hernandez.0853@copperleaf-mobility.example,Chief Technology Officer,Engineering,executive,Madrid,Spain,https://social.example/in/clara.hernandez-0853,priority,Energy,760,Spain,website,2026-06-19,2026-07-18
con_0854,acc_077,Copperleaf Mobility,copperleaf-mobility.example,Diego,Martínez,diego.martinez.0854@copperleaf-mobility.example,Chief Digital Officer,Digital Transformation,executive,Madrid,Spain,https://social.example/in/diego.martinez-0854,priority,Energy,760,Spain,event,2026-07-02,2026-07-23
con_0855,acc_077,Copperleaf Mobility,copperleaf-mobility.example,Carmen,Alonso,carmen.alonso.0855@copperleaf-mobility.example,Director of Asset Operations,Operations,director,Madrid,Spain,https://social.example/in/carmen.alonso-0855,relevant,Energy,760,Spain,referral,2026-07-15,2026-07-28
con_0856,acc_077,Copperleaf Mobility,copperleaf-mobility.example,Daniel,Ruiz,daniel.ruiz.0856@copperleaf-mobility.example,Head of Innovation,Innovation,director,Madrid,Spain,https://social.example/in/daniel.ruiz-0856,priority,Energy,760,Spain,partner,2026-07-28,2026-08-02
con_0857,acc_078,Deltaforge Services,deltaforge-services.example,Matteo,Romano,matteo.romano.0857@deltaforge-services.example,Procurement Manager,Procurement,manager,Turin,Italy,https://social.example/in/matteo.romano-0857,secondary,Energy,7200,Italy,import,2026-08-10,2026-08-07
con_0858,acc_078,Deltaforge Services,deltaforge-services.example,Alessandro,Lombardi,alessandro.lombardi.0858@deltaforge-services.example,Executive Assistant,General Management,individual_contributor,Turin,Italy,https://social.example/in/alessandro.lombardi-0858,not_target,Energy,7200,Italy,outbound_research,2026-08-23,2026-08-12
con_0859,acc_078,Deltaforge Services,deltaforge-services.example,Beatrice,Gallo,beatrice.gallo.0859@deltaforge-services.example,Chief Digital Officer,Digital Transformation,executive,Turin,Italy,https://social.example/in/beatrice.gallo-0859,priority,Energy,7200,Italy,website,2026-05-13,2026-08-17
con_0860,acc_078,Deltaforge Services,deltaforge-services.example,Gabriele,Bianchi,gabriele.bianchi.0860@deltaforge-services.example,Director of Asset Operations,Operations,director,Turin,Italy,https://social.example/in/gabriele.bianchi-0860,relevant,Energy,7200,Italy,event,2026-05-26,2026-08-22
con_0861,acc_078,Deltaforge Services,deltaforge-services.example,Aurora,Rizzo,aurora.rizzo.0861@deltaforge-services.example,Head of Innovation,Innovation,director,Turin,Italy,https://social.example/in/aurora.rizzo-0861,priority,Energy,7200,Italy,referral,2026-06-08,2026-08-27
con_0862,acc_078,Deltaforge Services,deltaforge-services.example,Matteo,Bruno,matteo.bruno.0862@deltaforge-services.example,IT Infrastructure Manager,IT,manager,Turin,Italy,https://social.example/in/matteo.bruno-0862,relevant,Energy,7200,Italy,partner,2026-06-21,2026-07-04
con_0863,acc_078,Deltaforge Services,deltaforge-services.example,Alessandro,Esposito,alessandro.esposito.0863@deltaforge-services.example,Procurement Manager,Procurement,manager,Turin,Italy,https://social.example/in/alessandro.esposito-0863,secondary,Energy,7200,Italy,import,2026-07-04,2026-07-09
con_0864,acc_078,Deltaforge Services,deltaforge-services.example,Beatrice,Giordano,beatrice.giordano.0864@deltaforge-services.example,Chief Technology Officer,Engineering,executive,Turin,Italy,https://social.example/in/beatrice.giordano-0864,priority,Energy,7200,Italy,outbound_research,2026-07-17,2026-07-14
con_0865,acc_078,Deltaforge Services,deltaforge-services.example,Gabriele,Greco,gabriele.greco.0865@deltaforge-services.example,Chief Digital Officer,Digital Transformation,executive,Turin,Italy,https://social.example/in/gabriele.greco-0865,priority,Energy,7200,Italy,website,2026-07-30,2026-07-19
con_0866,acc_078,Deltaforge Services,deltaforge-services.example,Aurora,Ferrari,aurora.ferrari.0866@deltaforge-services.example,Director of Asset Operations,Operations,director,Turin,Italy,https://social.example/in/aurora.ferrari-0866,relevant,Energy,7200,Italy,event,2026-08-12,2026-07-24
con_0867,acc_078,Deltaforge Services,deltaforge-services.example,Matteo,Costa,matteo.costa.0867@deltaforge-services.example,Head of Innovation,Innovation,director,Turin,Italy,https://social.example/in/matteo.costa-0867,priority,Energy,7200,Italy,referral,2026-05-02,2026-07-29
con_0868,acc_078,Deltaforge Services,deltaforge-services.example,Alessandro,Marino,alessandro.marino.0868@deltaforge-services.example,IT Infrastructure Manager,IT,manager,Turin,Italy,https://social.example/in/alessandro.marino-0868,relevant,Energy,7200,Italy,partner,2026-05-15,2026-08-03
con_0869,acc_078,Deltaforge Services,deltaforge-services.example,Beatrice,Russo,beatrice.russo.0869@deltaforge-services.example,Executive Assistant,General Management,individual_contributor,Turin,Italy,https://social.example/in/beatrice.russo-0869,not_target,Energy,7200,Italy,import,2026-05-28,2026-08-08
con_0870,acc_079,Emberfield Works,emberfield-works.example,Ella,Hansson,ella.hansson.0870@emberfield-works.example,Marketing Operations Manager,Marketing Operations,manager,Stockholm,Sweden,https://social.example/in/ella.hansson-0870,relevant,Education,32,Sweden,outbound_research,2026-06-10,2026-08-13
con_0871,acc_079,Emberfield Works,emberfield-works.example,Noah,Olsson,noah.olsson.0871@emberfield-works.example,Product Manager,Product,manager,Stockholm,Sweden,https://social.example/in/noah.olsson-0871,secondary,Education,32,Sweden,website,2026-06-23,2026-08-18
con_0872,acc_079,Emberfield Works,emberfield-works.example,Astrid,Lindström,astrid.lindstrom.0872@emberfield-works.example,Chief Operating Officer,Operations,executive,Stockholm,Sweden,https://social.example/in/astrid.lindstrom-0872,relevant,Education,32,Sweden,event,2026-07-06,2026-08-23
con_0873,acc_079,Emberfield Works,emberfield-works.example,Nora,Jansson,nora.jansson.0873@emberfield-works.example,Head of Digital Learning,Digital Transformation,director,Stockholm,Sweden,https://social.example/in/nora.jansson-0873,relevant,Education,32,Sweden,referral,2026-07-19,2026-08-28
con_0874,acc_079,Emberfield Works,emberfield-works.example,Oscar,Larsson,oscar.larsson.0874@emberfield-works.example,Director of IT,IT,director,Stockholm,Sweden,https://social.example/in/oscar.larsson-0874,priority,Education,32,Sweden,partner,2026-08-01,2026-07-05
con_0875,acc_079,Emberfield Works,emberfield-works.example,Ella,Lundberg,ella.lundberg.0875@emberfield-works.example,Marketing Operations Manager,Marketing Operations,manager,Stockholm,Sweden,https://social.example/in/ella.lundberg-0875,relevant,Education,32,Sweden,import,2026-08-14,2026-07-10
con_0876,acc_079,Emberfield Works,emberfield-works.example,Noah,Jonsson,noah.jonsson.0876@emberfield-works.example,Product Manager,Product,manager,Stockholm,Sweden,https://social.example/in/noah.jonsson-0876,secondary,Education,32,Sweden,outbound_research,2026-05-04,2026-07-15
con_0877,acc_079,Emberfield Works,emberfield-works.example,Astrid,Eriksson,astrid.eriksson.0877@emberfield-works.example,Chief Operating Officer,Operations,executive,Stockholm,Sweden,https://social.example/in/astrid.eriksson-0877,relevant,Education,32,Sweden,website,2026-05-17,2026-07-20
con_0878,acc_079,Emberfield Works,emberfield-works.example,Nora,Magnusson,nora.magnusson.0878@emberfield-works.example,Head of Digital Learning,Digital Transformation,director,Stockholm,Sweden,https://social.example/in/nora.magnusson-0878,relevant,Education,32,Sweden,event,2026-05-30,2026-07-25
con_0879,acc_079,Emberfield Works,emberfield-works.example,Oscar,Pettersson,oscar.pettersson.0879@emberfield-works.example,Executive Assistant,General Management,individual_contributor,Stockholm,Sweden,https://social.example/in/oscar.pettersson-0879,not_target,Education,32,Sweden,referral,2026-06-12,2026-07-30
con_0880,acc_080,Fableworks Networks,fableworks-networks.example,Michał,Zieliński,micha.zielinski.0880@fableworks-networks.example,IT Manager,IT,manager,Warsaw,Poland,https://social.example/in/micha.zielinski-0880,secondary,Media,340,Poland,partner,2026-06-25,2026-08-04
con_0881,acc_080,Fableworks Networks,fableworks-networks.example,Alicja,Kowalski,alicja.kowalski.0881@fableworks-networks.example,Chief Operating Officer,Operations,executive,Warsaw,Poland,https://social.example/in/alicja.kowalski-0881,relevant,Media,340,Poland,import,2026-07-08,2026-08-09
con_0882,acc_080,Fableworks Networks,fableworks-networks.example,Szymon,Kwiatkowski,szymon.kwiatkowski.0882@fableworks-networks.example,Head of Digital Product,Product,director,Warsaw,Poland,https://social.example/in/szymon.kwiatkowski-0882,relevant,Media,340,Poland,outbound_research,2026-07-21,2026-08-14
con_0883,acc_080,Fableworks Networks,fableworks-networks.example,Maja,Dąbrowski,maja.dabrowski.0883@fableworks-networks.example,Audience Development Director,Growth,director,Warsaw,Poland,https://social.example/in/maja.dabrowski-0883,relevant,Media,340,Poland,website,2026-08-03,2026-08-19
con_0884,acc_080,Fableworks Networks,fableworks-networks.example,Jakub,Nowak,jakub.nowak.0884@fableworks-networks.example,Marketing Operations Manager,Marketing Operations,manager,Warsaw,Poland,https://social.example/in/jakub.nowak-0884,relevant,Media,340,Poland,event,2026-08-16,2026-08-24
con_0885,acc_080,Fableworks Networks,fableworks-networks.example,Michał,Mazur,micha.mazur.0885@fableworks-networks.example,IT Manager,IT,manager,Warsaw,Poland,https://social.example/in/micha.mazur-0885,secondary,Media,340,Poland,referral,2026-05-06,2026-07-01
con_0886,acc_080,Fableworks Networks,fableworks-networks.example,Alicja,Lewandowski,alicja.lewandowski.0886@fableworks-networks.example,Chief Operating Officer,Operations,executive,Warsaw,Poland,https://social.example/in/alicja.lewandowski-0886,relevant,Media,340,Poland,partner,2026-05-19,2026-07-06
con_0887,acc_080,Fableworks Networks,fableworks-networks.example,Szymon,Michalski,szymon.michalski.0887@fableworks-networks.example,Head of Digital Product,Product,director,Warsaw,Poland,https://social.example/in/szymon.michalski-0887,relevant,Media,340,Poland,import,2026-06-01,2026-07-11
con_0888,acc_080,Fableworks Networks,fableworks-networks.example,Maja,Jankowski,maja.jankowski.0888@fableworks-networks.example,Audience Development Director,Growth,director,Warsaw,Poland,https://social.example/in/maja.jankowski-0888,relevant,Media,340,Poland,outbound_research,2026-06-14,2026-07-16
con_0889,acc_080,Fableworks Networks,fableworks-networks.example,Jakub,Kamiński,jakub.kaminski.0889@fableworks-networks.example,Executive Assistant,General Management,individual_contributor,Warsaw,Poland,https://social.example/in/jakub.kaminski-0889,not_target,Media,340,Poland,website,2026-06-27,2026-07-21
con_0890,acc_080,Fableworks Networks,fableworks-networks.example,Michał,Pawłowski,micha.pawowski.0890@fableworks-networks.example,IT Manager,IT,manager,Warsaw,Poland,https://social.example/in/micha.pawowski-0890,secondary,Media,340,Poland,event,2026-07-10,2026-07-26
con_0891,acc_081,Graniteway Industries,graniteway-industries.example,Theo,Bouchard,theo.bouchard.0891@graniteway-industries.example,Chief Operating Officer,Operations,executive,Toronto,Canada,https://social.example/in/theo.bouchard-0891,priority,Professional services,1800,Canada,referral,2026-07-23,2026-07-31
con_0892,acc_081,Graniteway Industries,graniteway-industries.example,Chloe,Wilson,chloe.wilson.0892@graniteway-industries.example,Director of Business Development,Business Development,director,Toronto,Canada,https://social.example/in/chloe.wilson-0892,relevant,Professional services,1800,Canada,partner,2026-08-05,2026-08-05
con_0893,acc_081,Graniteway Industries,graniteway-industries.example,Ethan,Smith,ethan.smith.0893@graniteway-industries.example,Marketing Operations Manager,Marketing Operations,manager,Toronto,Canada,https://social.example/in/ethan.smith-0893,relevant,Professional services,1800,Canada,import,2026-08-18,2026-08-10
con_0894,acc_081,Graniteway Industries,graniteway-industries.example,Emma,Thompson,emma.thompson.0894@graniteway-industries.example,IT Director,IT,director,Toronto,Canada,https://social.example/in/emma.thompson-0894,priority,Professional services,1800,Canada,outbound_research,2026-05-08,2026-08-15
con_0895,acc_081,Graniteway Industries,graniteway-industries.example,Oliver,Lee,oliver.lee.0895@graniteway-industries.example,Managing Partner,General Management,executive,Toronto,Canada,https://social.example/in/oliver.lee-0895,relevant,Professional services,1800,Canada,website,2026-05-21,2026-08-20
con_0896,acc_081,Graniteway Industries,graniteway-industries.example,Theo,Clark,theo.clark.0896@graniteway-industries.example,"Partner, Operations Transformation",Consulting,executive,Toronto,Canada,https://social.example/in/theo.clark-0896,priority,Professional services,1800,Canada,event,2026-06-03,2026-08-25
con_0897,acc_081,Graniteway Industries,graniteway-industries.example,Chloe,Anderson,chloe.anderson.0897@graniteway-industries.example,Chief Operating Officer,Operations,executive,Toronto,Canada,https://social.example/in/chloe.anderson-0897,priority,Professional services,1800,Canada,referral,2026-06-16,2026-07-02
con_0898,acc_081,Graniteway Industries,graniteway-industries.example,Ethan,Gagnon,ethan.gagnon.0898@graniteway-industries.example,Director of Business Development,Business Development,director,Toronto,Canada,https://social.example/in/ethan.gagnon-0898,relevant,Professional services,1800,Canada,partner,2026-06-29,2026-07-07
con_0899,acc_081,Graniteway Industries,graniteway-industries.example,Emma,White,emma.white.0899@graniteway-industries.example,Executive Assistant,General Management,individual_contributor,Toronto,Canada,https://social.example/in/emma.white-0899,not_target,Professional services,1800,Canada,import,2026-07-12,2026-07-12
con_0900,acc_081,Graniteway Industries,graniteway-industries.example,Oliver,Campbell,oliver.campbell.0900@graniteway-industries.example,IT Director,IT,director,Toronto,Canada,https://social.example/in/oliver.campbell-0900,priority,Professional services,1800,Canada,outbound_research,2026-07-25,2026-07-17
con_0901,acc_081,Graniteway Industries,graniteway-industries.example,Theo,Roy,theo.roy.0901@graniteway-industries.example,Managing Partner,General Management,executive,Toronto,Canada,https://social.example/in/theo.roy-0901,relevant,Professional services,1800,Canada,website,2026-08-07,2026-07-22
con_0902,acc_081,Graniteway Industries,graniteway-industries.example,Chloe,Miller,chloe.miller.0902@graniteway-industries.example,"Partner, Operations Transformation",Consulting,executive,Toronto,Canada,https://social.example/in/chloe.miller-0902,priority,Professional services,1800,Canada,event,2026-08-20,2026-07-27
con_0903,acc_082,Juniperlane Energy,juniperlane-energy.example,Sophia,Yap,sophia.yap.0903@juniperlane-energy.example,Director of Business Development,Business Development,director,Singapore,Singapore,https://social.example/in/sophia.yap-0903,relevant,Professional services,7,Singapore,referral,2026-05-10,2026-08-01
con_0904,acc_082,Juniperlane Energy,juniperlane-energy.example,Daniel,Wong,daniel.wong.0904@juniperlane-energy.example,Marketing Operations Manager,Marketing Operations,manager,Singapore,Singapore,https://social.example/in/daniel.wong-0904,relevant,Professional services,7,Singapore,partner,2026-05-23,2026-08-06
con_0905,acc_082,Juniperlane Energy,juniperlane-energy.example,Chloe,Seah,chloe.seah.0905@juniperlane-energy.example,IT Director,IT,director,Singapore,Singapore,https://social.example/in/chloe.seah-0905,priority,Professional services,7,Singapore,import,2026-06-05,2026-08-11
con_0906,acc_082,Juniperlane Energy,juniperlane-energy.example,Nadia,Teo,nadia.teo.0906@juniperlane-energy.example,Managing Partner,General Management,executive,Singapore,Singapore,https://social.example/in/nadia.teo-0906,relevant,Professional services,7,Singapore,outbound_research,2026-06-18,2026-08-16
con_0907,acc_082,Juniperlane Energy,juniperlane-energy.example,Nathan,Ng,nathan.ng.0907@juniperlane-energy.example,"Partner, Operations Transformation",Consulting,executive,Singapore,Singapore,https://social.example/in/nathan.ng-0907,priority,Professional services,7,Singapore,website,2026-07-01,2026-08-21
con_0908,acc_082,Juniperlane Energy,juniperlane-energy.example,Sophia,Loh,sophia.loh.0908@juniperlane-energy.example,Chief Operating Officer,Operations,executive,Singapore,Singapore,https://social.example/in/sophia.loh-0908,priority,Professional services,7,Singapore,event,2026-07-14,2026-08-26
con_0909,acc_082,Juniperlane Energy,juniperlane-energy.example,Daniel,Koh,daniel.koh.0909@juniperlane-energy.example,Executive Assistant,General Management,individual_contributor,Singapore,Singapore,https://social.example/in/daniel.koh-0909,not_target,Professional services,7,Singapore,referral,2026-07-27,2026-07-03
con_0910,acc_082,Juniperlane Energy,juniperlane-energy.example,Chloe,Lee,chloe.lee.0910@juniperlane-energy.example,Marketing Operations Manager,Marketing Operations,manager,Singapore,Singapore,https://social.example/in/chloe.lee-0910,relevant,Professional services,7,Singapore,partner,2026-08-09,2026-07-08
con_0911,acc_082,Juniperlane Energy,juniperlane-energy.example,Nadia,Ang,nadia.ang.0911@juniperlane-energy.example,IT Director,IT,director,Singapore,Singapore,https://social.example/in/nadia.ang-0911,priority,Professional services,7,Singapore,import,2026-08-22,2026-07-13
con_0912,acc_083,Latticepoint Cloud,latticepoint-cloud.example,Louis,David,louis.david.0912@latticepoint-cloud.example,Head of Digital,Digital Transformation,director,Nantes,France,https://social.example/in/louis.david-0912,relevant,Travel,120,France,outbound_research,2026-05-12,2026-07-18
con_0913,acc_083,Latticepoint Cloud,latticepoint-cloud.example,Gabriel,Leroy,gabriel.leroy.0913@latticepoint-cloud.example,Revenue Operations Manager,RevOps,manager,Nantes,France,https://social.example/in/gabriel.leroy-0913,relevant,Travel,120,France,website,2026-05-25,2026-07-23
con_0914,acc_083,Latticepoint Cloud,latticepoint-cloud.example,Amélie,Martin,amelie.martin.0914@latticepoint-cloud.example,IT Manager,IT,manager,Nantes,France,https://social.example/in/amelie.martin-0914,secondary,Travel,120,France,event,2026-06-07,2026-07-28
con_0915,acc_083,Latticepoint Cloud,latticepoint-cloud.example,Maxime,Garcia,maxime.garcia.0915@latticepoint-cloud.example,Chief Operating Officer,Operations,executive,Nantes,France,https://social.example/in/maxime.garcia-0915,relevant,Travel,120,France,referral,2026-06-20,2026-08-02
con_0916,acc_083,Latticepoint Cloud,latticepoint-cloud.example,Léa,Durand,lea.durand.0916@latticepoint-cloud.example,VP Product,Product,vp,Nantes,France,https://social.example/in/lea.durand-0916,relevant,Travel,120,France,partner,2026-07-03,2026-08-07
con_0917,acc_083,Latticepoint Cloud,latticepoint-cloud.example,Louis,Bernard,louis.bernard.0917@latticepoint-cloud.example,Head of Digital,Digital Transformation,director,Nantes,France,https://social.example/in/louis.bernard-0917,relevant,Travel,120,France,import,2026-07-16,2026-08-12
con_0918,acc_083,Latticepoint Cloud,latticepoint-cloud.example,Gabriel,Michel,gabriel.michel.0918@latticepoint-cloud.example,Revenue Operations Manager,RevOps,manager,Nantes,France,https://social.example/in/gabriel.michel-0918,relevant,Travel,120,France,outbound_research,2026-07-29,2026-08-17
con_0919,acc_083,Latticepoint Cloud,latticepoint-cloud.example,Amélie,Petit,amelie.petit.0919@latticepoint-cloud.example,Executive Assistant,General Management,individual_contributor,Nantes,France,https://social.example/in/amelie.petit-0919,not_target,Travel,120,France,website,2026-08-11,2026-08-22
con_0920,acc_083,Latticepoint Cloud,latticepoint-cloud.example,Maxime,Fournier,maxime.fournier.0920@latticepoint-cloud.example,Chief Operating Officer,Operations,executive,Nantes,France,https://social.example/in/maxime.fournier-0920,relevant,Travel,120,France,event,2026-05-01,2026-08-27
con_0921,acc_083,Latticepoint Cloud,latticepoint-cloud.example,Léa,Lefebvre,lea.lefebvre.0921@latticepoint-cloud.example,VP Product,Product,vp,Nantes,France,https://social.example/in/lea.lefebvre-0921,relevant,Travel,120,France,referral,2026-05-14,2026-07-04
con_0922,acc_083,Latticepoint Cloud,latticepoint-cloud.example,Louis,Richard,louis.richard.0922@latticepoint-cloud.example,Head of Digital,Digital Transformation,director,Nantes,France,https://social.example/in/louis.richard-0922,relevant,Travel,120,France,partner,2026-05-27,2026-07-09
con_0923,acc_084,Meadowcrest Systems,meadowcrest-systems.example,Leon,Schmidt,leon.schmidt.0923@meadowcrest-systems.example,Supply Chain Manager,Supply Chain,manager,Munich,Germany,https://social.example/in/leon.schmidt-0923,relevant,Agriculture,760,Germany,import,2026-06-09,2026-07-14
con_0924,acc_084,Meadowcrest Systems,meadowcrest-systems.example,Moritz,Wolf,moritz.wolf.0924@meadowcrest-systems.example,Innovation Manager,Innovation,manager,Munich,Germany,https://social.example/in/moritz.wolf-0924,relevant,Agriculture,760,Germany,outbound_research,2026-06-22,2026-07-19
con_0925,acc_084,Meadowcrest Systems,meadowcrest-systems.example,Laura,Becker,laura.becker.0925@meadowcrest-systems.example,Chief Operating Officer,Operations,executive,Munich,Germany,https://social.example/in/laura.becker-0925,relevant,Agriculture,760,Germany,website,2026-07-05,2026-07-24
con_0926,acc_084,Meadowcrest Systems,meadowcrest-systems.example,Jonas,Müller,jonas.muller.0926@meadowcrest-systems.example,Head of Technology,Engineering,director,Munich,Germany,https://social.example/in/jonas.muller-0926,priority,Agriculture,760,Germany,event,2026-07-18,2026-07-29
con_0927,acc_084,Meadowcrest Systems,meadowcrest-systems.example,Lena,Klein,lena.klein.0927@meadowcrest-systems.example,Director of Digital Transformation,Digital Transformation,director,Munich,Germany,https://social.example/in/lena.klein-0927,priority,Agriculture,760,Germany,referral,2026-07-31,2026-08-03
con_0928,acc_084,Meadowcrest Systems,meadowcrest-systems.example,Leon,Wagner,leon.wagner.0928@meadowcrest-systems.example,Supply Chain Manager,Supply Chain,manager,Munich,Germany,https://social.example/in/leon.wagner-0928,relevant,Agriculture,760,Germany,partner,2026-08-13,2026-08-08
con_0929,acc_084,Meadowcrest Systems,meadowcrest-systems.example,Moritz,Braun,moritz.braun.0929@meadowcrest-systems.example,Executive Assistant,General Management,individual_contributor,Munich,Germany,https://social.example/in/moritz.braun-0929,not_target,Agriculture,760,Germany,import,2026-05-03,2026-08-13
con_0930,acc_084,Meadowcrest Systems,meadowcrest-systems.example,Laura,Richter,laura.richter.0930@meadowcrest-systems.example,Chief Operating Officer,Operations,executive,Munich,Germany,https://social.example/in/laura.richter-0930,relevant,Agriculture,760,Germany,outbound_research,2026-05-16,2026-08-18
con_0931,acc_084,Meadowcrest Systems,meadowcrest-systems.example,Jonas,Meyer,jonas.meyer.0931@meadowcrest-systems.example,Head of Technology,Engineering,director,Munich,Germany,https://social.example/in/jonas.meyer-0931,priority,Agriculture,760,Germany,website,2026-05-29,2026-08-23
con_0932,acc_084,Meadowcrest Systems,meadowcrest-systems.example,Lena,Zimmermann,lena.zimmermann.0932@meadowcrest-systems.example,Director of Digital Transformation,Digital Transformation,director,Munich,Germany,https://social.example/in/lena.zimmermann-0932,priority,Agriculture,760,Germany,event,2026-06-11,2026-08-28
con_0933,acc_084,Meadowcrest Systems,meadowcrest-systems.example,Leon,Bauer,leon.bauer.0933@meadowcrest-systems.example,Supply Chain Manager,Supply Chain,manager,Munich,Germany,https://social.example/in/leon.bauer-0933,relevant,Agriculture,760,Germany,referral,2026-06-24,2026-07-05
con_0934,acc_084,Meadowcrest Systems,meadowcrest-systems.example,Moritz,Weber,moritz.weber.0934@meadowcrest-systems.example,Innovation Manager,Innovation,manager,Munich,Germany,https://social.example/in/moritz.weber-0934,relevant,Agriculture,760,Germany,partner,2026-07-07,2026-07-10
con_0935,acc_085,Northstar Digital,northstar-digital.example,Davide,Lombardi,davide.lombardi.0935@northstar-digital.example,Digital Services Director,Digital Transformation,director,Milan,Italy,https://social.example/in/davide.lombardi-0935,priority,Public sector,7200,Italy,import,2026-07-20,2026-07-15
con_0936,acc_085,Northstar Digital,northstar-digital.example,Martina,Gallo,martina.gallo.0936@northstar-digital.example,Director of Innovation Programs,Innovation,director,Milan,Italy,https://social.example/in/martina.gallo-0936,priority,Public sector,7200,Italy,outbound_research,2026-08-02,2026-07-20
con_0937,acc_085,Northstar Digital,northstar-digital.example,Andrea,Bianchi,andrea.bianchi.0937@northstar-digital.example,Chief Information Officer,IT,executive,Milan,Italy,https://social.example/in/andrea.bianchi-0937,priority,Public sector,7200,Italy,website,2026-08-15,2026-07-25
con_0938,acc_085,Northstar Digital,northstar-digital.example,Francesca,Rizzo,francesca.rizzo.0938@northstar-digital.example,Head of Procurement,Procurement,director,Milan,Italy,https://social.example/in/francesca.rizzo-0938,secondary,Public sector,7200,Italy,event,2026-05-05,2026-07-30
con_0939,acc_085,Northstar Digital,northstar-digital.example,Lorenzo,Bruno,lorenzo.bruno.0939@northstar-digital.example,Executive Assistant,General Management,individual_contributor,Milan,Italy,https://social.example/in/lorenzo.bruno-0939,not_target,Public sector,7200,Italy,referral,2026-05-18,2026-08-04
con_0940,acc_085,Northstar Digital,northstar-digital.example,Davide,Esposito,davide.esposito.0940@northstar-digital.example,Digital Services Director,Digital Transformation,director,Milan,Italy,https://social.example/in/davide.esposito-0940,priority,Public sector,7200,Italy,partner,2026-05-31,2026-08-09
con_0941,acc_085,Northstar Digital,northstar-digital.example,Martina,Giordano,martina.giordano.0941@northstar-digital.example,Director of Innovation Programs,Innovation,director,Milan,Italy,https://social.example/in/martina.giordano-0941,priority,Public sector,7200,Italy,import,2026-06-13,2026-08-14
con_0942,acc_085,Northstar Digital,northstar-digital.example,Andrea,Greco,andrea.greco.0942@northstar-digital.example,Chief Information Officer,IT,executive,Milan,Italy,https://social.example/in/andrea.greco-0942,priority,Public sector,7200,Italy,outbound_research,2026-06-26,2026-08-19
con_0943,acc_085,Northstar Digital,northstar-digital.example,Francesca,Ferrari,francesca.ferrari.0943@northstar-digital.example,Head of Procurement,Procurement,director,Milan,Italy,https://social.example/in/francesca.ferrari-0943,secondary,Public sector,7200,Italy,website,2026-07-09,2026-08-24
con_0944,acc_085,Northstar Digital,northstar-digital.example,Lorenzo,Costa,lorenzo.costa.0944@northstar-digital.example,Program Operations Manager,Operations,manager,Milan,Italy,https://social.example/in/lorenzo.costa-0944,relevant,Public sector,7200,Italy,event,2026-07-22,2026-07-01
con_0945,acc_085,Northstar Digital,northstar-digital.example,Davide,Marino,davide.marino.0945@northstar-digital.example,Digital Services Director,Digital Transformation,director,Milan,Italy,https://social.example/in/davide.marino-0945,priority,Public sector,7200,Italy,referral,2026-08-04,2026-07-06
con_0946,acc_085,Northstar Digital,northstar-digital.example,Martina,Russo,martina.russo.0946@northstar-digital.example,Director of Innovation Programs,Innovation,director,Milan,Italy,https://social.example/in/martina.russo-0946,priority,Public sector,7200,Italy,partner,2026-08-17,2026-07-11
con_0947,acc_085,Northstar Digital,northstar-digital.example,Andrea,Mancini,andrea.mancini.0947@northstar-digital.example,Chief Information Officer,IT,executive,Milan,Italy,https://social.example/in/andrea.mancini-0947,priority,Public sector,7200,Italy,import,2026-05-07,2026-07-16
con_0948,acc_086,Orbitwell Platforms,orbitwell-platforms.example,Victor,Claes,victor.claes.0948@orbitwell-platforms.example,Chief Operating Officer,Operations,executive,Brussels,Belgium,https://social.example/in/victor.claes-0948,relevant,Nonprofit,32,Belgium,outbound_research,2026-05-20,2026-07-21
con_0949,acc_086,Orbitwell Platforms,orbitwell-platforms.example,Louise,Dubois,louise.dubois.0949@orbitwell-platforms.example,Executive Assistant,General Management,individual_contributor,Brussels,Belgium,https://social.example/in/louise.dubois-0949,not_target,Nonprofit,32,Belgium,website,2026-06-02,2026-07-26
con_0950,acc_086,Orbitwell Platforms,orbitwell-platforms.example,Charlotte,Vandenberghe,charlotte.vandenberghe.0950@orbitwell-platforms.example,Head of Digital Transformation,Digital Transformation,director,Brussels,Belgium,https://social.example/in/charlotte.vandenberghe-0950,priority,Nonprofit,32,Belgium,event,2026-06-15,2026-07-31
con_0951,acc_086,Orbitwell Platforms,orbitwell-platforms.example,Jules,Willems,jules.willems.0951@orbitwell-platforms.example,Partnerships Manager,Partnerships,manager,Brussels,Belgium,https://social.example/in/jules.willems-0951,relevant,Nonprofit,32,Belgium,referral,2026-06-28,2026-08-05
con_0952,acc_086,Orbitwell Platforms,orbitwell-platforms.example,Jules,Martin,jules.martin.0952@orbitwell-platforms.example,IT Manager,IT,manager,Brussels,Belgium,https://social.example/in/jules.martin-0952,secondary,Nonprofit,32,Belgium,partner,2026-07-11,2026-08-10
con_0953,acc_086,Orbitwell Platforms,orbitwell-platforms.example,Victor,Vermeulen,victor.vermeulen.0953@orbitwell-platforms.example,Chief Operating Officer,Operations,executive,Brussels,Belgium,https://social.example/in/victor.vermeulen-0953,relevant,Nonprofit,32,Belgium,import,2026-07-24,2026-08-15
con_0954,acc_086,Orbitwell Platforms,orbitwell-platforms.example,Louise,Mertens,louise.mertens.0954@orbitwell-platforms.example,Director of Programs,Programs,director,Brussels,Belgium,https://social.example/in/louise.mertens-0954,relevant,Nonprofit,32,Belgium,outbound_research,2026-08-06,2026-08-20
con_0955,acc_086,Orbitwell Platforms,orbitwell-platforms.example,Charlotte,Leroy,charlotte.leroy.0955@orbitwell-platforms.example,Head of Digital Transformation,Digital Transformation,director,Brussels,Belgium,https://social.example/in/charlotte.leroy-0955,priority,Nonprofit,32,Belgium,website,2026-08-19,2026-08-25
con_0956,acc_086,Orbitwell Platforms,orbitwell-platforms.example,Jules,De Vos,jules.de-vos.0956@orbitwell-platforms.example,Partnerships Manager,Partnerships,manager,Brussels,Belgium,https://social.example/in/jules.de-vos-0956,relevant,Nonprofit,32,Belgium,event,2026-05-09,2026-07-02
con_0957,acc_086,Orbitwell Platforms,orbitwell-platforms.example,Jules,Jacobs,jules.jacobs.0957@orbitwell-platforms.example,IT Manager,IT,manager,Brussels,Belgium,https://social.example/in/jules.jacobs-0957,secondary,Nonprofit,32,Belgium,referral,2026-05-22,2026-07-07
con_0958,acc_087,Pinebridge Health,pinebridge-health.example,Carolina,Santos,carolina.santos.0958@pinebridge-health.example,Head of Risk,Risk,director,Lisbon,Portugal,https://social.example/in/carolina.santos-0958,relevant,Financial technology,340,Portugal,partner,2026-06-04,2026-07-12
con_0959,acc_087,Pinebridge Health,pinebridge-health.example,Miguel,Marques,miguel.marques.0959@pinebridge-health.example,Executive Assistant,General Management,individual_contributor,Lisbon,Portugal,https://social.example/in/miguel.marques-0959,not_target,Financial technology,340,Portugal,import,2026-06-17,2026-07-17
con_0960,acc_087,Pinebridge Health,pinebridge-health.example,Matilde,Martins,matilde.martins.0960@pinebridge-health.example,Product Operations Manager,Product Operations,manager,Lisbon,Portugal,https://social.example/in/matilde.martins-0960,relevant,Financial technology,340,Portugal,outbound_research,2026-06-30,2026-07-22
con_0961,acc_087,Pinebridge Health,pinebridge-health.example,Sofia,Silva,sofia.silva.0961@pinebridge-health.example,Chief Financial Officer,Finance,executive,Lisbon,Portugal,https://social.example/in/sofia.silva-0961,relevant,Financial technology,340,Portugal,website,2026-07-13,2026-07-27
con_0962,acc_087,Pinebridge Health,pinebridge-health.example,Gonçalo,Lopes,goncalo.lopes.0962@pinebridge-health.example,Chief Information Officer,IT,executive,Lisbon,Portugal,https://social.example/in/goncalo.lopes-0962,priority,Financial technology,340,Portugal,event,2026-07-26,2026-08-01
con_0963,acc_087,Pinebridge Health,pinebridge-health.example,Carolina,Rodrigues,carolina.rodrigues.0963@pinebridge-health.example,VP Engineering,Engineering,vp,Lisbon,Portugal,https://social.example/in/carolina.rodrigues-0963,priority,Financial technology,340,Portugal,referral,2026-08-08,2026-08-06
con_0964,acc_087,Pinebridge Health,pinebridge-health.example,Miguel,Teixeira,miguel.teixeira.0964@pinebridge-health.example,Head of Risk,Risk,director,Lisbon,Portugal,https://social.example/in/miguel.teixeira-0964,relevant,Financial technology,340,Portugal,partner,2026-08-21,2026-08-11
con_0965,acc_087,Pinebridge Health,pinebridge-health.example,Matilde,Gomes,matilde.gomes.0965@pinebridge-health.example,Revenue Operations Director,RevOps,director,Lisbon,Portugal,https://social.example/in/matilde.gomes-0965,priority,Financial technology,340,Portugal,import,2026-05-11,2026-08-16
con_0966,acc_087,Pinebridge Health,pinebridge-health.example,Sofia,Costa,sofia.costa.0966@pinebridge-health.example,Product Operations Manager,Product Operations,manager,Lisbon,Portugal,https://social.example/in/sofia.costa-0966,relevant,Financial technology,340,Portugal,outbound_research,2026-05-24,2026-08-21
con_0967,acc_087,Pinebridge Health,pinebridge-health.example,Gonçalo,Carvalho,goncalo.carvalho.0967@pinebridge-health.example,Chief Financial Officer,Finance,executive,Lisbon,Portugal,https://social.example/in/goncalo.carvalho-0967,relevant,Financial technology,340,Portugal,website,2026-06-06,2026-08-26
con_0968,acc_087,Pinebridge Health,pinebridge-health.example,Carolina,Gonçalves,carolina.goncalves.0968@pinebridge-health.example,Chief Information Officer,IT,executive,Lisbon,Portugal,https://social.example/in/carolina.goncalves-0968,priority,Financial technology,340,Portugal,event,2026-06-19,2026-07-03
con_0969,acc_088,Quartzline Advisory,quartzline-advisory.example,Venla,Heikkinen,venla.heikkinen.0969@quartzline-advisory.example,Executive Assistant,General Management,individual_contributor,Helsinki,Finland,https://social.example/in/venla.heikkinen-0969,not_target,Financial technology,1800,Finland,referral,2026-07-02,2026-07-08
con_0970,acc_088,Quartzline Advisory,quartzline-advisory.example,Oliver,Korhonen,oliver.korhonen.0970@quartzline-advisory.example,Product Operations Manager,Product Operations,manager,Helsinki,Finland,https://social.example/in/oliver.korhonen-0970,relevant,Financial technology,1800,Finland,partner,2026-07-15,2026-07-13
con_0971,acc_088,Quartzline Advisory,quartzline-advisory.example,Sofia,Heinonen,sofia.heinonen.0971@quartzline-advisory.example,Chief Financial Officer,Finance,executive,Helsinki,Finland,https://social.example/in/sofia.heinonen-0971,relevant,Financial technology,1800,Finland,import,2026-07-28,2026-07-18
con_0972,acc_088,Quartzline Advisory,quartzline-advisory.example,Iida,Laine,iida.laine.0972@quartzline-advisory.example,Chief Information Officer,IT,executive,Helsinki,Finland,https://social.example/in/iida.laine-0972,priority,Financial technology,1800,Finland,outbound_research,2026-08-10,2026-07-23
con_0973,acc_088,Quartzline Advisory,quartzline-advisory.example,Emil,Mattila,emil.mattila.0973@quartzline-advisory.example,VP Engineering,Engineering,vp,Helsinki,Finland,https://social.example/in/emil.mattila-0973,priority,Financial technology,1800,Finland,website,2026-08-23,2026-07-28
con_0974,acc_088,Quartzline Advisory,quartzline-advisory.example,Venla,Salminen,venla.salminen.0974@quartzline-advisory.example,Head of Risk,Risk,director,Helsinki,Finland,https://social.example/in/venla.salminen-0974,relevant,Financial technology,1800,Finland,event,2026-05-13,2026-08-02
con_0975,acc_088,Quartzline Advisory,quartzline-advisory.example,Oliver,Hämäläinen,oliver.hamalainen.0975@quartzline-advisory.example,Revenue Operations Director,RevOps,director,Helsinki,Finland,https://social.example/in/oliver.hamalainen-0975,priority,Financial technology,1800,Finland,referral,2026-05-26,2026-08-07
con_0976,acc_088,Quartzline Advisory,quartzline-advisory.example,Sofia,Karjalainen,sofia.karjalainen.0976@quartzline-advisory.example,Product Operations Manager,Product Operations,manager,Helsinki,Finland,https://social.example/in/sofia.karjalainen-0976,relevant,Financial technology,1800,Finland,partner,2026-06-08,2026-08-12
con_0977,acc_088,Quartzline Advisory,quartzline-advisory.example,Iida,Saarinen,iida.saarinen.0977@quartzline-advisory.example,Chief Financial Officer,Finance,executive,Helsinki,Finland,https://social.example/in/iida.saarinen-0977,relevant,Financial technology,1800,Finland,import,2026-06-21,2026-08-17
con_0978,acc_088,Quartzline Advisory,quartzline-advisory.example,Emil,Mäkelä,emil.makela.0978@quartzline-advisory.example,Chief Information Officer,IT,executive,Helsinki,Finland,https://social.example/in/emil.makela-0978,priority,Financial technology,1800,Finland,outbound_research,2026-07-04,2026-08-22
con_0979,acc_088,Quartzline Advisory,quartzline-advisory.example,Venla,Tuominen,venla.tuominen.0979@quartzline-advisory.example,VP Engineering,Engineering,vp,Helsinki,Finland,https://social.example/in/venla.tuominen-0979,priority,Financial technology,1800,Finland,website,2026-07-17,2026-08-27
con_0980,acc_088,Quartzline Advisory,quartzline-advisory.example,Oliver,Lehtonen,oliver.lehtonen.0980@quartzline-advisory.example,Executive Assistant,General Management,individual_contributor,Helsinki,Finland,https://social.example/in/oliver.lehtonen-0980,not_target,Financial technology,1800,Finland,event,2026-07-30,2026-07-04
con_0981,acc_089,Riverstone Analytics,riverstone-analytics.example,Oliver,Jones,oliver.jones.0981@riverstone-analytics.example,Demand Generation Director,Marketing,director,Austin,United States,https://social.example/in/oliver.jones-0981,relevant,Cybersecurity,7,United States,referral,2026-08-12,2026-07-09
con_0982,acc_089,Riverstone Analytics,riverstone-analytics.example,Ava,Moore,ava.moore.0982@riverstone-analytics.example,Solutions Engineering Manager,Solutions Engineering,manager,Austin,United States,https://social.example/in/ava.moore-0982,relevant,Cybersecurity,7,United States,partner,2026-05-02,2026-07-14
con_0983,acc_089,Riverstone Analytics,riverstone-analytics.example,Evelyn,Hernandez,evelyn.hernandez.0983@riverstone-analytics.example,Chief Information Security Officer,Security,executive,Austin,United States,https://social.example/in/evelyn.hernandez-0983,priority,Cybersecurity,7,United States,import,2026-05-15,2026-07-19
con_0984,acc_089,Riverstone Analytics,riverstone-analytics.example,Henry,Brown,henry.brown.0984@riverstone-analytics.example,VP Engineering,Engineering,vp,Austin,United States,https://social.example/in/henry.brown-0984,priority,Cybersecurity,7,United States,outbound_research,2026-05-28,2026-07-24
con_0985,acc_089,Riverstone Analytics,riverstone-analytics.example,Isabella,Taylor,isabella.taylor.0985@riverstone-analytics.example,IT Security Manager,Security,manager,Austin,United States,https://social.example/in/isabella.taylor-0985,priority,Cybersecurity,7,United States,website,2026-06-10,2026-07-29
con_0986,acc_089,Riverstone Analytics,riverstone-analytics.example,Oliver,Martinez,oliver.martinez.0986@riverstone-analytics.example,Head of Product,Product,director,Austin,United States,https://social.example/in/oliver.martinez-0986,relevant,Cybersecurity,7,United States,event,2026-06-23,2026-08-03
con_0987,acc_089,Riverstone Analytics,riverstone-analytics.example,Ava,Williams,ava.williams.0987@riverstone-analytics.example,Demand Generation Director,Marketing,director,Austin,United States,https://social.example/in/ava.williams-0987,relevant,Cybersecurity,7,United States,referral,2026-07-06,2026-08-08
con_0988,acc_089,Riverstone Analytics,riverstone-analytics.example,Evelyn,Thomas,evelyn.thomas.0988@riverstone-analytics.example,Solutions Engineering Manager,Solutions Engineering,manager,Austin,United States,https://social.example/in/evelyn.thomas-0988,relevant,Cybersecurity,7,United States,partner,2026-07-19,2026-08-13
con_0989,acc_089,Riverstone Analytics,riverstone-analytics.example,Henry,Rodriguez,henry.rodriguez.0989@riverstone-analytics.example,Chief Information Security Officer,Security,executive,Austin,United States,https://social.example/in/henry.rodriguez-0989,priority,Cybersecurity,7,United States,import,2026-08-01,2026-08-18
con_0990,acc_090,Silvergrove Labs,silvergrove-labs.example,Mathieu,Leroy,mathieu.leroy.0990@silvergrove-labs.example,Solutions Engineering Manager,Solutions Engineering,manager,Lyon,France,https://social.example/in/mathieu.leroy-0990,relevant,Cybersecurity,120,France,outbound_research,2026-08-14,2026-08-23
con_0991,acc_090,Silvergrove Labs,silvergrove-labs.example,Chloé,Martin,chloe.martin.0991@silvergrove-labs.example,Chief Information Security Officer,Security,executive,Lyon,France,https://social.example/in/chloe.martin-0991,priority,Cybersecurity,120,France,website,2026-05-04,2026-08-28
con_0992,acc_090,Silvergrove Labs,silvergrove-labs.example,Baptiste,Garcia,baptiste.garcia.0992@silvergrove-labs.example,VP Engineering,Engineering,vp,Lyon,France,https://social.example/in/baptiste.garcia-0992,priority,Cybersecurity,120,France,event,2026-05-17,2026-07-05
con_0993,acc_090,Silvergrove Labs,silvergrove-labs.example,Inès,Durand,ines.durand.0993@silvergrove-labs.example,IT Security Manager,Security,manager,Lyon,France,https://social.example/in/ines.durand-0993,priority,Cybersecurity,120,France,referral,2026-05-30,2026-07-10
con_0994,acc_090,Silvergrove Labs,silvergrove-labs.example,Hugo,Bernard,hugo.bernard.0994@silvergrove-labs.example,Head of Product,Product,director,Lyon,France,https://social.example/in/hugo.bernard-0994,relevant,Cybersecurity,120,France,partner,2026-06-12,2026-07-15
con_0995,acc_090,Silvergrove Labs,silvergrove-labs.example,Mathieu,Michel,mathieu.michel.0995@silvergrove-labs.example,Demand Generation Director,Marketing,director,Lyon,France,https://social.example/in/mathieu.michel-0995,relevant,Cybersecurity,120,France,import,2026-06-25,2026-07-20
con_0996,acc_090,Silvergrove Labs,silvergrove-labs.example,Chloé,Petit,chloe.petit.0996@silvergrove-labs.example,Solutions Engineering Manager,Solutions Engineering,manager,Lyon,France,https://social.example/in/chloe.petit-0996,relevant,Cybersecurity,120,France,outbound_research,2026-07-08,2026-07-25
con_0997,acc_090,Silvergrove Labs,silvergrove-labs.example,Baptiste,Fournier,baptiste.fournier.0997@silvergrove-labs.example,Chief Information Security Officer,Security,executive,Lyon,France,https://social.example/in/baptiste.fournier-0997,priority,Cybersecurity,120,France,website,2026-07-21,2026-07-30
con_0998,acc_090,Silvergrove Labs,silvergrove-labs.example,Inès,Lefebvre,ines.lefebvre.0998@silvergrove-labs.example,VP Engineering,Engineering,vp,Lyon,France,https://social.example/in/ines.lefebvre-0998,priority,Cybersecurity,120,France,event,2026-08-03,2026-08-04
con_0999,acc_090,Silvergrove Labs,silvergrove-labs.example,Hugo,Richard,hugo.richard.0999@silvergrove-labs.example,IT Security Manager,Security,manager,Lyon,France,https://social.example/in/hugo.richard-0999,priority,Cybersecurity,120,France,referral,2026-08-16,2026-08-09
con_1000,acc_090,Silvergrove Labs,silvergrove-labs.example,Mathieu,Vincent,mathieu.vincent.1000@silvergrove-labs.example,Executive Assistant,General Management,individual_contributor,Lyon,France,https://social.example/in/mathieu.vincent-1000,not_target,Cybersecurity,120,France,partner,2026-05-06,2026-08-14
